id,medicament_id,nom_substance
1,1,ranibizumab
2,2,immunoglobulines humaines anti-CMV
3,3,toxine botulinique type A
4,4,mirdamétinib
5,5,sufentanil citrate
6,6,Ézétimibe
7,6,Simvastatine
8,6,ézétimibe
9,6,simvastatine
10,7,Ézétimibe
11,7,Simvastatine
12,7,ézétimibe
13,7,simvastatine
14,8,Ézétimibe
15,8,Simvastatine
16,8,ézétimibe
17,8,simvastatine
18,9,Ézétimibe
19,9,ézétimibe
20,10,Ézétimibe
21,10,Simvastatine
22,10,ézétimibe
23,10,simvastatine
24,11,Ézétimibe
25,11,Simvastatine
26,11,ézétimibe
27,11,simvastatine
28,12,Ézétimibe
29,12,Simvastatine
30,12,ézétimibe
31,12,simvastatine
32,13,Ézétimibe
33,13,Simvastatine
34,13,ézétimibe
35,13,simvastatine
36,14,Ézétimibe
37,14,Simvastatine
38,14,ézétimibe
39,14,simvastatine
40,15,Ézétimibe
41,15,Simvastatine
42,15,ézétimibe
43,15,simvastatine
44,16,Ézétimibe
45,16,Simvastatine
46,16,ézétimibe
47,16,simvastatine
48,17,Ézétimibe
49,17,Simvastatine
50,17,ézétimibe
51,17,simvastatine
52,18,Ézétimibe
53,18,Simvastatine
54,18,ézétimibe
55,18,simvastatine
56,19,Ézétimibe
57,19,Simvastatine
58,19,ézétimibe
59,19,simvastatine
60,20,Ézétimibe
61,20,Atorvastatine
62,20,ézétimibe
63,20,atorvastatine calcique trihydrate
64,21,Ézétimibe
65,21,Atorvastatine
66,21,ézétimibe
67,21,atorvastatine calcique trihydrate
68,22,Ézétimibe
69,22,Atorvastatine
70,22,ézétimibe
71,22,atorvastatine calcique trihydrate
72,23,Ézétimibe
73,23,Simvastatine
74,23,ézétimibe
75,23,simvastatine
76,24,Ézétimibe
77,24,Simvastatine
78,24,ézétimibe
79,24,simvastatine
80,25,ézétimibe
81,25,atorvastatine calcique trihydrate
82,26,Ézétimibe
83,26,Atorvastatine
84,26,ézétimibe
85,26,atorvastatine calcique trihydrate
86,27,Ézétimibe
87,27,Atorvastatine
88,27,ézétimibe
89,27,atorvastatine calcique trihydrate
90,28,Ézétimibe
91,28,Atorvastatine
92,28,ézétimibe
93,28,atorvastatine calcique trihydrate
94,29,Ézétimibe
95,29,Atorvastatine
96,29,ézétimibe
97,29,atorvastatine calcique trihydrate
98,30,Ézétimibe
99,30,ézétimibe
100,31,Ézétimibe
101,31,ézétimibe
102,32,Ézétimibe
103,32,ézétimibe
104,33,Ézétimibe
105,33,ézétimibe
106,34,Ézétimibe
107,34,ézétimibe
108,35,Ézétimibe
109,35,ézétimibe
110,36,Ézétimibe
111,36,ézétimibe
112,37,Ézétimibe
113,37,ézétimibe
114,38,Ézétimibe
115,38,ézétimibe
116,39,Ézétimibe
117,39,ézétimibe
118,40,Ézétimibe
119,40,ézétimibe
120,41,Ézétimibe
121,41,ézétimibe
122,42,Ézétimibe
123,42,ézétimibe
124,43,Ézétimibe
125,43,ézétimibe
126,44,ézétimibe
127,45,icodextrine
128,45,sodium chlorure
129,45,sodium lactate
130,45,calcium chlorure
131,45,magnésium chlorure
132,46,Bromélaïnes
133,46,bromélaïnes
134,47,aflibercept
135,48,Bétahistine mésilate
136,48,bétahistine mésilate
137,49,Aflibercept
138,49,aflibercept
139,50,Ofloxacine
140,50,ofloxacine
141,51,Interféron bêta-1 b
142,51,interféron bêta-1b recombinant
143,52,Benzathine benzylpénicilline
144,52,benzathine benzylpénicilline enrobée
145,53,Acétylcystéine
146,53,acétylcystéine
147,54,Exémestane
148,54,exémestane
149,55,Amlodipine
150,55,Valsartan
151,55,amlodipine bésilate
152,55,valsartan
153,56,amlodipine bésilate
154,56,valsartan
155,56,hydrochlorothiazide
156,57,déférasirox
157,58,Exémestane
158,58,exémestane
159,59,Exémestane
160,59,exémestane
161,60,Exémestane
162,60,exémestane
163,61,Exémestane
164,61,exémestane
165,62,Exémestane
166,62,exémestane
167,63,Exémestane
168,63,exémestane
169,64,Exémestane
170,64,exémestane
171,65,Exémestane
172,65,exémestane
173,66,Exémestane
174,66,exémestane
175,67,Exémestane
176,67,exémestane
177,68,Exémestane
178,68,exémestane
179,69,céfépime chlorhydrate monohydrate
180,69,enmétazobactam
181,70,Acide tranexamique
182,70,acide tranexamique
183,71,Cibenzoline
184,71,cibenzoline succinate
185,72,Rivastigmine
186,72,rivastigmine
187,72,rivastigmine hydrogénotartrate
188,73,tixagévimab
189,73,cilgavimab
190,74,risdiplam
191,75,roxadustat
192,76,Norelgestromine
193,76,Éthinylestradiol
194,76,norelgestromine
195,76,éthinylestradiol
196,77,clofarabine
197,78,évinacumab
198,79,Emtricitabine
199,79,Rilpivirine
200,79,Ténofovir disoproxil
201,79,emtricitabine
202,79,rilpivirine chlorhydrate
203,79,ténofovir disoproxil fumarate
204,80,protéine humaine coagulable contenant principalement du fibrinogène et de la fibronectine
205,80,thrombine humaine
206,81,Raloxifène chlorhydrate
207,81,raloxifène chlorhydrate
208,82,évérolimus
209,83,Évérolimus
210,83,évérolimus
211,84,Évérolimus
212,84,évérolimus
213,85,Évérolimus
214,85,évérolimus
215,86,Évérolimus
216,86,évérolimus
217,87,Cyprotérone acétate
218,87,Éthinylestradiol
219,87,cyprotérone acétate
220,87,éthinylestradiol
221,88,Évérolimus
222,88,évérolimus
223,89,Évérolimus
224,89,évérolimus
225,90,Évérolimus
226,90,évérolimus
227,91,Évérolimus
228,91,évérolimus
229,92,Éthinylestradiol
230,92,Lévonorgestrel
231,92,lévonorgestrel
232,92,éthinylestradiol
233,93,Romosozumab
234,93,romosozumab
235,94,Liothyronine sodique (L-T3)
236,94,Lévothyroxine sodique (L-T4)
237,94,lévothyroxine sodique
238,94,liothyronine
239,95,lévothyroxine sodique
240,96,lévothyroxine sodique
241,97,Pirétanide
242,97,pirétanide
243,98,Crotamiton
244,98,crotamiton
245,99,Pipéraquine tétraphosphate
246,99,Arténimol
247,99,pipéraquine tétraphosphate tétrahydrate
248,99,arténimol
249,100,"Pancréas de porc, poudre"
250,100,pancréas d'origine porcine poudre
251,101,"Valériane, extrait"
252,101,"Passiflore, extrait"
253,101,"Aubépine, extrait"
254,101,"Ballote, extrait"
255,101,valériane extrait sec hydroalcoolique
256,101,passiflore extrait sec hydroalcoolique
257,101,aubépine extrait sec aqueux
258,101,ballote extrait sec
259,102,Euphrasia officinalis 2 DH
260,102,Aconitum napellus 4 DH
261,102,Dulcamara 4 DH
262,102,Belladonna 4 DH
263,102,Apis mellifica 4 DH
264,102,Mercurius solubilis 8 DH
265,102,Arsenicum album 5 DH
266,102,Euphrasia officinalis [H]
267,102,aconitum napellus [H]
268,102,solanum dulcamara [H]
269,102,belladonna [H]
270,102,apis mellifica [H]
271,102,capsicum annuum [H]
272,102,mercurius solubilis [H]
273,102,arsenicum album [H]
274,103,Urapidil
275,103,urapidil chlorhydrate
276,103,urapidil
277,104,Euphrasia officinalis 3 DH.
278,104,euphrasia [H]
279,105,Terpine
280,105,"Pin, huile essentielle"
281,105,"Niaouli, huille essentielle"
282,105,"Eucalyptus, huile essentielle"
283,105,terpine
284,105,pin de Sibérie essence
285,105,niaouli essence reconstituée
286,105,eucalyptus essence
287,106,Euphorbia resinifera 4 DH
288,106,Mezereum 4 DH
289,106,Petroleum 4 DH
290,106,Arsenicum iodatum 6 DH
291,106,Rhus toxicodendron 4 DH
292,106,Berberis aquifolium 1 DH
293,106,Nitricum acidum 4 DH
294,106,Anacardium orientale 6 DH
295,106,Natrum salicylicum 4 DH
296,106,euphorbia [H]
297,106,mezereum [H]
298,106,petroleum [H]
299,106,arsenicum iodatum [H]
300,106,rhus toxicodendron [H]
301,106,berberis aquifolium [H]
302,106,acidum nitricum [H]
303,106,anacardium orientale [H]
304,106,natrum salicylicum [H]
305,107,Pantoprazole
306,107,pantoprazole sel de Na sesquihydrate
307,108,"Érysimum, extrait sec"
308,108,erysimum partie aérienne fleurie extrait sec
309,108,erysimum extrait sec aqueux
310,108,codéine
311,109,Fractions flavonoïques purifiées
312,109,fraction flavonoïque purifiée micronisée
313,110,Vildagliptine
314,110,Metformine chlorhydrate
315,110,vildagliptine
316,110,metformine chlorhydrate
317,111,Étoricoxib
318,111,étoricoxib
319,112,Éthinylestradiol
320,112,Étonogestrel
321,112,éthinylestradiol
322,112,étonogestrel
323,113,Étoricoxib
324,113,étoricoxib
325,114,étoposide
326,115,Étoricoxib
327,115,étoricoxib
328,116,Étoricoxib
329,116,étoricoxib
330,117,Étoricoxib
331,117,étoricoxib
332,118,Étoricoxib
333,118,étoricoxib
334,119,étoposide
335,120,étoposide
336,121,étoposide
337,122,étoposide phosphate
338,123,Éthinylestradiol
339,123,Étonogestrel
340,123,étonogestrel
341,123,éthinylestradiol
342,124,Naftazone
343,124,naftazone
344,125,étiléfrine chlorhydrate
345,126,étomidate
346,127,Étifoxine chlorhydrate
347,127,étifoxine chlorhydrate
348,128,Éthinylestradiol
349,128,éthinylestradiol
350,129,Éthinylestradiol
351,129,Étonogestrel
352,129,éthinylestradiol
353,129,étonogestrel
354,130,Éthinylestradiol
355,130,Drospirénone
356,130,éthinylestradiol
357,130,drospirénone
358,131,éthinylestradiol
359,131,étonogestrel
360,132,Éthinylestradiol
361,132,Drospirénone
362,132,éthinylestradiol
363,132,drospirénone
364,133,Éthinylestradiol
365,133,Drospirénone
366,133,éthinylestradiol
367,133,drospirénone
368,134,Éthinylestradiol
369,134,Drospirénone
370,134,éthinylestradiol
371,134,drospirénone
372,135,Éthinylestradiol
373,135,Drospirénone
374,135,éthinylestradiol
375,135,drospirénone
376,136,éther éthylique
377,137,Éthinylestradiol
378,137,Drospirénone
379,137,éthinylestradiol
380,137,drospirénone
381,138,Éthinylestradiol
382,138,Drospirénone
383,138,éthinylestradiol
384,138,drospirénone
385,139,éther éthylique
386,140,bamlanivimab
387,140,étésévimab
388,141,Dexaméthasone phosphate
389,141,dexaméthasone phosphate sodique
390,142,fluorure stanneux
391,142,médronate de sodium
392,143,fluoroestradiol 18F
393,144,Estradiol hémihydraté
394,144,estradiol hémihydrate
395,145,Estradiol
396,145,estradiol hémihydrate
397,146,Estradiol hémihydraté
398,146,estradiol hémihydrate
399,147,Estradiol
400,147,estradiol hémihydrate
401,148,estradiol hémihydrate
402,149,Esters éthyliques d'acides oméga-3 à 90 %
403,149,esters éthyliques d'acides oméga 3
404,150,Cinéole (eucalyptol)
405,150,Menthol
406,150,Gaïacol
407,150,cinéole
408,150,lévomenthol
409,150,gaïacol
410,151,Estramustine phosphate
411,151,estramustine phosphate disodique monohydrate
412,152,Éthinylestradiol
413,152,Drospirénone
414,152,drospirénone
415,152,éthinylestradiol
416,153,Progestérone
417,153,progestérone
418,154,Disulfirame
419,154,disulfirame
420,155,Ésoméprazole
421,155,ésoméprazole magnésium dihydrate
422,156,Ésoméprazole
423,156,oméprazole sodique
424,156,ésoméprazole magnésium dihydrate
425,157,Ésoméprazole
426,157,ésoméprazole magnésium dihydrate
427,158,Ésoméprazole
428,158,ésoméprazole magnésium dihydrate
429,159,ésoméprazole sodique
430,160,ésoméprazole sodique
431,161,ésoméprazole sodique
432,162,Ésoméprazole
433,162,ésoméprazole sodique
434,163,Ésoméprazole
435,163,ésoméprazole magnésium dihydrate
436,164,ésoméprazole sodique
437,165,Ésoméprazole
438,165,ésoméprazole magnésium dihydrate
439,166,Ésoméprazole
440,166,ésoméprazole magnésium dihydrate
441,167,Ésoméprazole
442,167,ésoméprazole magnésium dihydrate
443,168,Ésoméprazole
444,168,ésoméprazole magnésium dihydrate
445,169,Ésoméprazole
446,169,ésoméprazole magnésium dihydrate
447,170,Ésoméprazole
448,170,ésoméprazole magnésium
449,171,Ésoméprazole
450,171,ésoméprazole magnésium dihydrate
451,172,Ésoméprazole
452,172,ésoméprazole magnésium dihydrate
453,173,Ésoméprazole
454,173,ésoméprazole magnésium dihydrate
455,174,Ésoméprazole
456,174,ésoméprazole magnésium dihydrate
457,175,Ésoméprazole
458,175,ésoméprazole sodique
459,176,Ésoméprazole
460,176,ésoméprazole sodique
461,177,Ésoméprazole
462,177,ésoméprazole magnésium dihydrate
463,178,esmolol chlorhydrate
464,179,Ésoméprazole
465,179,ésoméprazole sodique
466,180,Ésoméprazole
467,180,ésoméprazole magnésium dihydrate
468,181,rocuronium bromure
469,182,Eslicarbazépine
470,182,eslicarbazépine acétate
471,183,eskétamine chlorhydrate
472,184,albendazole
473,185,eskétamine chlorhydrate
474,186,Hydrochlorothiazide
475,186,hydrochlorothiazide
476,187,Escitalopram
477,187,escitalopram oxalate
478,188,Escitalopram
479,188,escitalopram oxalate
480,189,Escitalopram
481,189,escitalopram oxalate
482,190,Escitalopram
483,190,escitalopram oxalate
484,191,escitalopram oxalate
485,192,Escitalopram
486,192,escitalopram oxalate
487,193,Escitalopram
488,193,escitalopram oxalate
489,194,Escitalopram
490,194,escitalopram oxalate
491,195,Escitalopram
492,195,escitalopram oxalate
493,196,Escitalopram
494,196,escitalopram oxalate
495,197,Escitalopram
496,197,escitalopram oxalate
497,198,Escitalopram
498,198,escitalopram oxalate
499,199,Escitalopram
500,199,escitalopram oxalate
501,200,"Eschscholtzia, teinture mère"
502,200,eschscholtzia californica teinture mère [H]
503,201,Escitalopram
504,201,escitalopram oxalate
505,202,Rutoside
506,202,"Mélilot, extrait"
507,202,rutoside
508,202,mélilot extrait sec aqueux
509,202,coumarine
510,203,Érythromycine
511,203,érythromycine
512,204,Érythromycine
513,204,érythromycine
514,205,érythromycine lactobionate
515,206,pirfénidone
516,207,Dexpanthénol (vitamine B5)
517,207,dexpanthénol
518,208,Diénogest
519,208,diénogest
520,209,Érythromycine
521,209,érythromycine
522,210,érythromycine lactobionate
523,211,Trétinoïne
524,211,Érythromycine
525,211,érythromycine
526,211,trétinoïne
527,212,ertapénem
528,213,ertapénem sodique
529,214,crisantaspase
530,215,Érythromycine
531,215,érythromycine propionate
532,215,érythromycine éthylsuccinate
533,216,ertapénem sodique
534,217,ertapénem sodique
535,218,Erlotinib
536,218,erlotinib chlorhydrate
537,219,Erlotinib
538,219,erlotinib chlorhydrate
539,220,Erlotinib
540,220,erlotinib chlorhydrate
541,221,Erlotinib
542,221,erlotinib chlorhydrate
543,222,Erlotinib
544,222,erlotinib chlorhydrate
545,223,Erlotinib
546,223,erlotinib chlorhydrate
547,224,éribuline mésilate
548,225,éribuline mésilate
549,226,Apalutamide
550,226,apalutamide
551,227,vismodégib
552,228,Erlotinib
553,228,erlotinib chlorhydrate
554,229,éribuline mésilate
555,230,éribuline mésilate
556,231,cétuximab
557,233,Étanercept
558,233,étanercept
559,234,facteur von Willebrand humain
560,234,facteur VIII humain
561,235,Docosanol
562,235,docosanol
563,236,éculizumab
564,237,eptifibatide
565,238,Calcium carbonate
566,238,Colécalciférol (vitamine D3)
567,238,calcium carbonate
568,238,colécalciférol
569,239,Époétine thêta
570,239,époétine thêta
571,240,Époétine alfa
572,240,époétine alfa
573,241,Éplérénone
574,241,éplérénone
575,242,Éplérénone
576,242,éplérénone
577,243,éplérénone
578,244,Éplérénone
579,244,éplérénone
580,245,Éplérénone
581,245,éplérénone
582,246,Éplérénone
583,246,éplérénone
584,247,Éplérénone
585,247,éplérénone
586,248,Éplérénone
587,248,éplérénone
588,249,éplérénone
589,250,Éplérénone
590,250,éplérénone
591,251,Éplérénone
592,251,éplérénone
593,252,Éplérénone
594,252,éplérénone
595,253,Éplérénone
596,253,éplérénone
597,254,épirubicine chlorhydrate
598,255,Difluprednate
599,255,difluprednate
600,256,épirubicine chlorhydrate
601,257,Topiramate
602,257,topiramate
603,258,Lamivudine
604,258,lamivudine
605,259,épirubicine chlorhydrate
606,260,épirubicine chlorhydrate
607,261,épirubicine chlorhydrate
608,262,épirubicine chlorhydrate
609,263,Épinéphrine (ou adrénaline)
610,263,adrénaline
611,264,cannabidiol
612,265,Trinitrine
613,265,trinitrine
614,266,Adapalène
615,266,Peroxyde de benzoyle
616,266,adapalène
617,266,peroxyde de benzoyle
618,267,éphédrine chlorhydrate
619,268,éphédrine chlorhydrate
620,269,épcoritamab
621,270,éphédrine chlorhydrate
622,271,éphédrine chlorhydrate
623,272,phénytoïne
624,273,Éosine disodique
625,273,éosine disodique
626,274,Éosine disodique
627,274,éosine disodique
628,275,Sofosbuvir
629,275,Velpatasvir
630,275,sofosbuvir
631,275,velpatasvir
632,277,Valsartan
633,277,sacubitril
634,277,valsartan
635,278,Védolizumab
636,278,védolizumab
637,279,tacrolimus monohydrate
638,280,protoxyde d'azote
639,280,oxygène
640,281,Budésonide micronisé
641,281,budésonide
642,282,Entécavir
643,282,entécavir monohydrate
644,283,Entécavir
645,283,entécavir monohydrate
646,284,Entécavir
647,284,entécavir monohydrate
648,285,entécavir monohydrate
649,286,Entécavir
650,286,entécavir monohydrate
651,287,Entécavir
652,287,entécavir monohydrate
653,288,Entécavir
654,288,entécavir monohydrate
655,289,Entécavir
656,289,entécavir monohydrate
657,290,Entécavir
658,290,entécavir monohydrate
659,291,entécavir monohydrate
660,292,Entécavir
661,292,entécavir monohydrate
662,293,Entécavir
663,293,entécavir monohydrate
664,294,Entécavir
665,294,entécavir monohydrate
666,295,Diclofénac de diéthylamine
667,295,diclofénac diéthylamine
668,296,Entacapone
669,296,entacapone
670,297,Entacapone
671,297,entacapone
672,298,Calcipotriol
673,298,Bétaméthasone
674,298,calcipotriol monohydrate
675,298,bétaméthasone dipropionate
676,299,satralizumab
677,300,crisantaspase
678,301,énoxaparine sodique
679,302,énoxaparine sodique
680,303,énoxaparine sodique
681,304,énoxaparine sodique
682,305,Énoxaparine sodique
683,305,énoxaparine sodique
684,306,Énoxaparine sodique
685,306,énoxaparine sodique
686,307,Énoxaparine sodique
687,307,énoxaparine sodique
688,308,Énoxaparine sodique
689,308,énoxaparine sodique
690,309,sutimlimab
691,310,Énoxaparine sodique
692,310,énoxaparine sodique
693,311,trastuzumab déruxtécan
694,312,Indacatérol acétate
695,312,Glycopyrronium bromure
696,312,Mométasone furoate
697,312,indacatérol acétate
698,312,glycopyrronium bromure
699,312,mométasone furoate
700,313,Antigène de l'hépatite B
701,313,antigène de surface du virus de l'hépatite B
702,314,Cyclophosphamide
703,314,cyclophosphamide monohydrate
704,315,Diénogest
705,315,diénogest
706,316,Calendula TM
707,316,Helonias dioica 3 DH
708,316,Hydrastis canadensis 3 DH
709,316,calendula [H]
710,316,helonias dioica [H]
711,316,hydrastis canadensis [H]
712,318,"Pépins de raisin, extrait purifié standardisé en oligomères procyanidoliques"
713,318,raisin pépin extrait purifié
714,319,lutécium-177 chlorure
715,320,Clindamycine
716,320,Peroxyde de benzoyle
717,320,clindamycine phosphate
718,320,peroxyde de benzoyle hydrate
719,321,Virus de l'encéphalite à tiques (souche K23)
720,321,virus de l'encéphalite à tiques inactivé souche K23
721,322,Énalapril maléate
722,322,Lercanidipine chlorhydrate
723,322,énalapril maléate
724,322,lercanidipine chlorhydrate
725,323,Leuproréline
726,323,leuproréline acétate
727,324,Étanercept
728,324,étanercept
729,325,Énalapril maléate
730,325,Lercanidipine chlorhydrate
731,325,énalapril maléate
732,325,lercanidipine chlorhydrate
733,326,Énalapril maléate
734,326,Lercanidipine chlorhydrate
735,326,énalapril maléate
736,326,lercanidipine chlorhydrate
737,327,Énalapril maléate
738,327,Lercanidipine chlorhydrate
739,327,énalapril maléate
740,327,lercanidipine chlorhydrate
741,328,Énalapril maléate
742,328,Lercanidipine chlorhydrate
743,328,énalapril maléate
744,328,lercanidipine chlorhydrate
745,329,Énalapril maléate
746,329,Lercanidipine chlorhydrate
747,329,énalapril maléate
748,329,lercanidipine chlorhydrate
749,330,Énalapril maléate
750,330,Lercanidipine chlorhydrate
751,330,énalapril maléate
752,330,lercanidipine chlorhydrate
753,331,Énalapril maléate
754,331,Lercanidipine chlorhydrate
755,331,énalapril maléate
756,331,lercanidipine chlorhydrate
757,332,Énalapril maléate
758,332,Lercanidipine chlorhydrate
759,332,énalapril maléate
760,332,lercanidipine chlorhydrate
761,333,Énalapril maléate
762,333,Hydrochlorothiazide
763,333,énalapril maléate
764,333,hydrochlorothiazide
765,334,Énalapril maléate
766,334,Hydrochlorothiazide
767,334,énalapril maléate
768,334,hydrochlorothiazide
769,335,Énalapril maléate
770,335,Hydrochlorothiazide
771,335,énalapril maléate
772,335,hydrochlorothiazide
773,336,Énalapril maléate
774,336,Hydrochlorothiazide
775,336,énalapril maléate
776,336,hydrochlorothiazide
777,337,énalapril maléate
778,337,hydrochlorothiazide
779,338,Énalapril maléate
780,338,Hydrochlorothiazide
781,338,énalapril maléate
782,338,hydrochlorothiazide
783,339,Énalapril maléate
784,339,Hydrochlorothiazide
785,339,énalapril maléate
786,339,hydrochlorothiazide
787,340,Énalapril maléate
788,340,Hydrochlorothiazide
789,340,énalapril maléate
790,340,hydrochlorothiazide
791,341,Énalapril maléate
792,341,énalapril maléate
793,342,Énalapril maléate
794,342,énalapril maléate
795,343,Énalapril maléate
796,343,énalapril maléate
797,344,Énalapril maléate
798,344,énalapril maléate
799,345,Énalapril maléate
800,345,énalapril maléate
801,346,Énalapril maléate
802,346,énalapril maléate
803,347,Énalapril maléate
804,347,énalapril maléate
805,348,Énalapril maléate
806,348,énalapril maléate
807,349,énalapril maléate
808,350,riluzole
809,351,Emtricitabine
810,351,Ténofovir disoproxil
811,351,emtricitabine
812,351,ténofovir disoproxil fumarate
813,352,Emtricitabine
814,352,Ténofovir disoproxil
815,352,emtricitabine
816,352,ténofovir disoproxil fumarate
817,353,Emtricitabine
818,353,Ténofovir disoproxil
819,353,emtricitabine
820,353,ténofovir disoproxil phosphate
821,354,Emtricitabine
822,354,emtricitabine
823,355,emtricitabine
824,355,ténofovir disoproxil phosphate
825,356,Emtricitabine
826,356,Ténofovir disoproxil
827,356,emtricitabine
828,356,ténofovir disoproxil
829,357,Emtricitabine
830,357,Ténofovir disoproxil
831,357,emtricitabine
832,357,ténofovir disoproxil maléate
833,358,emtricitabine
834,358,ténofovir disoproxil succinate
835,359,Emtricitabine
836,359,Ténofovir disoproxil
837,359,emtricitabine
838,359,ténofovir disoproxil succinate
839,360,Emtricitabine
840,360,Ténofovir disoproxil
841,360,emtricitabine
842,360,ténofovir disoproxil succinate
843,361,Emtricitabine
844,361,Ténofovir disoproxil
845,361,emtricitabine
846,361,ténofovir disoproxil succinate
847,362,Emtricitabine
848,362,Ténofovir disoproxil
849,362,emtricitabine
850,362,ténofovir disoproxil fumarate
851,363,Emtricitabine
852,363,Ténofovir disoproxil
853,363,emtricitabine
854,363,ténofovir disoproxil fumarate
855,364,sélégiline
856,365,Lidocaïne
857,365,Prilocaïne
858,365,lidocaïne
859,365,prilocaïne
860,366,Lidocaïne
861,366,Prilocaïne
862,366,lidocaïne
863,366,prilocaïne
864,367,Galcanézumab
865,367,galcanézumab
866,368,Aprépitant
867,368,aprépitant
868,369,Épinéphrine (ou adrénaline)
869,369,adrénaline tartrate
870,370,aztréonam
871,370,avibactam sodique
872,371,tiratricol
873,372,lévofolinate de calcium
874,374,"Vigne rouge, extrait sec"
875,374,vigne rouge extrait sec
876,375,"Valériane, extrait sec de racines"
877,375,valériane racine extrait sec
878,376,"Reine des prés, extrait de sommité fleurie"
879,376,reine des prés sommité fleurie extrait sec
880,377,"Passiflore, extrait sec"
881,377,passiflore partie aérienne extrait sec
882,378,"Ortie, extrait de partie aérienne"
883,378,ortie dioïque partie aérienne extrait sec aqueux
884,379,"Millepertuis, extrait sec de sommité fleurie"
885,379,millepertuis extrait sec de sommité fleurie
886,380,"Marronnier d'Inde, extrait d'écorce"
887,380,marronnier d'Inde écorce extrait sec aqueux
888,381,"Harpagophytum, extrait sec de racine"
889,381,harpagophyton extrait sec
890,382,"Fumeterre, extrait de partie aérienne fleurie"
891,382,fumeterre partie aérienne fleurie extrait sec
892,383,"Petit houx, extrait sec"
893,383,fragon rhizome extrait sec
894,384,"Eschscholtzia, extrait de parties aériennes"
895,384,eschscholtzia partie aérienne fleurie extrait sec aqueux
896,385,"Busserole, extrait de feuille"
897,385,busserole feuille extrait sec aqueux
898,386,"Grande bardane, extrait sec"
899,386,grande bardane extrait sec hydroalcoolique
900,387,Chlorhexidine digluconate solution
901,387,Chlorobutanol hémihydrate
902,387,chlorhexidine gluconate
903,387,chlorobutanol hémihydrate
904,388,Chlorhexidine digluconate
905,388,chlorhexidine gluconate solution
906,389,"Aubépine, extrait de sommité fleurie"
907,389,aubépine sommité fleurie extrait sec
908,390,Chlorhexidine digluconate solution
909,390,Chlorobutanol hémihydrate
910,390,chlorhexidine gluconate
911,390,tétracaïne chlorhydrate
912,390,chlorobutanol hémihydrate
913,391,gadopiclénol
914,392,eltrombopag olamine
915,393,eltrombopag olamine
916,394,eltrombopag olamine
917,395,eltrombopag olamine
918,396,eltrombopag olamine
919,397,eltrombopag olamine
920,398,eltrombopag olamine
921,399,Mitoxantrone
922,399,mitoxantrone chlorhydrate
923,400,elranatamab
924,401,elranatamab
925,402,lévamisole
926,403,pentosane polysulfate sodique
927,404,efmoroctocog alfa
928,405,Corifollitropine alfa
929,405,corifollitropine alfa
930,406,Ulipristal acétate
931,406,ulipristal acétate
932,408,Leuproréline acétate
933,408,leuproréline acétate
934,409,Apixaban
935,409,apixaban
936,410,Élétriptan
937,410,élétriptan bromhydrate
938,411,Élétriptan
939,411,élétriptan bromhydrate
940,412,Élétriptan
941,412,élétriptan bromhydrate
942,413,élétriptan bromhydrate
943,414,Élétriptan
944,414,élétriptan bromhydrate monohydrate
945,415,vindésine sulfate
946,416,Élétriptan
947,416,élétriptan bromhydrate
948,417,Élétriptan
949,417,élétriptan bromhydrate
950,418,Fluticasone furoate
951,418,Uméclidinium bromure
952,418,Vilantérol
953,418,fluticasone furoate
954,418,uméclidinium bromure
955,418,vilantérol trifénatate
956,419,Élétriptan
957,419,élétriptan bromhydrate
958,420,Amitriptyline chlorhydrate
959,420,amitriptyline chlorhydrate
960,421,idursulfase
961,422,mirvétuximab soravtansine
962,424,Triclabendazole
963,424,triclabendazole
964,425,Prasugrel
965,425,prasugrel chlorhydrate
966,426,Fluoro-uracil
967,426,fluorouracil
968,427,Étiléfrine chlorhydrate
969,427,étiléfrine chlorhydrate
970,428,Zinc gluconate
971,428,zinc gluconate
972,429,2 souches de virus grippaux inactivés de type A (H1N1 et H3N2) et 1 souche de virus grippaux inactivés de type B
973,429,virus grippal inactivé fragmenté trivalent
974,429,"virus grippal inactivé, fragmenté"
975,430,Hydrocortisone acéponate
976,430,hydrocortisone acéponate
977,431,Venlafaxine
978,431,venlafaxine chlorhydrate
979,432,Paracétamol
980,432,paracétamol
981,433,Paracétamol
982,433,Acide ascorbique (vitamine C)
983,433,paracétamol
984,433,acide ascorbique
985,434,fludésoxyglucose 18F
986,435,Trétinoïne
987,435,trétinoïne
988,436,Fentanyl
989,436,fentanyl citrate
990,437,Paracétamol
991,437,paracétamol
992,438,Éfavirenz
993,438,Emtricitabine
994,438,Ténofovir disoproxil
995,438,efavirenz
996,438,emtricitabine
997,438,ténofovir disoproxil phosphate
998,439,Éfavirenz
999,439,Emtricitabine
1000,439,Ténofovir disoproxil
1001,439,efavirenz
1002,439,emtricitabine
1003,439,ténofovir disoproxil phosphate
1004,440,Éfavirenz
1005,440,Emtricitabine
1006,440,Ténofovir disoproxil
1007,440,efavirenz
1008,440,emtricitabine
1009,440,ténofovir disoproxil succinate
1010,441,Éfavirenz
1011,441,Emtricitabine
1012,441,Ténofovir disoproxil
1013,441,efavirenz
1014,441,emtricitabine
1015,441,ténofovir disoproxil maléate
1016,442,Éfavirenz
1017,442,Emtricitabine
1018,442,Ténofovir disoproxil
1019,442,efavirenz
1020,442,emtricitabine
1021,442,ténofovir disoproxil succinate
1022,443,Éfavirenz
1023,443,Emtricitabine
1024,443,Ténofovir disoproxil
1025,443,efavirenz
1026,443,emtricitabine
1027,443,ténofovir disoproxil succinate
1028,444,Éfavirenz
1029,444,Emtricitabine
1030,444,Ténofovir disoproxil
1031,444,efavirenz
1032,444,emtricitabine
1033,444,ténofovir disoproxil succinate
1034,445,efavirenz
1035,445,emtricitabine
1036,445,ténofovir disoproxil fumarate
1037,446,Éfavirenz
1038,446,Emtricitabine
1039,446,Ténofovir disoproxil
1040,446,efavirenz
1041,446,emtricitabine
1042,446,ténofovir disoproxil fumarate
1043,447,Éfavirenz
1044,447,efavirenz
1045,448,Éfavirenz
1046,448,efavirenz
1047,449,Éfavirenz
1048,449,efavirenz
1049,450,Rilpivirine
1050,450,rilpivirine chlorhydrate
1051,451,Éfavirenz
1052,451,efavirenz
1053,452,Tartrate acide de potassium
1054,452,Bicarbonate de sodium
1055,452,potassium tartrate acide
1056,452,bicarbonate de sodium
1057,453,édrophonium chlorure
1058,454,Éconazole nitrate
1059,454,éconazole nitrate
1060,455,Éconazole nitrate
1061,455,éconazole nitrate
1062,457,Alprostadil
1063,457,alprostadil alfadex
1064,458,Éconazole nitrate
1065,458,éconazole nitrate
1066,459,Éconazole nitrate
1067,459,éconazole nitrate
1068,460,Éconazole nitrate
1069,460,éconazole nitrate
1070,461,Éconazole nitrate
1071,461,éconazole nitrate
1072,462,Éconazole nitrate
1073,462,éconazole nitrate
1074,463,Éconazole nitrate
1075,463,éconazole nitrate
1076,464,Éconazole nitrate
1077,464,éconazole nitrate
1078,465,Béclométasone dipropionate
1079,465,béclométasone dipropionate
1080,466,Éconazole nitrate
1081,466,éconazole nitrate
1082,467,"Echinacea Purpurea, jus pressé déshydraté de parties aériennes fleuries"
1083,467,echinacea purpurea partie aérienne fleurie
1084,468,echinacea angustifolia [H]
1085,469,Bimatoprost
1086,469,Timolol
1087,469,bimatoprost
1088,469,timolol maléate
1089,470,anidulafungine
1090,471,tabélecleucel
1091,472,Mémantine chlorhydrate
1092,472,mémantine chlorhydrate
1093,473,Oseltamivir
1094,473,oséltamivir phosphate
1095,474,Ébastine
1096,474,ébastine
1097,475,Lébrikinumab
1098,475,lébrikizumab
1099,476,Ébastine
1100,476,ébastine
1101,477,Ébastine
1102,477,ébastine
1103,478,Ébastine
1104,478,ébastine
1105,479,Ébastine
1106,479,ébastine
1107,480,Ébastine
1108,480,ébastine
1109,481,Ébastine
1110,481,ébastine
1111,482,Ébastine
1112,482,ébastine
1113,483,Ébastine
1114,483,ébastine
1115,484,eau ppi
1116,485,eau ppi
1117,486,eau ppi
1118,487,Ébastine
1119,487,ébastine
1120,488,eau ppi
1121,489,eau ppi
1122,490,eau ppi
1123,491,eau ppi
1124,492,eau ppi
1125,493,Peroxyde d'hydrogène (eau oxygénée)
1126,493,hydrogène peroxyde
1127,494,Peroxyde d'hydrogène (eau oxygénée)
1128,494,hydrogène peroxyde
1129,495,Peroxyde d'hydrogène (eau oxygénée)
1130,495,hydrogène peroxyde
1131,496,Térazosine
1132,496,térazosine chlorhydrate dihydrate
1133,497,toxine botulinique type A
1134,498,Lidocaïne chlorhydrate
1135,498,lidocaïne chlorhydrate
1136,499,parécoxib sodique
1137,500,Lidocaïne chlorhydrate
1138,500,lidocaïne chlorhydrate
1139,501,Azélastine chlorhydrate
1140,501,Fluticasone propionate
1141,501,azélastine chlorhydrate
1142,501,fluticasone propionate
1143,502,Dutastéride
1144,502,Tamsulosine
1145,502,dutastéride
1146,502,tamsulosine chlorhydrate
1147,503,Dutastéride
1148,503,Tamsulosine
1149,503,dutastéride
1150,503,tamsulosine chlorhydrate
1151,504,Dutastéride
1152,504,Tamsulosine
1153,504,dutastéride
1154,504,tamsulosine chlorhydrate
1155,505,Dutastéride
1156,505,Tamsulosine
1157,505,dutastéride
1158,505,tamsulosine chlorhydrate
1159,506,Dutastéride
1160,506,Tamsulosine
1161,506,dutastéride
1162,506,tamsulosine chlorhydrate
1163,507,Dutastéride
1164,507,Tamsulosine
1165,507,dutastéride
1166,507,tamsulosine chlorhydrate
1167,508,Dutastéride
1168,508,Tamsulosine
1169,508,dutastéride
1170,508,tamsulosine chlorhydrate
1171,509,Dutastéride
1172,509,dutastéride
1173,510,Dutastéride
1174,510,dutastéride
1175,511,Dutastéride
1176,511,Tamsulosine
1177,511,dutastéride
1178,511,tamsulosine chlorhydrate
1179,512,Dutastéride
1180,512,dutastéride
1181,513,Dutastéride
1182,513,dutastéride
1183,514,dutastéride
1184,515,Dutastéride
1185,515,dutastéride
1186,516,Dutastéride
1187,516,dutastéride
1188,517,Dutastéride
1189,517,dutastéride
1190,518,Dutastéride
1191,518,dutastéride
1192,519,Dutastéride
1193,519,dutastéride
1194,520,Dutastéride
1195,520,dutastéride
1196,521,Dutastéride
1197,521,dutastéride
1198,522,Dutastéride
1199,522,dutastéride
1200,523,Mébévérine chlorhydrate
1201,523,mébévérine chlorhydrate
1202,524,Dydrogestérone
1203,524,dydrogestérone
1204,525,Dupilumab
1205,525,dupilumab
1206,526,Fluorure de sodium
1207,526,fluorure de sodium
1208,527,Fentanyl
1209,527,fentanyl
1210,528,Clopidogrel
1211,528,Acide acétylsalicylique (aspirine)
1212,528,clopidogrel hydrogénosulfate
1213,528,acide acétylsalicylique
1214,529,Travoprost
1215,529,Timolol
1216,529,travoprost
1217,529,timolol maléate
1218,530,Budésonide
1219,530,Formotérol fumarate
1220,530,budésonide
1221,530,formotérol fumarate dihydrate
1222,531,Estradiol valérate
1223,531,Médroxyprogestérone acétate
1224,531,estradiol valérate
1225,531,médroxyprogestérone acétate
1226,532,Lactulose (fructose + galactose)
1227,532,lactulose
1228,533,Lévodopa
1229,533,Carbidopa
1230,533,lévodopa
1231,533,carbidopa monohydrate
1232,534,Duloxétine
1233,534,duloxétine chlorhydrate
1234,535,Acide salicylique
1235,535,Acide lactique
1236,535,acide salicylique
1237,535,acide lactique
1238,536,Duloxétine
1239,536,duloxétine chlorhydrate
1240,537,Duloxétine
1241,537,duloxétine chlorhydrate
1242,538,Duloxétine
1243,538,duloxétine chlorhydrate
1244,539,Duloxétine
1245,539,duloxétine chlorhydrate
1246,540,Duloxétine
1247,540,duloxétine chlorhydrate
1248,541,Duloxétine
1249,541,duloxétine chlorhydrate
1250,542,Duloxétine
1251,542,duloxétine chlorhydrate
1252,543,Duloxétine
1253,543,duloxétine chlorhydrate
1254,544,Duloxétine
1255,544,duloxétine chlorhydrate
1256,545,Duloxétine
1257,545,duloxétine chlorhydrate
1258,546,Duloxétine
1259,546,duloxétine chlorhydrate
1260,547,Povidone
1261,547,povidone
1262,548,Vibrions cholériques de sérogroupe O1
1263,548,Toxine cholérique recombinante
1264,548,"Vibrio cholerae O1 Inaba, biotype classique"
1265,548,"Vibrio cholerae O1 Inaba, biotype El Tor"
1266,548,"Vibrio cholerae O1 Ogawa, biotype classique"
1267,548,toxine cholérique recombinante sous-unité B
1268,549,Bisacodyl
1269,549,bisacodyl
1270,550,Dexaméthasone
1271,550,Lévofloxacine
1272,550,dexaméthasone phosphate sodique
1273,550,lévofloxacine hémihydrate
1274,551,Dorzolamide
1275,551,Timolol
1276,551,dorzolamide chlorhydrate
1277,551,timolol maléate
1278,552,Estétrol
1279,552,Drospirénone
1280,552,drospirénone
1281,552,estétrol monohydrate
1282,553,Éthinylestradiol
1283,553,Drospirénone
1284,553,drospirénone
1285,553,éthinylestradiol
1286,554,Éthinylestradiol
1287,554,Drospirénone
1288,554,drospirénone
1289,554,éthinylestradiol
1290,555,Éthinylestradiol
1291,555,Drospirénone
1292,555,éthinylestradiol
1293,555,drospirénone
1294,556,arnica montana [H]
1295,556,belladonna [H]
1296,556,artemisia cina [H]
1297,556,coccus cacti [H]
1298,556,corallium rubrum [H]
1299,556,cuprum metallicum [H]
1300,556,drosera [H]
1301,556,ferrum phosphoricum [H]
1302,556,ipéca [H]
1303,556,solidago virga aurea [H]
1304,557,opium teinture
1305,558,Drosera 2 DH
1306,558,Ipeca 4 DH
1307,558,Thymus vulgaris 3 DH
1308,558,Cuprum aceticum 4 DH
1309,558,Pulsatilla 3 DH
1310,558,Lobelia inflata 3 DH
1311,558,Belladonna 3 DH
1312,558,Viola odorata TM
1313,558,Coccus cacti 3 DH
1314,558,Veratrum album 8 DH
1315,558,drosera [H]
1316,558,ipéca [H]
1317,558,thymus vulgaris [H]
1318,558,cuprum aceticum [H]
1319,558,anemone pulsatilla [H]
1320,558,lobelia inflata [H]
1321,558,belladonna [H]
1322,558,viola odorata [H]
1323,558,coccus cacti [H]
1324,558,veratrum album [H]
1325,559,dropéridol
1326,560,dropéridol
1327,561,drosera rotundifolia [H]
1328,561,arnica montana [H]
1329,561,belladonna [H]
1330,561,artemisia cina [H]
1331,561,coccus cacti [H]
1332,561,corallium rubrum [H]
1333,561,cuprum metallicum [H]
1334,561,ferrum phosphoricum [H]
1335,561,ipéca [H]
1336,561,solidago virga aurea [H]
1337,562,dropéridol
1338,563,dropéridol
1339,564,dropéridol
1340,565,dronabinol
1341,566,dropéridol
1342,567,"Bourdaine, extrait hydroalcoolique sec"
1343,567,"Cascara, extrait hydroalcoolique sec"
1344,567,"Fucus, extrait aqueux sec"
1345,567,bourdaine extrait sec hydroalcoolique
1346,567,cascara extrait sec hydroalcoolique
1347,567,fucus extrait sec aqueux
1348,568,Oxybutynine chlorhydrate
1349,568,oxybutynine chlorhydrate
1350,569,Cétirizine dichlorhydrate
1351,569,cétirizine dichlorhydrate
1352,570,acide ursodésoxycholique
1353,571,Chlorhexidine digluconate
1354,571,Tétracaïne chlorhydrate
1355,571,chlorhexidine gluconate solution
1356,571,tétracaïne chlorhydrate
1357,571,chlorhexidine gluconate
1358,572,Doxycycline
1359,572,doxycycline monohydrate
1360,573,Doxycycline
1361,573,doxycycline monohydrate
1362,574,Doxylamine hydrogénosuccinate
1363,574,doxylamine succinate
1364,575,Doxylamine hydrogénosuccinate
1365,575,doxylamine succinate
1366,576,Doxylamine hydrogénosuccinate
1367,576,doxylamine succinate
1368,577,Doxylamine hydrogénosuccinate
1369,577,doxylamine succinate
1370,578,Doxylamine hydrogénosuccinate
1371,578,doxylamine succinate
1372,579,Doxylamine hydrogénosuccinate
1373,579,doxylamine succinate
1374,580,Doxylamine hydrogénosuccinate
1375,580,doxylamine succinate
1376,581,Doxylamine hydrogénosuccinate
1377,581,doxylamine succinate
1378,582,Doxylamine hydrogénosuccinate
1379,582,doxylamine succinate
1380,583,Doxycycline
1381,583,doxycycline monohydrate
1382,584,Doxycycline
1383,584,doxycycline monohydrate
1384,585,doxycycline monohydrate
1385,586,Doxycycline
1386,586,doxycycline monohydrate
1387,587,Doxycycline
1388,587,doxycycline hyclate
1389,588,Doxycycline
1390,588,doxycycline hyclate
1391,589,doxorubicine chlorhydrate
1392,590,doxorubicine chlorhydrate
1393,591,Doxycycline anhydre
1394,591,doxycycline hyclate
1395,592,doxorubicine chlorhydrate
1396,593,Calcium dobésilate
1397,593,calcium dobésilate
1398,594,Doxazosine
1399,594,doxazosine mésilate
1400,595,Doxazosine
1401,595,doxazosine mésilate
1402,596,Doxazosine
1403,596,doxazosine mésilate
1404,597,Doxazosine
1405,597,doxazosine mésilate
1406,598,prétomanid
1407,599,Dolutégravir
1408,599,Lamivudine
1409,599,dolutégravir sodique
1410,599,lamivudine
1411,600,Cabergoline
1412,600,cabergoline
1413,601,acide gadotérique
1414,602,dostarlimab
1415,603,Dorzolamide
1416,603,Timolol
1417,603,dorzolamide chlorhydrate
1418,603,timolol maléate
1419,604,Dorzolamide
1420,604,Timolol
1421,604,dorzolamide chlorhydrate
1422,604,timolol maléate
1423,605,Peroxyde d'hydrogène (eau oxygénée)
1424,605,hydrogène peroxyde
1425,606,Chlorhexidine gluconate
1426,606,chlorhexidine gluconate
1427,607,Dorzolamide
1428,607,Timolol
1429,607,dorzolamide chlorhydrate
1430,607,timolol maléate
1431,608,Dorzolamide
1432,608,Timolol
1433,608,dorzolamide chlorhydrate
1434,608,timolol maléate
1435,609,Dorzolamide
1436,609,Timolol
1437,609,dorzolamide chlorhydrate
1438,609,timolol maléate
1439,610,Dorzolamide
1440,610,Timolol
1441,610,dorzolamide chlorhydrate
1442,610,timolol maléate
1443,611,Dorzolamide
1444,611,dorzolamide chlorhydrate
1445,612,Dorzolamide
1446,612,dorzolamide chlorhydrate
1447,613,Dorzolamide
1448,613,dorzolamide chlorhydrate
1449,614,Dorzolamide
1450,614,dorzolamide chlorhydrate
1451,615,Dorzolamide
1452,615,dorzolamide chlorhydrate
1453,616,"Valériane, extrait sec de racine"
1454,616,"Mélisse, extrait sec de feuille"
1455,616,"Passiflore, extrait sec de parties aériennes"
1456,616,valériane racine extrait sec hydroalcoolique
1457,616,mélisse feuille extrait sec hydroalcoolique
1458,616,passiflore partie aérienne extrait sec hydroalcoolique
1459,617,doripénem
1460,618,doxapram chlorhydrate
1461,619,droxidopa
1462,620,fluorodopa 18F
1463,621,fluorodopa 18F
1464,622,Donépézil chlorhydrate
1465,622,donépézil chlorhydrate
1466,623,apomorphine chlorhydrate hémihydrate
1467,624,dopamine chlorhydrate
1468,625,Doxylamine succinate
1469,625,doxylamine succinate
1470,626,Donépézil chlorhydrate
1471,626,donépézil chlorhydrate
1472,627,Donépézil chlorhydrate
1473,627,donépézil chlorhydrate
1474,628,Donépézil chlorhydrate
1475,628,donépézil chlorhydrate monohydrate
1476,628,donépézil chlorhydrate
1477,629,Donépézil chlorhydrate
1478,629,donépézil chlorhydrate
1479,630,Donépézil chlorhydrate
1480,630,donépézil chlorhydrate
1481,631,Donépézil chlorhydrate
1482,631,donépézil chlorhydrate
1483,632,donépézil chlorhydrate
1484,633,Donépézil chlorhydrate
1485,633,donépézil chlorhydrate
1486,634,Donépézil chlorhydrate
1487,634,donépézil chlorhydrate monohydrate
1488,635,Lévonorgestrel
1489,635,lévonorgestrel
1490,636,Dompéridone
1491,636,dompéridone
1492,637,Dompéridone
1493,637,dompéridone
1494,638,Dompéridone
1495,638,dompéridone
1496,639,Dompéridone
1497,639,dompéridone
1498,640,Dompéridone
1499,640,dompéridone
1500,641,Dompéridone
1501,641,dompéridone
1502,642,Dompéridone
1503,642,dompéridone
1504,643,Argentum metallicum 19 DH
1505,643,Belladonna 3 DH
1506,643,Chamomilla vulgaris radix décocté 2 DH
1507,643,Echinacea angustifolia TM
1508,643,Gelsemium sempervirens décocté 4 DH
1509,643,argentum metallicum [H]
1510,643,belladonna [H]
1511,643,chamomilla vulgaris [H]
1512,643,echinacea angustifolia [H]
1513,643,gelsemium sempervirens [H]
1514,644,Dompéridone
1515,644,dompéridone
1516,645,Dompéridone
1517,645,dompéridone
1518,646,Alvérine citrate
1519,646,Siméticone
1520,646,alvérine citrate
1521,646,siméticone
1522,647,Amyléine chlorhydrate
1523,647,amyléine chlorhydrate
1524,648,Paracétamol
1525,648,Pseudoéphédrine chlorhydrate
1526,648,Doxylamine succinate
1527,648,paracétamol
1528,648,pseudoéphédrine chlorhydrate
1529,648,doxylamine succinate
1530,649,"Harpagophyton, extrait sec"
1531,649,harpagophyton racine extrait sec
1532,650,Paracétamol
1533,650,paracétamol
1534,651,Pseudoéphédrine chlorhydrate
1535,651,Paracétamol
1536,651,paracétamol
1537,651,pseudoéphédrine chlorhydrate
1538,652,Paracétamol
1539,652,Acide ascorbique (vitamine C)
1540,652,paracétamol
1541,652,acide ascorbique
1542,653,Paracétamol
1543,653,paracétamol
1544,654,Paracétamol
1545,654,paracétamol
1546,655,Paracétamol
1547,655,paracétamol
1548,656,Paracétamol
1549,656,paracétamol
1550,657,Glucosamine
1551,657,glucosamine sulfate de chlorure de sodium
1552,658,Sulpiride
1553,658,sulpiride
1554,659,Paracétamol
1555,659,paracétamol
1556,660,docétaxel
1557,661,docétaxel
1558,662,docétaxel
1559,663,docétaxel
1560,664,Hydroxocobalamine acétate
1561,664,hydroxocobalamine acétate
1562,665,dobutamine chlorhydrate
1563,666,dobutamine chlorhydrate
1564,667,dobutamine chlorhydrate
1565,668,dobutamine chlorhydrate
1566,669,dobutamine chlorhydrate
1567,670,Estradiol valérate
1568,670,Médroxyprogestérone acétate
1569,670,estradiol valérate
1570,670,médroxyprogestérone acétate
1571,671,Paroxétine
1572,671,paroxétine mésilate
1573,672,Oxybutynine chlorhydrate
1574,672,oxybutynine chlorhydrate
1575,673,Dapsone
1576,673,Oxalate de fer
1577,673,dapsone
1578,673,fer oxalate
1579,674,Divalproate de sodium
1580,674,valproate semisodique
1581,675,Bétaméthasone dipropionate
1582,675,Bétaméthasone phosphate disodique
1583,675,bétaméthasone dipropionate
1584,675,bétaméthasone phosphate disodique
1585,676,Bétaméthasone
1586,676,Acide salicylique
1587,676,bétaméthasone dipropionate
1588,676,acide salicylique
1589,677,Trinitrine
1590,677,trinitrine
1591,678,Bétaméthasone
1592,678,bétaméthasone dipropionate micronisé
1593,678,bétaméthasone dipropionate
1594,679,Bétaméthasone
1595,679,bétaméthasone dipropionate micronisé
1596,681,immunoglobuline équine anti-diphtérique
1597,682,Pipampérone
1598,682,pipampérone dichlorhydrate
1599,683,propofol
1600,684,n(2)-L-alanyl-L-glutamine
1601,685,Phénytoïne sodique
1602,685,phénytoïne sodique
1603,686,Diosmine
1604,686,diosmine
1605,687,Diosmine
1606,687,diosmine
1607,688,Olsalazine sodique
1608,688,olsalazine sodique
1609,689,Diosmine
1610,689,diosmine
1611,690,Diosmine
1612,690,diosmine
1613,691,Diosmine
1614,691,diosmine
1615,692,Diosmine
1616,692,diosmine
1617,693,Diosmine
1618,693,diosmine
1619,694,Diosmine
1620,694,diosmine
1621,695,Diosmine
1622,695,diosmine
1623,696,Diosmine
1624,696,diosmine
1625,697,Diosmectite
1626,697,diosmectite
1627,698,Diénogest
1628,698,diénogest
1629,699,diméthyle fumarate
1630,700,diméthyle fumarate
1631,701,diméthyle fumarate
1632,702,diméthyle fumarate
1633,703,diméthyle fumarate
1634,704,diméthyle fumarate
1635,705,diméthyle fumarate
1636,706,diméthyle fumarate
1637,707,diméthyle fumarate
1638,708,Pholcodine
1639,708,pholcodine
1640,710,Diltiazem chlorhydrate
1641,710,diltiazem chlorhydrate
1642,711,diméthyle fumarate
1643,712,diméthyle fumarate
1644,713,diltiazem chlorhydrate
1645,714,Diltiazem chlorhydrate
1646,714,diltiazem chlorhydrate
1647,715,Diltiazem chlorhydrate
1648,715,diltiazem chlorhydrate
1649,716,Diltiazem chlorhydrate
1650,716,diltiazem chlorhydrate
1651,717,Diltiazem chlorhydrate
1652,717,diltiazem chlorhydrate
1653,718,Diltiazem chlorhydrate
1654,718,diltiazem chlorhydrate
1655,719,Théophylline
1656,719,théophylline
1657,719,théophylline sodium acétate
1658,720,Diltiazem chlorhydrate
1659,720,diltiazem chlorhydrate
1660,721,Diltiazem chlorhydrate
1661,721,diltiazem chlorhydrate
1662,722,phénytoïne sodique
1663,723,Phénytoïne
1664,723,phénytoïne
1665,724,Aspidium filix-mas 1 DH
1666,724,Polypodium vulgare 1 DH
1667,724,Scolopendrium officinale 1 DH
1668,724,Salix alba 1 DH
1669,724,Salix viminalis 1 DH
1670,724,Salix vitellina 1 DH
1671,724,filix mas folium [H]
1672,724,polypodium vulgare folium [H]
1673,724,scolopendrium officinale folium [H]
1674,724,salix alba folium [H]
1675,724,salix viminalis folium [H]
1676,724,salix vitellina folium [H]
1677,725,immunoglobulines antidigitaliques ovines (fragments Fab)
1678,726,Digoxine
1679,726,digoxine
1680,727,Sulfate de sodium
1681,727,Dihydrogénophosphate du sodium
1682,727,sodium sulfate
1683,727,phosphate monosodique
1684,728,"Myrtille, extrait anthocyanosidique"
1685,728,Alpha-tocophérol (Vitamine E)
1686,728,myrtille extrait anthocyanosidique
1687,728,alpha-tocophérol acétate
1688,729,"Myrtille, extrait anthocyanosidique"
1689,729,Bêta-carotène
1690,729,myrtille extrait anthocyanosidique
1691,729,bêta-carotène
1692,730,fidaxomicine
1693,731,Chlorure de potassium (micro-encapsulé)
1694,731,potassium chlorure microencapsulé
1695,732,Dihydroergotamine mésilate
1696,732,dihydroergotamine mésilate
1697,733,Diénogest
1698,733,diénogest
1699,734,Adapalène
1700,734,adapalène
1701,736,Étamsylate
1702,736,étamsylate
1703,737,Dihydrocodéine tartrate
1704,737,dihydrocodéine tartrate
1705,738,Diclofénac de diéthylamine
1706,738,diclofénac diéthylamine
1707,739,Diclofénac de diéthylamine
1708,739,diclofénac diéthylamine
1709,740,Diclofénac de diéthylamine
1710,740,diclofénac diéthylamine
1711,741,Diclofénac de diéthylamine
1712,741,diclofénac diéthylamine
1713,742,Diclofénac épolamine exprimé en diclofénac de sodium
1714,742,diclofénac diéthylamine
1715,742,diclofénac épolamine
1716,743,Diclofénac sodique
1717,743,diclofénac diéthylamine
1718,743,diclofénac sodique
1719,744,Diclofénac de diéthylamine
1720,744,diclofénac diéthylamine
1721,745,Diclofénac de diéthylamine
1722,745,diclofénac diéthylamine
1723,746,Diclofénac sodique
1724,746,diclofénac diéthylamine
1725,746,diclofénac sodique
1726,747,Diclofénac sodique
1727,747,diclofénac diéthylamine
1728,747,diclofénac sodique
1729,748,Diclofénac de diéthylamine
1730,748,diclofénac diéthylamine
1731,749,Diclofénac de diéthylamine
1732,749,diclofénac diéthylamine
1733,750,Diclofénac sodique
1734,750,diclofénac diéthylamine
1735,750,diclofénac sodique
1736,751,diclofénac sodique
1737,752,Diclofénac de diéthylamine
1738,752,diclofénac diéthylamine
1739,753,Diclofénac sodique
1740,753,diclofénac diéthylamine
1741,753,diclofénac sodique
1742,754,Diclofénac de diéthylamine
1743,754,diclofénac diéthylamine
1744,755,"Diclofénac, sel de sodium"
1745,755,diclofénac diéthylamine
1746,755,diclofénac sodique
1747,756,Diclofénac diéthylamine
1748,756,diclofénac diéthylamine
1749,757,Diclofénac de diéthylamine
1750,757,diclofénac diéthylamine
1751,758,Diclofénac de diéthylamine
1752,758,diclofénac diéthylamine
1753,759,Diclofénac de diéthylamine
1754,759,diclofénac diéthylamine
1755,760,"Diclofénac, sel de sodium"
1756,760,diclofénac diéthylamine
1757,760,diclofénac sodique
1758,761,diazépam
1759,762,Diazépam
1760,762,diazépam
1761,763,Pinavérium bromure
1762,763,pinavérium bromure
1763,764,Lopéramide chlorhydrate
1764,764,lopéramide chlorhydrate
1765,765,Chlorhexidine digluconate
1766,765,chlorhexidine gluconate solution
1767,766,Diazépam
1768,766,diazépam
1769,767,diazépam
1770,768,Racécadotril
1771,768,racécadotril
1772,769,arsenicum album [H]
1773,769,cinchona succirubra [H]
1774,769,podophyllum peltatum [H]
1775,770,Lopéramide chlorhydrate
1776,770,lopéramide chlorhydrate
1777,771,Acétazolamide
1778,771,acétazolamide
1779,772,Cyprotérone acétate
1780,772,Éthinylestradiol micronisé
1781,772,cyprotérone acétate
1782,772,éthinylestradiol
1783,773,glucose monohydrate
1784,773,sodium chlorure
1785,773,calcium chlorure dihydrate
1786,773,magnésium chlorure hexahydrate
1787,773,sodium lactate
1788,774,Taraxacum pulvis
1789,774,Berberis D3
1790,774,Juglans regia pulvis
1791,774,Millefolium D2
1792,774,Myrtillus pulvis
1793,774,Erythrea centaurium pulvis
1794,774,Natrum phosphoricum D3
1795,774,taraxacum pulvérisé [H]
1796,774,berberis vulgaris [H]
1797,774,juglans regia pulvérisé [H]
1798,774,achillea millefolium [H]
1799,774,vaccinium myrtillus fol pulvérisé [H]
1800,774,erythrea centaurium pulvérisé [H]
1801,774,natrum phosphoricum [H]
1802,775,stiripentol
1803,776,sodium chlorure
1804,776,calcium chlorure dihydrate
1805,776,magnésium chlorure hexahydrate
1806,776,sodium lactate
1807,776,glucose anhydre
1808,776,glucose monohydrate
1809,776,sodium
1810,776,calcium
1811,776,magnésium
1812,776,chlorure
1813,776,lactate
1814,776,glucose
1815,777,Gliclazide
1816,777,gliclazide
1817,778,Diacéréine
1818,778,diacéréine
1819,779,Diacéréine
1820,779,diacéréine
1821,780,Diacéréine
1822,780,diacéréine
1823,781,Aceticum acidum 6 DH
1824,781,Helonias dioica 5 DH
1825,781,Lacticum acidum 5 DH
1826,781,Phosphoricum acidum 4 DH
1827,781,Syzygium jambolanum 4 DH.
1828,781,Taraxacum dens leonis 4 DH
1829,781,aceticum acidum [H]
1830,781,helonias dioica [H]
1831,781,lacticum acidum [H]
1832,781,phosphoricum acidum [H]
1833,781,syzygium jambolanum [H]
1834,781,taraxacum dens leonis [H]
1835,782,Diacéréine
1836,782,diacéréine
1837,783,Dextrométhorphane bromhydrate
1838,783,dextrométhorphane bromhydrate
1839,784,glucose
1840,784,sodium chlorure
1841,784,potassium chlorure
1842,784,calcium gluconate
1843,786,Dextrométhorphane bromhydrate
1844,786,dextrométhorphane bromhydrate
1845,787,dexaméthasone phosphate
1846,787,dexaméthasone
1847,788,Dexpanthénol (vitamine B5)
1848,788,dexpanthénol
1849,789,Dexpanthénol (vitamine B5)
1850,789,dexpanthénol
1851,790,Dexpanthénol (vitamine B5)
1852,790,dexpanthénol
1853,791,Dexpanthénol (vitamine B5)
1854,791,dexpanthénol
1855,792,Dexpanthénol (vitamine B5)
1856,792,dexpanthénol
1857,793,Dexpanthénol (vitamine B5)
1858,793,dexpanthénol
1859,794,Dexpanthénol (vitamine B5)
1860,794,dexpanthénol
1861,795,Dexaméthasone phosphate
1862,795,dexaméthasone phosphate sodique
1863,796,dexmédétomidine chlorhydrate
1864,797,dexmédétomidine chlorhydrate
1865,798,dexmédétomidine chlorhydrate
1866,799,dexmédétomidine chlorhydrate
1867,800,dexmédétomidine chlorhydrate
1868,801,dexaméthasone phosphate sodique
1869,802,dexmédétomidine chlorhydrate
1870,803,dexmédétomidine chlorhydrate
1871,804,dexaméthasone phosphate sodique
1872,805,Glycérol
1873,805,Vaseline
1874,805,Paraffine liquide
1875,805,glycérol
1876,805,vaseline
1877,805,paraffine liquide
1878,806,dexaméthasone phosphate
1879,807,dexaméthasone phosphate sodique
1880,808,dexaméthasone phosphate sodique
1881,809,Éthambutol chlorhydrate
1882,809,éthambutol chlorhydrate
1883,810,dexaméthasone phosphate sodique
1884,811,Dexaméthasone phosphate
1885,811,dexaméthasone phosphate sodique
1886,812,Toltérodine tartrate
1887,812,toltérodine L-tartrate
1888,813,dacarbazine
1889,814,Bisoprolol fumarate
1890,814,bisoprolol fumarate
1891,815,benzbromarone
1892,816,Désogestrel
1893,816,désogestrel
1894,817,Hexamidine di-isétionate
1895,817,hexamidine di-isétionate
1896,818,Désogestrel
1897,818,Ethinylestradiol
1898,818,désogestrel
1899,818,éthinylestradiol
1900,819,Éthinylestradiol
1901,819,Désogestrel
1902,819,désogestrel
1903,819,éthinylestradiol
1904,820,désogestrel
1905,821,Désogestrel
1906,821,désogestrel
1907,822,Désogestrel
1908,822,Ethinylestradiol
1909,822,désogestrel
1910,822,éthinylestradiol
1911,823,Désogestrel
1912,823,Ethinylestradiol
1913,823,désogestrel
1914,823,éthinylestradiol
1915,824,Désogestrel
1916,824,désogestrel
1917,825,Désogestrel
1918,825,désogestrel
1919,826,Désogestrel
1920,826,désogestrel
1921,827,Éthinylestradiol
1922,827,Désogestrel
1923,827,désogestrel
1924,827,éthinylestradiol
1925,828,Désogestrel
1926,828,Ethinylestradiol
1927,828,désogestrel
1928,828,éthinylestradiol
1929,829,Desmopressine
1930,829,desmopressine acétate
1931,830,Desmopressine
1932,830,desmopressine acétate
1933,831,Desmopressine
1934,831,desmopressine acétate
1935,832,Desloratadine
1936,832,desloratadine
1937,833,Desloratadine
1938,833,desloratadine
1939,834,Desmopressine
1940,834,desmopressine acétate
1941,835,Desmopressine
1942,835,desmopressine acétate
1943,836,Desloratadine
1944,836,desloratadine
1945,837,Desloratadine
1946,837,desloratadine
1947,838,Desloratadine
1948,838,desloratadine
1949,839,Desloratadine
1950,839,desloratadine
1951,840,Desloratadine
1952,840,desloratadine
1953,841,Desloratadine
1954,841,desloratadine
1955,842,Desloratadine
1956,842,desloratadine
1957,843,Desloratadine
1958,843,desloratadine
1959,844,Desloratadine
1960,844,desloratadine
1961,845,Desloratadine
1962,845,desloratadine
1963,846,Desloratadine
1964,846,desloratadine
1965,847,Desloratadine
1966,847,desloratadine
1967,848,Desloratadine
1968,848,desloratadine
1969,849,Desloratadine
1970,849,desloratadine
1971,850,Desloratadine
1972,850,desloratadine
1973,851,desflurane
1974,852,Thiosulfate de sodium (soufre)
1975,852,Thiosulfate de magnésium (soufre)
1976,852,sodium thiosulfate
1977,852,magnésium thiosulfate
1978,853,Déféroxamine
1979,853,déféroxamine mésilate
1980,854,Adapalène
1981,854,Peroxyde de benzoyle
1982,854,adapalène
1983,854,peroxyde de benzoyle
1984,855,Emtricitabine
1985,855,Ténofovir alafénamide
1986,855,emtricitabine
1987,855,ténofovir alafénamide fumarate
1988,856,Clobétasol propionate
1989,856,clobétasol propionate
1990,857,Paroxétine
1991,857,paroxétine chlorhydrate hémihydrate
1992,858,Oxyde de zinc
1993,858,Sulfate de cuivre
1994,858,cuivre sulfate pentahydrate
1995,858,zinc oxyde
1996,859,Hydrocortisone
1997,859,hydrocortisone
1998,860,Benzalkonium chlorure
1999,860,Chlorhexidine digluconate
2000,860,benzalkonium chlorure
2001,860,chlorhexidine gluconate
2002,861,Soufre précipité
2003,861,Sulfate de cuivre
2004,861,Sulfate de zinc
2005,861,soufre précipité
2006,861,cuivre sulfate
2007,861,zinc sulfate
2008,862,Pyridoxine chlorhydrate (vitamine B6)
2009,862,Alcool à 60°
2010,862,pyridoxine chlorhydrate
2011,863,Prednisolone
2012,863,Naphazoline nitrate
2013,863,prednisolone
2014,863,naphazoline nitrate
2015,864,Acide fusidique
2016,864,Bétaméthasone
2017,864,acide fusidique
2018,864,bétaméthasone valérate
2019,865,Éconazole nitrate
2020,865,éconazole nitrate
2021,866,Estradiol
2022,866,estradiol
2023,867,Estradiol
2024,867,estradiol hémihydrate
2025,868,Médroxyprogestérone acétate
2026,868,médroxyprogestérone acétate
2027,869,Méthylprednisolone acétate
2028,869,méthylprednisolone acétate
2029,870,Sélégiline chlorhydrate
2030,870,sélégiline chlorhydrate
2031,871,Médroxyprogestérone acétate
2032,871,médroxyprogestérone acétate
2033,872,Valpromide
2034,872,valpromide
2035,873,Amyléine chlorhydrate
2036,873,Lévomenthol
2037,873,amyléine chlorhydrate
2038,873,lévomenthol
2039,874,Chamomilla vulgaris 8 DH
2040,874,Chamomilla vulgaris 20 DH
2041,874,Podophyllum peltatum 6 DH
2042,874,Plantago major 4 DH
2043,874,chamomilla vulgaris [H]
2044,874,podophyllum peltatum [H]
2045,874,plantago major [H]
2046,875,Valproate de sodium
2047,875,valproate de sodium
2048,876,Divalproate de sodium
2049,876,Acide valproïque
2050,876,valproate semisodique
2051,877,Peroxyde d'hydrogène à 35% (eau oxygénée)
2052,877,hydrogène peroxyde
2053,878,Calcium carbonate
2054,878,Colécalciférol (vitamine D3)
2055,878,calcium carbonate
2056,878,colécalciférol
2057,879,virus de la dengue sérotype 1
2058,879,virus de la dengue sérotype 2
2059,879,virus de la dengue sérotype 3
2060,879,virus de la dengue sérotype 4
2061,880,Calcium carbonate
2062,880,Colécalciférol (vitamine D3)
2063,880,calcium carbonate
2064,880,colécalciférol
2065,882,déméclocycline chlorhydrate
2066,883,délamanid
2067,884,Doravirine
2068,884,Lamivudine
2069,884,Ténofovir disoproxil
2070,884,doravirine
2071,884,lamivudine
2072,884,ténofovir disoproxil fumarate
2073,885,colécalciférol
2074,886,Acide ursodésoxycholique
2075,886,acide ursodésoxycholique
2076,887,Estradiol
2077,887,estradiol hémihydrate
2078,888,Triméthoprime
2079,888,triméthoprime
2080,890,dégarélix acétate
2081,891,Prednisolone caproate
2082,891,Cinchocaïne
2083,891,prednisolone caproate
2084,891,cinchocaïne chlorhydrate
2085,892,défériprone
2086,893,défibrotide
2087,894,déférasirox
2088,895,déférasirox
2089,896,défériprone
2090,897,déférasirox
2091,898,déférasirox
2092,899,déférasirox
2093,900,déférasirox
2094,901,Calcifédiol (vitamine D3 hydroxylée)
2095,901,calcifédiol monohydrate
2096,902,zanamivir hydrate
2097,903,Dexaméthasone acétate
2098,903,dexaméthasone acétate
2099,904,Amoxapine
2100,904,amoxapine
2101,905,déférasirox
2102,906,Trimébutine maléate
2103,906,trimébutine maléate
2104,907,atracurium bésilate
2105,909,Trimébutine maléate
2106,909,trimébutine maléate
2107,909,trimébutine
2108,910,Triptoréline
2109,910,triptoréline embonate
2110,910,triptoréline
2111,912,ioflupane (123I)
2112,913,Dasatinib
2113,913,dasatinib
2114,914,Dasatinib
2115,914,dasatinib
2116,915,Dasatinib
2117,915,dasatinib
2118,916,Dasatinib
2119,916,dasatinib
2120,917,Dasatinib
2121,917,dasatinib
2122,918,Dasatinib
2123,918,dasatinib
2124,919,Dasatinib
2125,919,dasatinib
2126,920,Dasatinib
2127,920,dasatinib
2128,921,darunavir propylèneglycol
2129,922,Darunavir
2130,922,darunavir
2131,923,Darunavir
2132,923,darunavir
2133,924,Darunavir
2134,924,darunavir
2135,925,daratumumab
2136,926,Darunavir
2137,926,darunavir propylèneglycol
2138,927,Darunavir
2139,927,darunavir
2140,928,Darunavir
2141,928,darunavir
2142,929,Darunavir
2143,929,darunavir
2144,930,Darunavir
2145,930,darunavir
2146,932,daptomycine
2147,933,pyriméthamine
2148,934,daptomycine
2149,935,Darunavir
2150,935,darunavir propylèneglycol
2151,936,daptomycine
2152,937,daptomycine
2153,938,daptomycine
2154,939,daptomycine
2155,940,daptomycine
2156,942,dapsone
2157,943,daptomycine
2158,944,daptomycine
2159,945,daptomycine
2160,947,Glibenclamide
2161,947,glibenclamide
2162,948,Paracétamol
2163,948,Caféine
2164,948,paracétamol
2165,948,caféine
2166,949,Danazol
2167,949,danazol
2168,950,"Dantrolène, sel de sodium"
2169,950,dantrolène sodique
2170,952,clindamycine
2171,953,Clindamycine
2172,953,clindamycine phosphate
2173,953,clindamycine chlorhydrate hydrate
2174,954,Miconazole
2175,954,miconazole nitrate
2176,954,miconazole
2177,955,"Hypochlorite de sodium, soit Chlore actif"
2178,955,sodium hypochlorite solution concentré
2179,956,Éthinylestradiol
2180,956,Lévonorgestrel
2181,956,lévonorgestrel
2182,956,éthinylestradiol
2183,957,Calcipotriol
2184,957,Bétaméthasone
2185,957,calcipotriol monohydrate
2186,957,bétaméthasone dipropionate
2187,958,Fraction flavonoïque purifiée micronisée
2188,958,fraction flavonoïque purifiée micronisée
2189,959,Calcipotriol
2190,959,calcipotriol
2191,959,calcipotriol monohydrate
2192,960,Paracétamol
2193,960,paracétamol
2194,961,paracétamol
2195,962,Paracétamol
2196,962,paracétamol
2197,963,Paracétamol
2198,963,Codéine phosphate
2199,963,paracétamol
2200,963,codéine phosphate hémihydrate
2201,964,Acide borique
2202,964,Borate de sodium
2203,964,acide borique
2204,964,sodium borate
2205,965,Acide borique
2206,965,Borate de sodium
2207,965,sodium borate
2208,965,acide borique
2209,966,Acide borique (borax)
2210,966,Borate de sodium
2211,966,sodium borate
2212,966,acide borique
2213,967,Paracétamol
2214,967,paracétamol
2215,968,Dabigatran étexilate
2216,968,dabigatran étexilate mésilate
2217,969,dabrafénib
2218,969,dabrafénib mésilate
2219,970,dabigatran étexilate mésilate
2220,971,dacarbazine citrate
2221,972,dacarbazine citrate
2222,973,Hexamidine diisétionate
2223,973,Chlorhexidine digluconate (solution à 20 %)
2224,973,Chlorocrésol
2225,973,hexamidine di-isétionate
2226,973,chlorhexidine gluconate
2227,973,chlorocrésol
2228,974,Cytarabine
2229,974,cytarabine
2230,975,cytarabine
2231,976,Dabigatran étexilate
2232,976,dabigatran étexilate mésilate
2233,977,Dabigatran étexilate
2234,977,dabigatran étexilate mésilate
2235,979,Cystine
2236,979,Pyridoxine chlorhydrate (vitamine B6)
2237,979,L-cystine
2238,979,pyridoxine chlorhydrate
2239,980,Cystine
2240,980,Pyridoxine chlorhydrate (vitamine B6)
2241,980,L-cystine
2242,980,pyridoxine chlorhydrate
2243,981,cytarabine
2244,982,mercaptamine bitartrate
2245,983,mercaptamine chlorhydrate
2246,984,bétaïne
2247,985,ramucirumab
2248,986,Cyprotérone acétate
2249,986,cyprotérone acétate
2250,987,Cyprotérone acétate
2251,987,cyprotérone acétate
2252,988,Liothyronine sodique (L-T3)
2253,988,liothyronine sodique
2254,989,ganciclovir sodique
2255,991,cyclosérine
2256,992,cyclophosphamide monohydrate
2257,993,Duloxétine
2258,993,duloxétine chlorhydrate
2259,994,"Gattilier, extrait sec de fruit"
2260,994,gattilier extrait sec
2261,995,"Petit houx (Ruscus aculeatus), extrait sec de rhizome"
2262,995,"Mélilot, extrait fluide de parties aériennes"
2263,995,fragon rhizome extrait sec aqueux
2264,995,mélilot partie aérienne extrait fluide hydroalcoolique
2265,995,fragon extrait sec
2266,995,hespéridine méthylchalcone
2267,995,acide ascorbique
2268,996,Piroxicam bêta-cyclodextrine
2269,996,piroxicam bétadex
2270,997,cyclophosphamide monohydrate
2271,998,hydroxocobalamine
2272,999,immunoglobulines humaines normales
2273,1000,Cyamémazine
2274,1000,cyamémazine tartrate
2275,1001,Cyamémazine
2276,1001,cyamémazine tartrate
2277,1002,Cyamémazine
2278,1002,cyamémazine tartrate
2279,1003,immunoglobulines humaines normales
2280,1004,éthanol à 95 %
2281,1005,Peroxyde de benzoyle
2282,1005,peroxyde de benzoyle
2283,1006,poractant alfa
2284,1007,Peroxyde de benzoyle
2285,1007,peroxyde de benzoyle hydrate
2286,1008,trientine tétrachlorhydrate
2287,1009,daptomycine
2288,1010,burosumab
2289,1011,Isotrétinoïne
2290,1011,isotrétinoïne
2291,1012,trientine dichlorhydrate
2292,1013,Cromoglicate de sodium
2293,1013,acide cromoglicique sel de Na
2294,1014,Cromoglicate de sodium
2295,1014,acide cromoglicique sel de Na
2296,1015,noradrénaline bitartrate monohydrate
2297,1016,Cromoglycate de sodium
2298,1016,acide cromoglicique sel de Na
2299,1017,Cromoglycate de sodium
2300,1017,acide cromoglicique sel de Na
2301,1018,Cromoglycate de sodium
2302,1018,acide cromoglicique sel de Na
2303,1019,Cromoglicate de sodium
2304,1019,acide cromoglicique sel de Na
2305,1020,crizotinib
2306,1021,Cromoglicate de sodium
2307,1021,acide cromoglicique sel de Na
2308,1022,Cromoglicate de sodium
2309,1022,acide cromoglicique sel de Na
2310,1023,progestérone
2311,1024,Pancréatine obtenue à partir de poudre de pancréas de porc
2312,1024,pancréatine
2313,1025,Rosuvastatine
2314,1025,rosuvastatine calcique
2315,1026,isavuconazonium sulfate
2316,1027,Glycérine
2317,1027,glycérol
2318,1029,Crataegus oxyacantha TM
2319,1029,crataegus oxyacantha [H]
2320,1030,"Calendula, teinture mère"
2321,1030,calendula officinal [H]
2322,1031,Losartan potassique
2323,1031,losartan potassique
2324,1032,Crataegus oxyacantha TM
2325,1032,Arnica montana 2 DH
2326,1032,Aconitum napellus 4 DH
2327,1032,Nux vomica 4 DH
2328,1032,Glonoinum 8 DH
2329,1032,Cactus grandiflorus 2 DH
2330,1032,Arsenicum album 4 DH
2331,1032,Apocynum cannabinum 8 DH
2332,1032,crataegus oxyacantha [H]
2333,1032,arnica montana [H]
2334,1032,aconitum napellus [H]
2335,1032,nux vomica [H]
2336,1032,glonoinum [H]
2337,1032,cactus grandiflorus [H]
2338,1032,arsenicum album [H]
2339,1032,apocynum cannabinum [H]
2340,1033,Sulfaméthoxazole
2341,1033,Triméthoprime
2342,1033,sulfaméthoxazole
2343,1033,triméthoprime
2344,1034,Ramipril
2345,1034,Hydrochlorothiazide
2346,1034,ramipril
2347,1034,hydrochlorothiazide
2348,1035,Warfarine sodique
2349,1035,warfarine sodique
2350,1036,Périndopril arginine
2351,1036,Amlodipine
2352,1036,périndopril arginine
2353,1036,amlodipine bésilate
2354,1037,Périndopril arginine
2355,1037,périndopril arginine
2356,1038,cobimétinib fumarate
2357,1039,Dorzolamide
2358,1039,Timolol
2359,1039,dorzolamide chlorhydrate
2360,1039,timolol maléate
2361,1040,Dorzolamide
2362,1040,Timolol
2363,1040,dorzolamide chlorhydrate
2364,1040,timolol maléate
2365,1041,dactinomycine
2366,1042,Valsartan
2367,1042,Hydrochlorothiazide
2368,1042,valsartan
2369,1042,hydrochlorothiazide
2370,1043,Dorzolamide
2371,1043,Timolol
2372,1043,dorzolamide chlorhydrate
2373,1043,timolol maléate
2374,1044,Allium cepa 3 CH
2375,1044,Belladonna 3 CH
2376,1044,Gelsemium 3 CH
2377,1044,Kalium bichromicum 3 CH
2378,1044,Sabadilla 3 CH
2379,1044,allium cepa [H]
2380,1044,belladonna [H]
2381,1044,gelsemium sempervirens [H]
2382,1044,kalium bichromicum [H]
2383,1044,sabadilla [H]
2384,1044,gelsémium [H]
2385,1045,Molsidomine
2386,1045,molsidomine
2387,1046,Sécukinumab
2388,1046,sécukinumab
2389,1047,Bisoprolol fumarate
2390,1047,Périndopril arginine
2391,1047,bisoprolol fumarate
2392,1047,périndopril arginine
2393,1048,budésonide
2394,1049,hydrocortisone acétate
2395,1050,Hydrocortisone
2396,1050,hydrocortisone
2397,1051,Hydrocortisone
2398,1051,hydrocortisone acétate
2399,1052,Prednisone
2400,1052,prednisone
2401,1053,milrinone
2402,1054,Acide salicylique
2403,1054,acide salicylique
2404,1055,Énalapril maléate
2405,1055,Hydrochlorothiazide
2406,1055,énalapril maléate
2407,1055,hydrochlorothiazide
2408,1056,Nadolol
2409,1056,nadolol
2410,1057,Amiodarone chlorhydrate
2411,1057,amiodarone chlorhydrate
2412,1058,Hydrocortisone
2413,1058,hydrocortisone
2414,1059,"Grindélia, extrait mou"
2415,1059,"Gelsémium, extrait mou"
2416,1059,grindélia extrait mou hydroalcoolique
2417,1059,gelsémium extrait mou hydroalcoolique
2418,1059,grindélia sommité fleurie extrait mou
2419,1059,gelsémium partie souterraine extrait mou
2420,1059,niaouli essence
2421,1060,Paracétamol
2422,1060,"Grindélia, extrait"
2423,1060,"Gelsémium, extrait"
2424,1060,paracétamol
2425,1060,niaouli essence
2426,1060,grindélia extrait mou hydroalcoolique
2427,1060,gelsémium extrait mou hydroalcoolique
2428,1061,Lévodopa
2429,1061,Carbidopa
2430,1061,Entacapone
2431,1061,lévodopa
2432,1061,carbidopa
2433,1061,entacapone
2434,1062,Éthinylestradiol
2435,1062,Drospirénone
2436,1062,éthinylestradiol
2437,1062,drospirénone
2438,1063,Arnica montana 15 CH
2439,1063,China rubra 9 CH
2440,1063,Kalium phosphoricum 15 CH
2441,1063,Sulfur iodatum 9 CH
2442,1063,arnica montana [H]
2443,1063,cinchona succirubra [H]
2444,1063,kalium phosphoricum [H]
2445,1063,sulfur iodatum [H]
2446,1064,"Aloès du Cap, suc de feuille séché"
2447,1064,aloès du Cap suc séché feuille
2448,1065,Olmésartan médoxomil
2449,1065,Hydrochlorothiazide
2450,1065,olmésartan médoxomil
2451,1065,hydrochlorothiazide
2452,1066,Glatiramère acétate
2453,1066,glatiramère acétate
2454,1067,Pralidoxime
2455,1067,pralidoxime méthylsulfate
2456,1068,Isotrétinoïne
2457,1068,isotrétinoïne
2458,1069,Bisacodyl
2459,1069,bisacodyl
2460,1070,Tramadol chlorhydrate
2461,1070,tramadol chlorhydrate
2462,1071,Dénosumab
2463,1071,dénosumab
2464,1072,Névibolol
2465,1072,Hydrochlorothiazide
2466,1072,nébivolol chlorhydrate
2467,1072,hydrochlorothiazide
2468,1073,tacrolimus monohydrate
2469,1074,facteur II humain
2470,1074,facteur VII humain
2471,1074,facteur IX humain
2472,1074,facteur X humain
2473,1074,protéine C humaine
2474,1074,protéine S humaine
2475,1075,Podophyllotoxine
2476,1075,podophyllotoxine
2477,1076,Entacapone
2478,1076,entacapone
2479,1077,Méthylphénidate chlorhydrate
2480,1077,méthylphénidate chlorhydrate
2481,1078,Uva ursi 1 DH
2482,1078,Pulsatilla 5 DH
2483,1078,Euphrasia officinalis 3 DH
2484,1078,Helleborus niger 4 DH
2485,1078,Belladonna 3 DH
2486,1078,Argentum metallicum 8 DH
2487,1078,Aconitum napellus 3 DH
2488,1078,Coccus cacti 2 DH
2489,1078,uva ursi [H]
2490,1078,anemone pulsatilla [H]
2491,1078,Euphrasia officinalis [H]
2492,1078,helleborus [H]
2493,1078,belladonna [H]
2494,1078,argentum metallicum [H]
2495,1078,aconitum napellus [H]
2496,1078,coccus cacti [H]
2497,1080,thuya
2498,1080,solanum dulcamara [H]
2499,1080,mercurius corrosivus [H]
2500,1080,phytolacca [H]
2501,1080,arsenicum iodatum [H]
2502,1080,anemone pulsatilla [H]
2503,1080,phosphorus [H]
2504,1080,acidum nitricum [H]
2505,1080,kalium bichromicum [H]
2506,1081,tarentula hispana [H]
2507,1081,hyoscyamus [H]
2508,1081,adrenalinum [H]
2509,1081,ignatia [H]
2510,1081,paeonia [H]
2511,1081,stramonium [H]
2512,1081,zincum valerianicum [H]
2513,1081,cocculus [H]
2514,1081,viscum album [H]
2515,1082,sulfur [H]
2516,1082,arsenicum album [H]
2517,1082,alumen crudum [H]
2518,1082,magnesia sulfurica [H]
2519,1082,natrum sulfuricum [H]
2520,1083,silicea [H]
2521,1083,argentum metallicum [H]
2522,1083,antimonium crudum [H]
2523,1083,arsenicum album [H]
2524,1083,calcarea fluorica [H]
2525,1083,ferrum phosphoricum [H]
2526,1083,magnesia phosphorica [H]
2527,1083,mercurius solubilis [H]
2528,1083,manganum peroxydum [H]
2529,1084,sepia officinal [H]
2530,1084,kalium carbonicum [H]
2531,1084,ambra grisea [H]
2532,1084,strontium muriaticum [H]
2533,1084,calcarea carbonica ostrearum [H]
2534,1085,selenium metallicum [H]
2535,1085,aurum metallicum [H]
2536,1085,chininum sulfuricum [H]
2537,1085,ferrum phosphoricum [H]
2538,1085,natrum carbonicum [H]
2539,1085,ginseng
2540,1085,kola
2541,1085,conium maculatum [H]
2542,1085,damiana [H]
2543,1086,solanum dulcamara [H]
2544,1086,scabiosa [H]
2545,1086,bellis perennis [H]
2546,1086,camphora [H]
2547,1086,sambucus [H]
2548,1086,natrum phosphoricum [H]
2549,1086,arsenicum iodatum [H]
2550,1086,sulfur [H]
2551,1086,hydrastis
2552,1086,croton tiglium [H]
2553,1086,viola tricolor [H]
2554,1087,rubia [H]
2555,1087,berberis vulgaris [H]
2556,1087,atropa belladonna [H]
2557,1087,terebenthina [H]
2558,1087,pareira brava [H]
2559,1087,acide benzoicum [H]
2560,1088,rhus toxicodendron [H]
2561,1088,mercurius corrosivus [H]
2562,1088,nux vomica [H]
2563,1088,manganum aceticum [H]
2564,1088,causticum [H]
2565,1088,colchicum [H]
2566,1088,aconitum [H]
2567,1089,ranunculus bulbosus [H]
2568,1089,rhododendron ferrugineum [H]
2569,1089,ruta graveolens [H]
2570,1089,aconitum napellus [H]
2571,1089,bryonia [H]
2572,1089,gelsémium [H]
2573,1089,colocynthis [H]
2574,1089,terebenthina [H]
2575,1089,gnaphalium polycephalum [H]
2576,1090,lachesis [H]
2577,1090,kalium carbonicum [H]
2578,1090,bryonia [H]
2579,1090,cactus grandiflorus [H]
2580,1090,glonoinum [H]
2581,1091,hedera helix [H]
2582,1091,polygala senega [H]
2583,1091,hyoscyamus [H]
2584,1091,atropa belladonna [H]
2585,1091,ipéca [H]
2586,1092,Tozinaméran (ARN messager codant pour la protéine Spike du SARS-CoV-2)
2587,1092,tozinaméran
2588,1092,famtozinaméran
2589,1092,riltozinaméran
2590,1092,raxtozinaméran
2591,1093,Brétovaméran (ARNm contre la COVID-19 encapsulé dans des nanoparticules lipidiques)
2592,1093,brétovaméran
2593,1094,ARNm modifié codant LP.8.1 du SARS-CoV-2
2594,1095,Lamivudine
2595,1095,Zidovudine
2596,1095,lamivudine
2597,1095,zidovudine
2598,1096,Dutastéride
2599,1096,Tamsulosine
2600,1096,dutastéride
2601,1096,tamsulosine chlorhydrate
2602,1097,Brimonidine
2603,1097,Timolol
2604,1097,brimonidine tartrate
2605,1097,timolol maléate
2606,1098,glofitamab
2607,1099,Pyrantel
2608,1099,pyrantel embonate
2609,1100,Médrogestone
2610,1100,médrogestone
2611,1101,Macrogol (polyéthylèneglycol) 3 350
2612,1101,Sodium chlorure
2613,1101,Sulfate de sodium anhydre
2614,1101,Potassium chlorure
2615,1101,Bicarbonate de sodium
2616,1101,sodium chlorure
2617,1101,sodium sulfate
2618,1101,potassium chlorure
2619,1101,bicarbonate de sodium
2620,1101,macrogol 3350
2621,1102,phosphate monosodique monohydrate
2622,1102,phosphate disodique anhydre
2623,1103,"Menthe poivrée, huile"
2624,1103,menthe poivrée essence
2625,1104,Promestriène
2626,1104,promestriène
2627,1105,Hydrocortisone acétate
2628,1105,hydrocortisone acétate
2629,1106,Naphazoline nitrate
2630,1106,Méthylthioninium hydroxyde (bleu de méthylène)
2631,1106,méthylthioninium hydroxyde
2632,1106,naphazoline nitrate
2633,1107,Colistiméthate sodique
2634,1107,colistiméthate sodique
2635,1108,Hexamidine di-isétionate
2636,1108,Lidocaïne chlorhydrate
2637,1108,hexamidine di-isétionate
2638,1108,lidocaïne chlorhydrate
2639,1109,colistiméthate sodique
2640,1110,colistiméthate sodique
2641,1111,Colistiméthate sodique
2642,1111,colistiméthate sodique
2643,1112,Colchicine cristallisée
2644,1112,Tiémonium méthylsulfate
2645,1112,Poudre d'opium
2646,1112,tiémonium méthylsulfate
2647,1112,opium poudre
2648,1112,colchicine
2649,1113,Colchicine
2650,1113,colchicine
2651,1114,colchicine
2652,1115,facteur II humain
2653,1115,facteur VII humain
2654,1115,facteur IX humain
2655,1115,facteur X humain
2656,1115,protéine C humaine
2657,1115,protéine S humaine
2658,1116,Carbo vegetabilis 5 CH
2659,1116,Colocynthis 9 CH
2660,1116,Cuprum metallicum 5 CH
2661,1116,carbo vegetabilis [H]
2662,1116,colocynthis [H]
2663,1116,cuprum metallicum [H]
2664,1117,Cocculus indicus 4 CH
2665,1117,Tabacum 4 CH
2666,1117,Nux vomica 4 CH
2667,1117,Petroleum 4 CH
2668,1117,cocculus indicus [H]
2669,1117,nux vomica [H]
2670,1117,tabacum [H]
2671,1117,petroleum [H]
2672,1118,Paracétamol
2673,1118,Codéine phosphate
2674,1118,paracétamol
2675,1118,codéine phosphate hémihydrate
2676,1119,Candésartan cilexetil
2677,1119,Hydrochlorothiazide
2678,1119,candésartan cilexétil
2679,1119,hydrochlorothiazide
2680,1120,Irbésartan
2681,1120,Hydrochlorothiazide
2682,1120,irbésartan
2683,1120,hydrochlorothiazide
2684,1121,facteur X humain
2685,1122,Clozapine
2686,1122,clozapine
2687,1123,Clozapine
2688,1123,clozapine
2689,1124,Clozapine
2690,1124,clozapine
2691,1125,Clozapine
2692,1125,clozapine
2693,1126,Clozapine
2694,1126,clozapine
2695,1127,Clozapine
2696,1127,clozapine
2697,1128,Clozapine
2698,1128,clozapine
2699,1129,Cloxacilline
2700,1129,cloxacilline sodique monohydrate
2701,1130,Clozapine
2702,1130,clozapine
2703,1131,Cloxacilline
2704,1131,cloxacilline sodique monohydrate
2705,1132,cloxacilline sodique monohydrate
2706,1133,cloxacilline sodique
2707,1134,Cloxacilline
2708,1134,cloxacilline sodique monohydrate
2709,1135,cloxacilline sodique monohydrate
2710,1135,cloxacilline sodique
2711,1136,Cloxacilline
2712,1136,cloxacilline sodique monohydrate
2713,1137,fibrinogène humain
2714,1138,Cloxacilline
2715,1138,cloxacilline sodique monohydrate
2716,1139,Cloxacilline
2717,1139,cloxacilline sodique monohydrate
2718,1140,Clotrimazole
2719,1140,clotrimazole
2720,1141,Calcipotriol
2721,1141,Bétaméthasone
2722,1141,calcipotriol monohydrate
2723,1141,bétaméthasone dipropionate
2724,1142,chloroprocaïne chlorhydrate
2725,1143,Clopidogrel
2726,1143,Acide acétylsalicylique (aspirine)
2727,1143,clopidogrel hydrogénosulfate
2728,1143,acide acétylsalicylique
2729,1144,Zuclopenthixol
2730,1144,Zuclopenthixol décanoate
2731,1144,zuclopenthixol décanoate
2732,1144,zuclopenthixol acétate
2733,1144,zuclopenthixol dichlorhydrate
2734,1145,Clopidogrel
2735,1145,Acide acétylsalicylique (aspirine)
2736,1145,clopidogrel hydrogénosulfate
2737,1145,acide acétylsalicylique
2738,1146,Clopidogrel
2739,1146,Acide acétylsalicylique (aspirine)
2740,1146,clopidogrel hydrogénosulfate
2741,1146,acide acétylsalicylique
2742,1147,Clopidogrel
2743,1147,Acide acétylsalicylique (aspirine)
2744,1147,clopidogrel hydrogénosulfate
2745,1147,acide acétylsalicylique
2746,1148,Clopidogrel
2747,1148,clopidogrel hydrogénosulfate
2748,1149,Clopidogrel
2749,1149,clopidogrel hydrogénosulfate
2750,1150,Clopidogrel
2751,1150,clopidogrel bésilate
2752,1151,Clopidogrel
2753,1151,clopidogrel hydrogénosulfate
2754,1152,Clopidogrel
2755,1152,clopidogrel bésilate
2756,1153,Clopidogrel
2757,1153,clopidogrel chlorhydrate
2758,1154,Clopidogrel
2759,1154,clopidogrel chlorhydrate
2760,1155,Clopidogrel
2761,1155,clopidogrel chlorhydrate
2762,1156,Clopidogrel
2763,1156,clopidogrel bésilate
2764,1157,Clopidogrel
2765,1157,clopidogrel hydrogénosulfate
2766,1158,Clopidogrel
2767,1158,clopidogrel bésilate
2768,1159,Clopidogrel
2769,1159,clopidogrel bésilate
2770,1160,Clopidogrel
2771,1160,clopidogrel hydrogénosulfate
2772,1161,Clopidogrel
2773,1161,clopidogrel hydrogénosulfate
2774,1162,Clopidogrel
2775,1162,clopidogrel bésilate
2776,1163,Clopidogrel
2777,1163,clopidogrel hydrogénosulfate
2778,1164,Clopidogrel
2779,1164,clopidogrel hydrogénosulfate
2780,1166,Clomifène citrate
2781,1166,clomifène citrate
2782,1167,Clomipramine chlorhydrate
2783,1167,clomipramine chlorhydrate
2784,1168,Clomipramine chlorhydrate
2785,1168,clomipramine chlorhydrate
2786,1169,Clomipramine chlorhydrate
2787,1169,clomipramine chlorhydrate
2788,1170,clofarabine
2789,1171,clofarabine
2790,1172,clofarabine
2791,1173,Clobétasol propionate
2792,1173,clobétasol propionate
2793,1174,Clobétasol propionate
2794,1174,clobétasol propionate
2795,1175,Ibuprofène
2796,1175,Lévomenthol
2797,1175,ibuprofène
2798,1175,lévomenthol
2799,1176,acides aminés
2800,1176,sodium acétate
2801,1176,phosphate dipotassique
2802,1176,sodium chlorure
2803,1176,magnésium chlorure cristallisé
2804,1176,azote
2805,1176,glucose monohydrate
2806,1176,calcium chlorure
2807,1177,olive huile raffinée
2808,1177,soja huile raffinée
2809,1178,Clindamycine
2810,1178,clindamycine chlorhydrate
2811,1179,Clindamycine
2812,1179,clindamycine chlorhydrate hydrate
2813,1180,clindamycine phosphate
2814,1182,clindamycine phosphate
2815,1183,Estradiol valérate
2816,1183,Cyprotérone acétate
2817,1183,estradiol valérate
2818,1183,cyprotérone acétate
2819,1184,"Hamamélis, teinture au 1/10"
2820,1184,"Fragon épineux, teinture au 1/10"
2821,1184,"Marron d'Inde, teinture au 1/10"
2822,1184,"Hydrastis, teinture au 1/10"
2823,1184,"Viburnum, teinture au 1/10"
2824,1184,hamamélis teinture
2825,1184,fragon épineux teinture
2826,1184,marron d'Inde teinture
2827,1184,hydrastis teinture
2828,1184,viburnum teinture
2829,1185,Acide clodronique sel disodique
2830,1185,acide clodronique sel disodique tétrahydrate
2831,1186,iopamidol
2832,1187,clévidipine
2833,1188,Estradiol
2834,1188,Dydrogestérone
2835,1188,estradiol hémihydrate
2836,1188,dydrogestérone
2837,1189,loratadine
2838,1190,Clarithromycine
2839,1190,clarithromycine
2840,1191,Clarithromycine
2841,1191,clarithromycine
2842,1192,Clarithromycine
2843,1192,clarithromycine
2844,1193,Clarithromycine
2845,1193,clarithromycine
2846,1194,Clarithromycine
2847,1194,clarithromycine
2848,1195,Clarithromycine
2849,1195,clarithromycine
2850,1196,Clarithromycine
2851,1196,clarithromycine
2852,1197,Clarithromycine
2853,1197,clarithromycine
2854,1198,clarithromycine
2855,1199,Clarithromycine
2856,1199,clarithromycine
2857,1200,Clarithromycine
2858,1200,clarithromycine
2859,1201,Clarithromycine
2860,1201,clarithromycine
2861,1202,Désogestrel
2862,1202,désogestrel
2863,1203,acide gadotérique sel de méglumine
2864,1204,Clobétasol propionate
2865,1204,clobétasol propionate
2866,1205,Clarithromycine
2867,1205,clarithromycine
2868,1206,Clarithromycine
2869,1206,clarithromycine
2870,1207,Paracétamol
2871,1207,Codéine phosphate
2872,1207,paracétamol
2873,1207,codéine phosphate hémihydrate
2874,1208,immunoglobulines humaines normales
2875,1209,Amoxicilline
2876,1209,amoxicilline trihydrate
2877,1210,Paracétamol
2878,1210,Caféine
2879,1210,paracétamol
2880,1210,caféine
2881,1211,Paracétamol
2882,1211,paracétamol
2883,1212,sodium citrate
2884,1213,yttrium-90 citrate
2885,1214,erbium-169 citrate
2886,1215,gallium-67 citrate
2887,1216,gallium-67 citrate
2888,1217,caféine citrate
2889,1218,Sodium picosulfate
2890,1218,Oxyde de magnésium léger
2891,1218,Acide citrique anhydre
2892,1218,sodium picosulfate
2893,1218,oxyde de magnésium léger
2894,1218,acide citrique
2895,1219,Citrate de bétaïne
2896,1219,bétaïne citrate
2897,1220,Citrate de bétaïne monohydraté
2898,1220,bétaïne citrate monohydrate
2899,1221,Citalopram
2900,1221,citalopram bromhydrate
2901,1222,Citalopram
2902,1222,citalopram bromhydrate
2903,1223,Citalopram
2904,1223,citalopram bromhydrate
2905,1224,Citalopram
2906,1224,citalopram bromhydrate
2907,1225,Citalopram
2908,1225,citalopram bromhydrate
2909,1226,Citalopram
2910,1226,citalopram bromhydrate
2911,1227,Citalopram
2912,1227,citalopram bromhydrate
2913,1228,Citalopram
2914,1228,citalopram bromhydrate
2915,1229,Citalopram
2916,1229,citalopram bromhydrate
2917,1230,Citalopram
2918,1230,citalopram bromhydrate
2919,1231,Citalopram
2920,1231,citalopram bromhydrate
2921,1232,Citalopram
2922,1232,citalopram bromhydrate
2923,1233,Citalopram
2924,1233,citalopram bromhydrate
2925,1234,Citalopram
2926,1234,citalopram bromhydrate
2927,1235,Cisplatine
2928,1235,cisplatine
2929,1236,Cisplatine
2930,1236,cisplatine
2931,1237,cisplatine
2932,1238,cisplatine
2933,1239,sodium fluorure 18F
2934,1240,cisatracurium bésilate
2935,1241,cisatracurium bésilate
2936,1242,cisatracurium bésilate
2937,1243,cisatracurium bésilate
2938,1244,cisatracurium bésilate
2939,1245,cisatracurium bésilate
2940,1246,Ciprofloxacine
2941,1246,ciprofloxacine chlorhydrate
2942,1247,Ciprofloxacine
2943,1247,ciprofloxacine chlorhydrate
2944,1248,Ciprofloxacine
2945,1248,ciprofloxacine
2946,1248,ciprofloxacine chlorhydrate
2947,1249,Ciprofloxacine
2948,1249,ciprofloxacine chlorhydrate
2949,1250,Mélatonine
2950,1250,mélatonine
2951,1251,Ciprofloxacine
2952,1251,ciprofloxacine chlorhydrate
2953,1252,Ciprofloxacine
2954,1252,ciprofloxacine chlorhydrate
2955,1253,ciprofloxacine sulfate
2956,1254,ciprofloxacine
2957,1255,Ciprofloxacine
2958,1255,ciprofloxacine chlorhydrate
2959,1256,Ciprofloxacine
2960,1256,ciprofloxacine chlorhydrate
2961,1257,Ciprofloxacine
2962,1257,ciprofloxacine chlorhydrate
2963,1258,Ciprofloxacine
2964,1258,ciprofloxacine chlorhydrate
2965,1259,Ciprofloxacine
2966,1259,ciprofloxacine chlorhydrate
2967,1260,Ciprofloxacine
2968,1260,ciprofloxacine chlorhydrate
2969,1261,ciprofloxacine
2970,1262,Ciprofibrate
2971,1262,ciprofibrate
2972,1263,Ciprofibrate
2973,1263,ciprofibrate
2974,1264,Ciprofibrate
2975,1264,ciprofibrate
2976,1265,Ciprofibrate
2977,1265,ciprofibrate
2978,1266,cinacalcet chlorhydrate
2979,1267,cinacalcet chlorhydrate
2980,1268,cinacalcet chlorhydrate
2981,1269,inhibiteur de la C1 estérase d'origine humaine
2982,1270,cinacalcet chlorhydrate
2983,1271,cinacalcet chlorhydrate
2984,1272,cinacalcet chlorhydrate
2985,1273,cinacalcet chlorhydrate
2986,1274,cimétidine
2987,1275,cinacalcet chlorhydrate
2988,1276,Certolizumab pegol
2989,1276,certolizumab pégol
2990,1277,cinacalcet chlorhydrate
2991,1278,cinacalcet chlorhydrate
2992,1279,Cimétidine
2993,1279,cimétidine
2994,1280,Ciprofloxacine
2995,1280,Dexaméthasone
2996,1280,ciprofloxacine chlorhydrate
2997,1280,dexaméthasone
2998,1281,Acide salicylique
2999,1281,acide salicylique
3000,1282,Ciprofloxacine
3001,1282,ciprofloxacine
3002,1282,ciprofloxacine chlorhydrate
3003,1283,Ciprofloxacine
3004,1283,ciprofloxacine chlorhydrate
3005,1284,cidofovir dihydrate
3006,1285,cidofovir
3007,1286,Triamcinolone acétonide
3008,1286,Néomycine sulfate
3009,1286,triamcinolone acétonide
3010,1286,néomycine sulfate
3011,1287,Ciclopirox
3012,1287,ciclopirox
3013,1288,Ciclopirox
3014,1288,ciclopirox
3015,1289,ciclopirox olamine
3016,1290,Ciclopirox olamine
3017,1290,ciclopirox olamine
3018,1291,Ciclopirox olamine
3019,1291,ciclopirox olamine
3020,1292,Ciclopirox olamine
3021,1292,ciclopirox olamine
3022,1293,Ciclopirox olamine
3023,1293,ciclopirox olamine
3024,1294,Ciclopirox olamine
3025,1294,ciclopirox olamine
3026,1295,Ciclopirox olamine
3027,1295,ciclopirox olamine
3028,1296,Ciclopirox olamine
3029,1296,ciclopirox olamine
3030,1297,Ciclopirox
3031,1297,ciclopirox
3032,1298,ciclosporine
3033,1299,Ciclétanine chlorhydrate
3034,1299,ciclétanine chlorhydrate
3035,1300,Ciclétanine chlorhydrate
3036,1300,ciclétanine chlorhydrate
3037,1301,"Calendula officinalis, Hypericum perforatum, Achillea millefolium, sommités fleuries digestés en vaseline"
3038,1301,Ledum palustre TM
3039,1301,souci des jardins sommité fleurie
3040,1301,millepertuis sommité fleurie
3041,1301,achillée millefeuille sommité fleurie
3042,1301,ledum palustre teinture mère
3043,1302,Ciclétanine chlorhydrate
3044,1302,ciclétanine chlorhydrate
3045,1303,Bénazépril chlorhydrate
3046,1303,bénazépril chlorhydrate
3047,1304,Abrocitinib
3048,1304,abrocitinib
3049,1305,Bénazépril chlorhydrate
3050,1305,Hydrochlorothiazide
3051,1305,bénazépril chlorhydrate
3052,1305,hydrochlorothiazide
3053,1306,Indométacine
3054,1306,indométacine
3055,1307,Acide ursodésoxycholique
3056,1307,acide ursodésoxycholique
3057,1308,"Artichaut, extrait de feuille"
3058,1308,artichaut feuille extrait sec
3059,1308,artichaut extrait mou aqueux
3060,1309,Chondroïtine sulfate sodique
3061,1309,sodium chondroïtine sulfate
3062,1310,Tadalafil
3063,1310,tadalafil
3064,1311,"Chelidonium majus, radix 3 DH"
3065,1311,"Curcuma xanthorrhiza, rhizoma 1 DH"
3066,1311,chelidonium majus [H]
3067,1311,curcuma xanthorrhiza [H]
3068,1312,Cholécalciférol (vitamine D3)
3069,1312,colécalciférol
3070,1313,Cholécalciférol (vitamine D3)
3071,1313,colécalciférol
3072,1314,mébrofénine
3073,1315,Cholécalciférol (vitamine D3)
3074,1315,colécalciférol
3075,1316,Cholécalciférol (vitamine D3)
3076,1316,colécalciférol
3077,1317,Cholécalciférol (vitamine D3)
3078,1317,colécalciférol
3079,1318,colécalciférol
3080,1319,Cholécalciférol (vitamine D3)
3081,1319,colécalciférol
3082,1320,Cholécalciférol (vitamine D3)
3083,1320,colécalciférol
3084,1321,Cholécalciférol (vitamine D3)
3085,1321,colécalciférol
3086,1322,Cholécalciférol (vitamine D3)
3087,1322,colécalciférol
3088,1323,Cholécalciférol (vitamine D3)
3089,1323,colécalciférol
3090,1324,indium-111 chlorure
3091,1325,Cholécalciférol (vitamine D3)
3092,1325,colécalciférol
3093,1326,Trospium chlorure
3094,1326,trospium chlorure
3095,1327,thallium 201Tl chlorure
3096,1328,thallium 201Tl chlorure
3097,1329,sodium chlorure
3098,1330,sodium chlorure
3099,1331,sodium chlorure
3100,1332,sodium chlorure
3101,1333,sodium chlorure
3102,1334,sodium chlorure
3103,1335,sodium chlorure
3104,1336,sodium chlorure
3105,1337,sodium chlorure
3106,1338,sodium chlorure
3107,1339,sodium chlorure
3108,1340,sodium chlorure
3109,1341,sodium chlorure
3110,1342,potassium chlorure
3111,1343,potassium chlorure
3112,1344,potassium chlorure
3113,1345,potassium chlorure
3114,1346,méthylthioninium chlorure
3115,1347,magnésium chlorure hexahydrate
3116,1348,calcium chlorure hexahydrate
3117,1349,Magnésium hydroxyde
3118,1349,magnésium hydroxyde
3119,1350,méthacholine chlorure
3120,1351,heptaminol chlorhydrate
3121,1352,Chlormadinone acétate
3122,1352,chlormadinone acétate
3123,1353,Chlormadinone acétate
3124,1353,chlormadinone acétate
3125,1354,oxybuprocaïne chlorhydrate
3126,1355,Chlormadinone acétate
3127,1355,chlormadinone acétate
3128,1356,sévélamer chlorhydrate
3129,1357,métoclopramide chlorhydrate
3130,1358,lidocaïne chlorhydrate
3131,1359,Diltiazem chlorhydrate
3132,1359,diltiazem chlorhydrate
3133,1360,Lidocaïne chlorhydrate
3134,1360,Chlorhexidine gluconate
3135,1360,lidocaïne chlorhydrate
3136,1360,chlorhexidine gluconate
3137,1361,Chlorhexidine digluconate solution
3138,1361,Chlorobutanol hémihydrate
3139,1361,chlorhexidine gluconate solution
3140,1361,chlorobutanol hémihydrate
3141,1362,Chlorhexidine digluconate solution
3142,1362,Chlorobutanol hémihydrate
3143,1362,chlorhexidine gluconate solution
3144,1362,chlorobutanol hémihydrate
3145,1363,Chlorhexidine gluconate solution
3146,1363,Chlorobutanol hémihydrate
3147,1363,chlorhexidine gluconate solution
3148,1363,chlorobutanol hémihydrate
3149,1364,Chlorhexidine digluconate solution
3150,1364,Chlorobutanol hémihydrate
3151,1364,chlorhexidine gluconate solution
3152,1364,chlorobutanol hémihydrate
3153,1365,Chlorhexidine digluconate solution
3154,1365,Chlorobutanol hémihydrate
3155,1365,chlorhexidine gluconate solution
3156,1365,chlorobutanol hémihydrate
3157,1366,Chlorhexidine gluconate solution
3158,1366,Chlorobutanol hémihydraté
3159,1366,chlorhexidine gluconate solution
3160,1366,chlorobutanol hémihydrate
3161,1367,Chlorhexidine digluconate solution
3162,1367,Chlorobutanol hémihydrate
3163,1367,chlorhexidine gluconate solution
3164,1367,chlorobutanol hémihydrate
3165,1368,Chlorhexidine digluconate solution
3166,1368,Chlorobutanol hémihydrate
3167,1368,chlorhexidine gluconate solution
3168,1368,chlorobutanol hémihydrate
3169,1369,Chlorhexidine digluconate solution
3170,1369,Chlorobutanol hémihydrate
3171,1369,chlorhexidine gluconate solution
3172,1369,chlorobutanol hémihydrate
3173,1370,Chlorhexidine digluconate
3174,1370,Benzalkonium chlorure
3175,1370,Alcool benzylique
3176,1370,chlorhexidine gluconate
3177,1370,benzalkonium chlorure
3178,1370,alcool benzylique
3179,1371,Chlorhexidine digluconate
3180,1371,Benzalkonium chlorure
3181,1371,Alcool benzylique
3182,1371,chlorhexidine gluconate
3183,1371,benzalkonium chlorure
3184,1371,alcool benzylique
3185,1372,Chlorhexidine digluconate
3186,1372,Benzalkonium chlorure
3187,1372,Alcool benzylique
3188,1372,chlorhexidine gluconate
3189,1372,benzalkonium chlorure
3190,1372,alcool benzylique
3191,1373,Chlorhexidine digluconate
3192,1373,Benzalkonium chlorure
3193,1373,Alcool benzylique
3194,1373,chlorhexidine gluconate
3195,1373,benzalkonium chlorure
3196,1373,alcool benzylique
3197,1374,Chlorhexidine digluconate
3198,1374,chlorhexidine gluconate solution
3199,1375,Chlorhexidine digluconate
3200,1375,chlorhexidine gluconate solution
3201,1376,chlorhexidine gluconate solution
3202,1376,alcool isopropylique
3203,1377,chlorhexidine gluconate
3204,1378,Chlorhexidine digluconate
3205,1378,chlorhexidine gluconate solution
3206,1379,Chlorhexidine digluconate
3207,1379,chlorhexidine gluconate solution
3208,1380,Chlorhexidine gluconate
3209,1380,chlorhexidine gluconate solution
3210,1381,Chlorhexidine digluconate
3211,1381,chlorhexidine gluconate solution
3212,1381,éthanol
3213,1382,Chlorhexidine digluconate
3214,1382,chlorhexidine gluconate solution
3215,1383,Chlorambucil
3216,1383,chlorambucil
3217,1384,chlorhexidine gluconate
3218,1384,alcool isopropylique
3219,1385,chloral hydrate
3220,1386,Norfloxacine
3221,1386,norfloxacine
3222,1387,Dexaméthasone phosphate
3223,1387,Néomycine sulfate
3224,1387,dexaméthasone phosphate sodique
3225,1387,néomycine sulfate
3226,1388,Finastéride
3227,1388,finastéride
3228,1389,lévobupivacaïne chlorhydrate
3229,1390,Charbon activé
3230,1390,charbon activé
3231,1391,acide chénodésoxycholique
3232,1392,Varénicline
3233,1392,varénicline tartrate
3234,1393,chelidonium majus [H]
3235,1393,taraxacum dens leonis [H]
3236,1393,carduus marianus [H]
3237,1393,solidago virga aurea [H]
3238,1393,cinchona succirubra [H]
3239,1393,hydrastis canadensis [H]
3240,1393,magnesia muriatica [H]
3241,1394,carduus marianus [H]
3242,1394,chelidonium majus [H]
3243,1394,hydrastis canadensis [H]
3244,1394,magnesia muriatica [H]
3245,1394,solidago virga aurea [H]
3246,1394,taraxacum dens leonis [H]
3247,1394,cinchona succirubra [H]
3248,1395,Chamomilla vulgaris 9 CH
3249,1395,chamomilla vulgaris [H]
3250,1397,cétrorélix acétate
3251,1398,Cétylpyridinium chlorure
3252,1398,Lysozyme chlorhydrate
3253,1398,cétylpyridinium chlorure
3254,1398,lysozyme chlorhydrate
3255,1399,Cétylpyridinium chlorure
3256,1399,Lysozyme chlorhydrate
3257,1399,cétylpyridinium chlorure
3258,1399,lysozyme chlorhydrate
3259,1400,cétrorélix acétate
3260,1401,antimonium tartaricum [H]
3261,1401,ipéca [H]
3262,1401,eucalyptus globulus [H]
3263,1401,cetraria islandica [H]
3264,1402,Cétirizine dichlorhydrate
3265,1402,cétirizine dichlorhydrate
3266,1403,Cétirizine dichlorhydrate
3267,1403,cétirizine dichlorhydrate
3268,1404,Cétirizine dichlorhydrate
3269,1404,cétirizine dichlorhydrate
3270,1405,Cétirizine dichlorhydrate
3271,1405,cétirizine dichlorhydrate
3272,1406,Cétirizine dichlorhydrate
3273,1406,cétirizine dichlorhydrate
3274,1407,Cétirizine dichlorhydrate
3275,1407,cétirizine dichlorhydrate
3276,1408,Cétirizine dichlorhydrate
3277,1408,cétirizine dichlorhydrate
3278,1409,Cétirizine dichlorhydrate
3279,1409,cétirizine dichlorhydrate
3280,1410,Cétirizine dichlorhydrate
3281,1410,cétirizine dichlorhydrate
3282,1411,Cétirizine dichlorhydrate
3283,1411,cétirizine dichlorhydrate
3284,1412,Cétirizine dichlorhydrate
3285,1412,cétirizine dichlorhydrate
3286,1413,Cétirizine dichlorhydrate
3287,1413,cétirizine dichlorhydrate
3288,1414,Cétirizine dichlorhydrate
3289,1414,cétirizine dichlorhydrate
3290,1415,Cétirizine dichlorhydrate
3291,1415,cétirizine dichlorhydrate
3292,1416,Cétirizine dichlorhydrate
3293,1416,cétirizine dichlorhydrate
3294,1417,Cétirizine dichlorhydrate
3295,1417,cétirizine dichlorhydrate
3296,1418,Sildénafil
3297,1418,sildénafil citrate
3298,1419,Cétirizine dichlorhydrate
3299,1419,cétirizine dichlorhydrate
3300,1420,Cétrimide
3301,1420,cétrimide
3302,1421,Chlorhexidine digluconate
3303,1421,chlorhexidine gluconate solution
3304,1422,paracétamol
3305,1422,ibuprofène sodique dihydrate
3306,1422,ibuprofène
3307,1423,géméprost
3308,1424,Protéine L1 de Papillomavirus humain de type 16 (adsorbé sur hydroxyde d'aluminium)
3309,1424,Protéine L1 de Papillomavirus humain de type 18 (adsorbé sur hydroxyde d'aluminium)
3310,1424,protéine L1 de papillomavirus humain type 16
3311,1424,protéine L1 de papillomavirus humain type 18
3312,1425,Xylène
3313,1425,xylène
3314,1426,daunorubicine chlorhydrate
3315,1427,"Pollens de seigle, de phléole des prés et de maïs, extrait sec"
3316,1427,"Pollens de seigle, de phléole des prés et de maïs, extrait"
3317,1427,"extrait sec de pollens de seigle, de phléole et de maïs"
3318,1428,rétinol palmitate
3319,1428,colécalciférol
3320,1428,alpha-tocophérol
3321,1428,acide ascorbique
3322,1428,cocarboxylase tétrahydrate
3323,1428,riboflavine phosphate sel de Na dihydrate
3324,1428,pyridoxine chlorhydrate
3325,1428,cyanocobalamine
3326,1428,acide folique
3327,1428,dexpanthénol
3328,1428,biotine
3329,1428,nicotinamide
3330,1429,évérolimus
3331,1430,Trospium chlorure
3332,1430,trospium chlorure
3333,1431,imiglucérase
3334,1432,examétazime
3335,1433,examétazime
3336,1434,éliglustat tartrate
3337,1435,Désogestrel
3338,1435,désogestrel
3339,1438,Pramocaïne chlorhydrate
3340,1438,pramocaïne chlorhydrate
3341,1439,protéine C humaine
3342,1440,glutathion
3343,1440,mannitol
3344,1440,acide lactobionique
3345,1440,acide glutamique
3346,1440,sodium hydroxyde
3347,1440,calcium chlorure dihydrate
3348,1440,potassium chlorure
3349,1440,magnésium chlorure hexahydrate
3350,1440,histidine
3351,1441,suxaméthonium chlorure
3352,1442,Carmellose sodique
3353,1442,carmellose sodique
3354,1443,Étoposide
3355,1443,étoposide
3356,1444,mycophénolate mofétil
3357,1444,mycophénolate mofétil chlorhydrate
3358,1445,Maraviroc
3359,1445,maraviroc
3360,1446,Céliprolol chlorhydrate
3361,1446,céliprolol chlorhydrate
3362,1447,Céliprolol chlorhydrate
3363,1447,céliprolol chlorhydrate
3364,1448,Céliprolol chlorhydrate
3365,1448,céliprolol chlorhydrate
3366,1449,Céliprolol chlorhydrate
3367,1449,céliprolol chlorhydrate
3368,1450,Céliprolol chlorhydrate
3369,1450,céliprolol chlorhydrate
3370,1451,Céliprolol chlorhydrate
3371,1451,céliprolol chlorhydrate
3372,1452,Céliprolol chlorhydrate
3373,1452,céliprolol chlorhydrate
3374,1453,Céliprolol chlorhydrate
3375,1453,céliprolol chlorhydrate
3376,1454,Céliprolol chlorhydrate
3377,1454,céliprolol chlorhydrate
3378,1455,Céliprolol chlorhydrate
3379,1455,céliprolol chlorhydrate
3380,1456,Céliprolol chlorhydrate
3381,1456,céliprolol chlorhydrate
3382,1457,Céliprolol chlorhydrate
3383,1457,céliprolol chlorhydrate
3384,1458,Céliprolol chlorhydrate
3385,1458,céliprolol chlorhydrate
3386,1459,Célécoxib
3387,1459,célécoxib
3388,1460,Célécoxib
3389,1460,célécoxib
3390,1461,Bétaméthasone acétate
3391,1461,Bétaméthasone phosphate disodique
3392,1461,bétaméthasone acétate
3393,1461,bétaméthasone phosphate disodique
3394,1461,bétaméthasone
3395,1462,Célécoxib
3396,1462,célécoxib
3397,1463,célécoxib
3398,1464,Célécoxib
3399,1464,célécoxib
3400,1465,Célécoxib
3401,1465,célécoxib
3402,1466,Célécoxib
3403,1466,célécoxib
3404,1467,Célécoxib
3405,1467,célécoxib
3406,1468,Célécoxib
3407,1468,célécoxib
3408,1469,Célécoxib
3409,1469,célécoxib
3410,1470,Célécoxib
3411,1470,célécoxib
3412,1471,pegfilgrastim
3413,1472,Célécoxib
3414,1472,célécoxib
3415,1473,Célécoxib
3416,1473,célécoxib
3417,1474,Céfuroxime
3418,1474,céfuroxime axétil
3419,1475,céfuroxime sel de Na
3420,1476,Céfuroxime
3421,1476,céfuroxime axétil
3422,1477,Céfuroxime
3423,1477,céfuroxime axétil
3424,1478,Céfuroxime
3425,1478,céfuroxime sel de Na
3426,1478,céfuroxime axétil
3427,1479,Céfuroxime
3428,1479,céfuroxime axétil
3429,1480,Céfuroxime
3430,1480,céfuroxime axétil
3431,1481,Ceftriaxone
3432,1481,ceftriaxone sodique
3433,1482,Céfuroxime
3434,1482,céfuroxime sel de Na
3435,1482,céfuroxime axétil
3436,1483,Céfuroxime
3437,1483,céfuroxime axétil
3438,1484,ceftriaxone sodique
3439,1485,ceftriaxone sodique
3440,1486,Ceftriaxone
3441,1486,ceftriaxone sodique
3442,1487,Ceftriaxone
3443,1487,ceftriaxone sodique
3444,1488,Ceftriaxone
3445,1488,ceftriaxone sodique
3446,1489,Ceftriaxone
3447,1489,ceftriaxone sodique
3448,1490,Ceftriaxone
3449,1490,ceftriaxone sodique
3450,1491,ceftriaxone sodique
3451,1492,ceftriaxone sodique
3452,1493,Ceftriaxone
3453,1493,ceftriaxone sodique
3454,1494,Ceftriaxone
3455,1494,ceftriaxone sodique
3456,1495,ceftazidime pentahydrate
3457,1496,Ceftriaxone
3458,1496,ceftriaxone sodique
3459,1497,Ceftriaxone
3460,1497,ceftriaxone sodique
3461,1498,Ceftriaxone
3462,1498,ceftriaxone sodique
3463,1499,Cefpodoxime
3464,1499,cefpodoxime proxétil
3465,1500,ceftazidime pentahydrate
3466,1501,ceftazidime pentahydrate
3467,1502,ceftazidime pentahydrate
3468,1503,ceftazidime pentahydrate
3469,1504,Cefpodoxime
3470,1504,cefpodoxime proxétil
3471,1505,cefpodoxime proxétil
3472,1506,Cefpodoxime
3473,1506,cefpodoxime proxétil
3474,1507,Cefpodoxime
3475,1507,cefpodoxime proxétil
3476,1508,Cefpodoxime
3477,1508,cefpodoxime proxétil
3478,1509,Cefpodoxime
3479,1509,cefpodoxime proxétil
3480,1510,Cefpodoxime
3481,1510,cefpodoxime proxétil
3482,1511,céfoxitine sel de Na
3483,1512,Cefpodoxime
3484,1512,cefpodoxime proxétil
3485,1513,Cefpodoxime
3486,1513,cefpodoxime proxétil
3487,1515,céfotaxime sel de Na
3488,1516,céfotaxime sel de Na
3489,1517,céfotaxime sel de Na
3490,1518,céfoxitine sel de Na
3491,1519,Céfixime
3492,1519,céfixime trihydrate
3493,1520,Céfixime
3494,1520,céfixime trihydrate
3495,1521,céfixime trihydrate
3496,1522,Céfixime
3497,1522,céfixime trihydrate
3498,1523,Céfixime
3499,1523,cefpodoxime proxétil
3500,1523,céfixime trihydrate
3501,1524,Céfixime
3502,1524,céfixime trihydrate
3503,1525,Céfixime
3504,1525,céfixime trihydrate
3505,1526,Céfixime
3506,1526,céfixime trihydrate
3507,1527,Céfixime
3508,1527,céfixime trihydrate
3509,1528,Céfixime
3510,1528,céfixime trihydrate
3511,1529,céfixime trihydrate
3512,1530,Céfixime
3513,1530,céfixime trihydrate
3514,1532,céfépime chlorhydrate monohydrate
3515,1533,céfépime chlorhydrate monohydrate
3516,1534,céfazoline sodique
3517,1535,céfépime chlorhydrate monohydrate
3518,1536,céfépime chlorhydrate monohydrate
3519,1537,céfépime chlorhydrate monohydrate
3520,1538,céfépime chlorhydrate monohydrate
3521,1539,Céfadroxil
3522,1539,céfadroxil monohydrate
3523,1541,Paracétamol
3524,1541,Caféine
3525,1541,paracétamol
3526,1541,caféine
3527,1542,céfazoline sodique
3528,1543,céfazoline sodique
3529,1544,isoflurane
3530,1545,oxybuprocaïne chlorhydrate
3531,1546,Néomycine sulfate
3532,1546,Polymyxine B sulfate
3533,1546,néomycine sulfate
3534,1546,polymyxine B sulfate
3535,1547,Flurbiprofène
3536,1547,flurbiprofène
3537,1549,aztréonam lysine
3538,1550,Pyridoxine chlorhydrate (vitamine B6)
3539,1550,Glycine
3540,1550,Acide aspartique sels de magnésium et de potassium
3541,1550,Acide glutamique
3542,1550,acide L-glutamique
3543,1550,glycine
3544,1550,acide aspartique sels de K et de Mg dihydrate
3545,1550,pyridoxine chlorhydrate
3546,1551,Latanoprost
3547,1551,latanoprost
3548,1552,Alprostadil
3549,1552,alprostadil
3550,1553,Clonidine chlorhydrate
3551,1553,clonidine chlorhydrate
3552,1555,castor equi [H]
3553,1557,caspofungine acétate
3554,1558,caspofungine acétate
3555,1559,caspofungine acétate
3556,1560,caspofungine acétate
3557,1561,caspofungine acétate
3558,1562,caspofungine acétate
3559,1563,Bicalutamide
3560,1563,bicalutamide
3561,1564,caspofungine acétate
3562,1565,caspofungine acétate
3563,1566,caspofungine acétate
3564,1567,imdévimab
3565,1567,casirivimab
3566,1568,ciltacabtagène autoleucel
3567,1569,exagamglogène autotemcel
3568,1570,Carvédilol
3569,1570,carvédilol
3570,1571,Carvédilol
3571,1571,carvédilol
3572,1572,Carvédilol
3573,1572,carvédilol
3574,1573,carvédilol
3575,1573,ivabradine chlorhydrate
3576,1574,Carvédilol
3577,1574,carvédilol
3578,1575,Carvédilol
3579,1575,carvédilol
3580,1576,Carvédilol
3581,1576,carvédilol
3582,1577,Acéclofénac
3583,1577,acéclofénac
3584,1578,Absinthium 3 DH
3585,1578,Pulsatilla 4 DH
3586,1578,Collinsonia canadensis 3 DH
3587,1578,Nux vomica 4 DH
3588,1578,Lupulinum 2 DH
3589,1578,Mentha piperita TM
3590,1578,Taraxacum dens leonis 2 DH
3591,1578,absinthium [H]
3592,1578,anemone pulsatilla [H]
3593,1578,collinsonia canadensis [H]
3594,1578,nux vomica [H]
3595,1578,lupulinum [H]
3596,1578,mentha piperita [H]
3597,1578,taraxacum dens leonis [H]
3598,1580,Cartéolol chlorhydrate
3599,1580,cartéolol chlorhydrate
3600,1581,indigotine
3601,1582,carmustine
3602,1583,carmustine
3603,1584,carmustine
3604,1585,indigotine
3605,1586,Moxisylyte chlorhydrate
3606,1586,moxisylyte chlorhydrate
3607,1587,dexrazoxane chlorhydrate
3608,1588,Doxylamine succinate
3609,1588,Pyridoxine chlorhydrate (vitamine B6)
3610,1588,doxylamine succinate
3611,1588,pyridoxine chlorhydrate
3612,1589,tétrakis(2-méthoxy-isobutyl-isonitrile) cuivre tétrafluoroborate
3613,1590,Éthinylestradiol
3614,1590,Gestodène
3615,1590,gestodène
3616,1590,éthinylestradiol
3617,1591,"Aubépine, extrait sec de feuille et de fleur"
3618,1591,aubépine fleur et feuille extrait sec
3619,1592,strontium-82
3620,1593,carboxymaltose ferrique
3621,1594,carboxymaltose ferrique
3622,1595,Bisoprolol fumarate
3623,1595,Bisoprolol hémifumarate
3624,1595,bisoprolol fumarate
3625,1596,Carboplatine
3626,1596,carboplatine
3627,1597,Carboplatine
3628,1597,carboplatine
3629,1598,Charbon activé
3630,1598,Siméticone
3631,1598,Oxyde de magnésium lourd
3632,1598,charbon activé
3633,1598,siméticone
3634,1598,oxyde de magnésium lourd
3635,1599,carboplatine
3636,1600,Charbon activé
3637,1600,Siméticone
3638,1600,charbon activé
3639,1600,siméticone
3640,1601,Carboplatine
3641,1601,carboplatine
3642,1602,carboplatine
3643,1603,carboplatine
3644,1604,Carboplatine
3645,1604,carboplatine
3646,1605,Charbon activé
3647,1605,Levure déshydratée vivante
3648,1605,levure déshydratée vivante Saccharomyces cerevisiae
3649,1605,charbon activé
3650,1606,Carbocistéine
3651,1606,carbocistéine
3652,1607,Carbocistéine
3653,1607,carbocistéine
3654,1608,Carbocistéine
3655,1608,carbocistéine
3656,1609,Carbocistéine
3657,1609,carbocistéine
3658,1610,Carbocistéine
3659,1610,carbocistéine
3660,1611,Carbocistéine
3661,1611,carbocistéine
3662,1612,carbocistéine
3663,1613,Carbocistéine
3664,1613,carbocistéine
3665,1614,Carbocistéine
3666,1614,carbocistéine
3667,1615,Carbocistéine
3668,1615,carbocistéine
3669,1617,mépivacaïne chlorhydrate
3670,1618,carbétocine
3671,1619,acide carglumique
3672,1620,Carbamazépine
3673,1620,carbamazépine
3674,1621,Charbon activé
3675,1621,charbon activé
3676,1622,Carbamazépine
3677,1622,carbamazépine
3678,1624,"Polyosides de 21 types différents de Streptococcus pneumoniae (sérotypes 3, 6A, 7F, 8, 9N, 10A, 11A, 12F, 15A, 15B, 16F, 17F, 19A, 20A, 22F, 23A, 23B, 24F, 31, 33F et 35B)"
3679,1624,"polyoside pneumococcique types 3,6A,7F,8,9N,10A,11A,12F,15A,15B,16F,17F,19A,20A,22F,23A,23B,24F,31,3"
3680,1624,protéine CRM-197 de Corynebacterium diphteriae
3681,1625,Captopril
3682,1625,Hydrochlorothiazide
3683,1625,captopril
3684,1625,hydrochlorothiazide
3685,1626,Captopril
3686,1626,Hydrochlorothiazide
3687,1626,captopril
3688,1626,hydrochlorothiazide
3689,1627,Captopril
3690,1627,Hydrochlorothiazide
3691,1627,captopril
3692,1627,hydrochlorothiazide
3693,1628,Captopril
3694,1628,Hydrochlorothiazide
3695,1628,captopril
3696,1628,hydrochlorothiazide
3697,1629,Captopril
3698,1629,captopril
3699,1630,Captopril
3700,1630,captopril
3701,1631,Captopril
3702,1631,captopril
3703,1632,Captopril
3704,1632,captopril
3705,1633,tiopronine
3706,1634,sodium iodure 131I
3707,1635,capécitabine
3708,1636,vandétanib
3709,1637,Captopril
3710,1637,captopril
3711,1638,Capécitabine
3712,1638,capécitabine
3713,1639,Capécitabine
3714,1639,capécitabine
3715,1640,Capécitabine
3716,1640,capécitabine
3717,1641,Capécitabine
3718,1641,capécitabine
3719,1642,Capécitabine
3720,1642,capécitabine
3721,1643,Capécitabine
3722,1643,capécitabine
3723,1644,Capécitabine
3724,1644,capécitabine
3725,1645,Lysozyme chlorhydrate
3726,1645,Chlorhexidine acétate
3727,1645,Tétracaïne chlorhydrate
3728,1645,lysozyme chlorhydrate
3729,1645,chlorhexidine acétate
3730,1645,tétracaïne chlorhydrate
3731,1646,Capécitabine
3732,1646,capécitabine
3733,1647,Hymécromone
3734,1647,hymécromone
3735,1648,"Petite centaurée, poudre de partie aérienne fleurie"
3736,1648,"Livèche, poudre de racine"
3737,1648,"Romarin, poudre de feuille"
3738,1648,petite centaurée partie aérienne fleurie poudre
3739,1648,livèche racine poudre
3740,1648,romarin feuille poudre
3741,1649,Candésartan cilexetil
3742,1649,Hydrochlorothiazide
3743,1649,candésartan cilexétil
3744,1649,hydrochlorothiazide
3745,1650,Candésartan cilexetil
3746,1650,Hydrochlorothiazide
3747,1650,candésartan cilexétil
3748,1650,hydrochlorothiazide
3749,1652,Candésartan cilexetil
3750,1652,Hydrochlorothiazide
3751,1652,candésartan cilexétil
3752,1652,hydrochlorothiazide
3753,1653,Candésartan cilexetil
3754,1653,Hydrochlorothiazide
3755,1653,candésartan cilexétil
3756,1653,hydrochlorothiazide
3757,1654,Candésartan cilexetil
3758,1654,Hydrochlorothiazide
3759,1654,candésartan cilexétil
3760,1654,hydrochlorothiazide
3761,1655,Candésartan cilexetil
3762,1655,Hydrochlorothiazide
3763,1655,candésartan cilexétil
3764,1655,hydrochlorothiazide
3765,1656,Candésartan cilexetil
3766,1656,Hydrochlorothiazide
3767,1656,candésartan cilexétil
3768,1656,hydrochlorothiazide
3769,1657,Candésartan cilexetil
3770,1657,Hydrochlorothiazide
3771,1657,candésartan cilexétil
3772,1657,hydrochlorothiazide
3773,1658,Candésartan cilexetil
3774,1658,Hydrochlorothiazide
3775,1658,candésartan cilexétil
3776,1658,hydrochlorothiazide
3777,1659,Candésartan cilexetil
3778,1659,Hydrochlorothiazide
3779,1659,candésartan cilexétil
3780,1659,hydrochlorothiazide
3781,1660,Candésartan cilexetil
3782,1660,Hydrochlorothiazide
3783,1660,candésartan cilexétil
3784,1660,hydrochlorothiazide
3785,1661,Candésartan cilexetil
3786,1661,Hydrochlorothiazide
3787,1661,candésartan cilexétil
3788,1661,hydrochlorothiazide
3789,1662,Candésartan cilexetil
3790,1662,candésartan cilexétil
3791,1663,Candésartan cilexetil
3792,1663,candésartan cilexétil
3793,1664,Candésartan cilexetil
3794,1664,candésartan cilexétil
3795,1665,candésartan cilexétil
3796,1666,Candésartan cilexetil
3797,1666,candésartan cilexétil
3798,1667,candésartan cilexétil
3799,1668,Candésartan cilexetil
3800,1668,candésartan cilexétil
3801,1669,Candésartan cilexetil
3802,1669,candésartan cilexétil
3803,1670,Candésartan cilexetil
3804,1670,candésartan cilexétil
3805,1671,Candésartan cilexetil
3806,1671,candésartan cilexétil
3807,1672,candésartan cilexétil
3808,1673,Candésartan cilexetil
3809,1673,candésartan cilexétil
3810,1674,Candésartan cilexetil
3811,1674,candésartan cilexétil
3812,1675,Sertaconazole nitrate
3813,1675,sertaconazole nitrate
3814,1677,mavacamten
3815,1678,Candésartan cilexetil
3816,1678,candésartan cilexétil
3817,1679,Candésartan cilexétil
3818,1679,candésartan cilexétil
3819,1680,Irinotécan chlorhydrate trihydraté
3820,1680,irinotécan chlorhydrate trihydrate
3821,1681,alemtuzumab
3822,1682,Camphre
3823,1682,camphre racémique
3824,1683,Chamomilla vulgaris 9 CH
3825,1683,Phytolacca decandra 5 CH
3826,1683,Rheum 5 CH
3827,1683,chamomilla vulgaris [H]
3828,1683,phytolacca decandra [H]
3829,1683,rheum [H]
3830,1684,leuproréline mésilate
3831,1685,Calcium
3832,1685,Colécalciférol (vitamine D3)
3833,1685,calcium carbonate
3834,1685,colécalciférol
3835,1686,Eucalyptol (cinéole)
3836,1686,Terpinéol
3837,1686,"Pin, huile essentielle"
3838,1686,"Thym, huile essentielle"
3839,1686,"Romarin, huile essentielle"
3840,1686,cinéole
3841,1686,alpha-terpinéol
3842,1686,pin sylvestre essence
3843,1686,thym essence
3844,1686,romarin essence
3845,1687,Carbonate de calcium
3846,1687,calcium carbonate
3847,1688,Carbonate de calcium
3848,1688,calcium carbonate
3849,1689,acalabrutinib maléate
3850,1689,acalabrutinib
3851,1690,calendula officinal teinture [H]
3852,1691,Calcium carbonate
3853,1691,Colécalciférol (vitamine D3)
3854,1691,colécalciférol concentré
3855,1691,calcium carbonate
3856,1692,calendula officinal teinture [H]
3857,1693,Carbonate de calcium
3858,1693,calcium carbonate
3859,1694,calendula officinal teinture [H]
3860,1695,Calendula officinalis 1 DH
3861,1695,Sarsaparilla 1 DH
3862,1695,Clematis vitalba 1 DH
3863,1695,Arnica montana 3 DH
3864,1695,Ruta graveolens 8 DH
3865,1695,Hamamelis virginiana 2 DH
3866,1695,Bellis perennis 2 DH
3867,1695,calendula officinal [H]
3868,1695,sarsaparilla [H]
3869,1695,clematis vitalba [H]
3870,1695,arnica montana [H]
3871,1695,ruta graveolens [H]
3872,1695,hamamelis virginiana [H]
3873,1695,bellis perennis [H]
3874,1696,"Calendula officinalis, teinture mère"
3875,1696,calendula officinal teinture [H]
3876,1697,Calcium carbonate
3877,1697,Colécalciférol (vitamine D3)
3878,1697,calcium carbonate
3879,1697,colécalciférol
3880,1698,Calcium carbonate
3881,1698,Colécalciférol (vitamine D3)
3882,1698,calcium carbonate
3883,1698,colécalciférol concentré
3884,1699,Calcium carbonate
3885,1699,Colécalciférol (vitamine D3)
3886,1699,calcium carbonate
3887,1699,colécalciférol
3888,1700,Calcium carbonate
3889,1700,Colécalciférol (vitamine D3)
3890,1700,calcium carbonate
3891,1700,colécalciférol
3892,1701,Calcium carbonate
3893,1701,Colécalciférol (vitamine D3)
3894,1701,calcium carbonate
3895,1701,colécalciférol concentré pulvérulent
3896,1702,Calcium carbonate
3897,1702,Colécalciférol (vitamine D3)
3898,1702,calcium carbonate
3899,1702,colécalciférol concentré pulvérulent
3900,1703,Gluconolactate de calcium
3901,1703,Carbonate de calcium
3902,1703,calcium gluconolactate
3903,1703,calcium carbonate
3904,1704,calcium édétate de sodium
3905,1705,Calcitonine de synthèse
3906,1705,calcitonine synthétique de saumon
3907,1706,Calcitonine de synthèse
3908,1706,calcitonine de saumon
3909,1707,Carbonate de calcium
3910,1707,calcium carbonate
3911,1708,Carbonate de calcium
3912,1708,calcium carbonate
3913,1709,Calcium carbonate
3914,1709,Colécalciférol (vitamine D3)
3915,1709,colécalciférol concentré pulvérulent
3916,1709,calcium carbonate
3917,1710,Calcipotriol
3918,1710,Bétaméthasone
3919,1710,calcipotriol monohydrate
3920,1710,bétaméthasone dipropionate
3921,1711,Calcium carbonate
3922,1711,calcium carbonate
3923,1712,Héparine calcique
3924,1712,héparine calcique
3925,1713,calcium carbonate
3926,1713,colécalciférol concentré pulvérulent
3927,1714,calcium carbonate
3928,1715,Calcium carbonate
3929,1715,Colécalciférol (vitamine D3)
3930,1715,Levure
3931,1715,calcium carbonate
3932,1715,colécalciférol
3933,1715,levure Saccharomyces cerevisiae
3934,1716,Gluconate de calcium
3935,1716,Lactate de calcium
3936,1716,Glucoheptonate de calcium
3937,1716,Chlorure de calcium
3938,1716,Levure Saccharomyces cerevisiae
3939,1716,calcium gluconate
3940,1716,calcium lactate pentahydrate
3941,1716,calcium gluceptate
3942,1716,calcium chlorure
3943,1716,levure Saccharomyces cerevisiae
3944,1717,Calcifédiol (vitamine D3 hydroxylée)
3945,1717,calcifédiol monohydrate
3946,1718,Calcifédiol (vitamine D3 hydroxylée)
3947,1718,calcifédiol monohydrate
3948,1719,Calcium carbonate
3949,1719,calcium carbonate
3950,1720,Bromo-galactogluconate de calcium
3951,1720,calcium bromogalactogluconate
3952,1721,Calcium carbonate
3953,1721,Colécalciférol (vitamine D3)
3954,1721,colécalciférol concentré pulvérulent
3955,1721,calcium carbonate
3956,1722,Calcium carbonate
3957,1722,calcium carbonate
3958,1723,doxorubicine chlorhydrate liposomale pégylée
3959,1724,pentétate de calcium trisodique
3960,1725,Calcium carbonate
3961,1725,Colécalciférol (vitamine D3)
3962,1725,calcium carbonate
3963,1725,colécalciférol
3964,1726,calcium chlorure dihydrate
3965,1727,Amlodipine
3966,1727,Atorvastatine
3967,1727,amlodipine bésilate
3968,1727,atorvastatine calcique trihydrate
3969,1728,caplacizumab
3970,1729,cabozantinib malate
3971,1730,Carbonate de calcium
3972,1730,calcium carbonate
3973,1731,Clobétasol propionate
3974,1731,clobétasol propionate
3975,1732,Calcium (sous forme de carbonate de calcium)
3976,1732,Colécalciférol (vitamine D3)
3977,1732,calcium carbonate
3978,1732,colécalciférol concentré pulvérulent
3979,1732,colécalciférol concentré
3980,1733,Buprénorphine
3981,1733,buprénorphine chlorhydrate
3982,1734,Buprénorphine
3983,1734,buprénorphine chlorhydrate
3984,1735,Buprénorphine
3985,1735,buprénorphine chlorhydrate
3986,1736,Buprénorphine
3987,1736,buprénorphine chlorhydrate
3988,1737,Buprénorphine
3989,1737,Naloxone
3990,1737,buprénorphine chlorhydrate
3991,1737,naloxone chlorhydrate dihydrate
3992,1738,Buprénorphine
3993,1738,buprénorphine chlorhydrate
3994,1739,bupivacaïne chlorhydrate
3995,1740,Buprénorphine
3996,1740,buprénorphine chlorhydrate
3997,1741,Buprénorphine
3998,1741,buprénorphine chlorhydrate
3999,1744,buprénorphine chlorhydrate
4000,1745,bupivacaïne chlorhydrate monohydrate
4001,1746,bupivacaïne chlorhydrate monohydrate
4002,1747,paclitaxel-albumine
4003,1748,Budésonide micronisé
4004,1748,budésonide
4005,1749,Budésonide
4006,1749,budésonide
4007,1750,Budésonide
4008,1750,budésonide
4009,1751,Budésonide
4010,1751,Formotérol fumarate
4011,1751,budésonide
4012,1751,formotérol fumarate dihydrate
4013,1752,Budésonide
4014,1752,budésonide
4015,1753,Budésonide
4016,1753,budésonide
4017,1754,Budésonide
4018,1754,budésonide
4019,1755,Budésonide
4020,1755,budésonide
4021,1756,Budésonide
4022,1756,budésonide
4023,1757,Midazolam
4024,1757,midazolam chlorhydrate
4025,1758,Budésonide
4026,1758,budésonide
4027,1759,Budésonide
4028,1759,budésonide
4029,1760,Bétaméthasone
4030,1760,bétaméthasone valérate
4031,1761,Oxyde de zinc
4032,1761,Baume du Pérou
4033,1761,Phénazone
4034,1761,Phénol
4035,1761,Salicylate de sodium
4036,1761,zinc oxyde
4037,1761,phénazone
4038,1761,phénol
4039,1761,sodium salicylate
4040,1761,baume du Pérou
4041,1762,Ibuprofène
4042,1762,ibuprofène
4043,1763,"Guimauve, extrait fluide de racine"
4044,1763,"Thym, extrait sec de partie aérienne"
4045,1763,guimauve racine extrait
4046,1763,thym partie aérienne extrait
4047,1764,zanubrutinib
4048,1765,Thym extrait sec de feuille
4049,1765,thym feuille extrait
4050,1766,Fénotérol bromhydrate
4051,1766,Ipratropium bromure
4052,1766,fénotérol bromhydrate
4053,1766,ipratropium bromure monohydrate
4054,1767,Cinéole (eucalyptol)
4055,1767,Gaïacol
4056,1767,"Pin, huile essentielle"
4057,1767,cinéole
4058,1767,gaïacol créosote
4059,1767,pin essence
4060,1767,amyléine chlorhydrate
4061,1767,gaïacol
4062,1768,Carbocistéine
4063,1768,carbocistéine
4064,1769,Carbocistéine
4065,1769,carbocistéine
4066,1770,scopolamine bromhydrate
4067,1771,Pholcodine
4068,1771,Chlorphénamine maléate
4069,1771,pholcodine
4070,1771,chlorphénamine maléate
4071,1772,Carbocistéine
4072,1772,carbocistéine
4073,1773,Bromazépam
4074,1773,bromazépam
4075,1774,Bromazépam
4076,1774,bromazépam
4077,1775,Bromazépam
4078,1775,bromazépam
4079,1776,Bromazépam
4080,1776,bromazépam
4081,1777,Bromazépam
4082,1777,bromazépam
4083,1778,Bromazépam
4084,1778,bromazépam
4085,1779,propamidine isétionate
4086,1780,Bromazépam
4087,1780,bromazépam
4088,1781,Bromazépam
4089,1781,bromazépam
4090,1782,Brivaracétam
4091,1782,brivaracétam
4092,1783,Brinzolamide
4093,1783,Timolol
4094,1783,brinzolamide
4095,1783,timolol maléate
4096,1784,Brinzolamide
4097,1784,Timolol
4098,1784,brinzolamide
4099,1784,timolol maléate
4100,1785,Brinzolamide
4101,1785,Timolol
4102,1785,brinzolamide
4103,1785,timolol maléate
4104,1786,Brinzolamide
4105,1786,Brimonidine tartrate
4106,1786,brinzolamide
4107,1786,brimonidine tartrate
4108,1787,Brinzolamide
4109,1787,brinzolamide
4110,1788,Brinzolamide
4111,1788,brinzolamide
4112,1789,Brinzolamide
4113,1789,brinzolamide
4114,1790,Brinzolamide
4115,1790,brinzolamide
4116,1791,Brinzolamide
4117,1791,brinzolamide
4118,1792,Brinzolamide
4119,1792,brinzolamide
4120,1794,cerliponase alfa
4121,1795,Brimonidine
4122,1795,Timolol
4123,1795,brimonidine tartrate
4124,1795,timolol maléate
4125,1796,Brimonidine
4126,1796,Timolol
4127,1796,brimonidine tartrate
4128,1796,timolol maléate
4129,1797,Vortioxétine
4130,1797,vortioxétine bromhydrate
4131,1798,Brimonidine
4132,1798,Timolol
4133,1798,brimonidine tartrate
4134,1798,timolol maléate
4135,1799,Brimonidine tartrate
4136,1799,brimonidine tartrate
4137,1800,Brimonidine tartrate
4138,1800,brimonidine tartrate
4139,1801,Brimonidine tartrate
4140,1801,brimonidine tartrate
4141,1802,Brimonidine tartrate
4142,1802,brimonidine tartrate
4143,1803,Brimonidine tartrate
4144,1803,brimonidine tartrate
4145,1805,sugammadex sodique
4146,1806,Brimonidine tartrate
4147,1806,brimonidine tartrate
4148,1807,Ticagrélor
4149,1807,ticagrélor
4150,1808,lisocabtagène maraleucel
4151,1809,esmolol chlorhydrate
4152,1810,Piroxicam bêta-cyclodextrine
4153,1810,piroxicam bétadex
4154,1811,sodium chlorure
4155,1811,potassium chlorure
4156,1811,magnésium chlorure hexahydrate
4157,1811,histidine chlorhydrate
4158,1811,histidine
4159,1811,tryptophane
4160,1811,mannitol
4161,1811,calcium chlorure dihydrate
4162,1811,acide cétoglutarique
4163,1812,Terbutaline sulfate
4164,1812,terbutaline sulfate
4165,1815,Fentanyl
4166,1815,fentanyl citrate
4167,1816,immunoglobulines T antivenin d'origine équine : fragments F(ab')2
4168,1817,toxine botulinique type A
4169,1818,encorafénib
4170,1820,bosutinib
4171,1821,bosutinib
4172,1822,bosutinib
4173,1823,bosentan monohydrate
4174,1824,bosentan monohydrate
4175,1825,bosentan monohydrate
4176,1826,Bosutinib
4177,1826,bosutinib monohydrate
4178,1827,bosutinib
4179,1828,bortézomib
4180,1829,bortézomib ester boronique de mannitol
4181,1830,bosentan monohydrate
4182,1831,bosentan monohydrate
4183,1832,bosentan monohydrate
4184,1833,bortézomib ester boronique de mannitol
4185,1834,bortézomib ester boronique de mannitol
4186,1835,bortézomib ester boronique de mannitol
4187,1836,bortézomib ester boronique de mannitol
4188,1837,bortézomib
4189,1838,bortézomib
4190,1839,bortézomib ester boronique de mannitol
4191,1840,bortézomib ester boronique de mannitol
4192,1841,bortézomib ester boronique de mannitol
4193,1842,bortézomib ester boronique de mannitol
4194,1843,bortézomib ester boronique de mannitol
4195,1844,bortézomib ester boronique de mannitol
4196,1845,Acide borique
4197,1845,Borate de sodium
4198,1845,sodium borate
4199,1845,acide borique
4200,1846,Acide borique
4201,1846,Borax
4202,1846,sodium borate
4203,1846,acide borique
4204,1847,Acide borique
4205,1847,Borate de sodium
4206,1847,sodium borate
4207,1847,acide borique
4208,1848,Acide borique
4209,1848,Borate de sodium
4210,1848,sodium borate
4211,1848,acide borique
4212,1849,Acide borique
4213,1849,Borate de sodium
4214,1849,sodium borate
4215,1849,acide borique
4216,1850,Acide borique
4217,1850,Borate de sodium
4218,1850,sodium borate
4219,1850,acide borique
4220,1851,Acide borique
4221,1851,Borate de sodium
4222,1851,sodium borate
4223,1851,acide borique
4224,1852,"Olivier, extrait sec de feuille"
4225,1852,"Bouleau, extrait sec de feuille"
4226,1852,olivier extrait sec aqueux
4227,1852,bouleau extrait sec aqueux
4228,1853,Anatoxine diphtérique
4229,1853,Anatoxine tétanique purifiée
4230,1853,Antigènes coquelucheux (dont anatoxine pertussique)
4231,1853,"Virus poliomyélitiques inactivés de type 1, 2 et 3"
4232,1853,anatoxine diphtérique
4233,1853,anatoxine tétanique
4234,1853,anatoxine de Bordetella pertussis
4235,1853,hémagglutinine filamenteuse de Bordetella pertussis
4236,1853,pertactine de Bordetella pertussis
4237,1853,virus poliomyélitique inactivé type 1
4238,1853,virus poliomyélitique inactivé type 2
4239,1853,virus poliomyélitique inactivé type 3
4240,1854,Acide alendronique
4241,1854,acide alendronique sel monosodique trihydrate
4242,1855,acide ibandronique sel monosodique monohydrate
4243,1856,Acide ibandronique
4244,1856,acide ibandronique sel monosodique monohydrate
4245,1857,dénosumab
4246,1858,Povidone
4247,1858,crospovidone
4248,1859,Plantago major TM
4249,1859,Echinacea angustifolia TM
4250,1859,plantago major [H]
4251,1859,echinacea angustifolia [H]
4252,1860,"toxine botulinique type A, sans protéines complexantes"
4253,1862,Séné extrait de feuille
4254,1862,Romarin extrait
4255,1862,Boldine
4256,1862,séné feuille
4257,1862,boldine
4258,1862,séné feuille extrait sec
4259,1862,romarin extrait
4260,1863,bleu patenté V sodique
4261,1864,Estriol
4262,1864,estriol
4263,1865,blinatumomab
4264,1866,Bléomycine
4265,1866,bléomycine sulfate
4266,1868,bléomycine sulfate
4267,1870,bélantamab mafodotine
4268,1871,bivalirudine
4269,1872,Bimatoprost
4270,1872,Timolol
4271,1872,bimatoprost
4272,1872,timolol maléate
4273,1873,Bisoprolol hémifumarate
4274,1873,Hydrochlorothiazide
4275,1873,bisoprolol fumarate
4276,1873,hydrochlorothiazide
4277,1874,Bisoprolol hémifumarate
4278,1874,Hydrochlorothiazide
4279,1874,bisoprolol fumarate
4280,1874,hydrochlorothiazide
4281,1875,Bisoprolol hémifumarate
4282,1875,Hydrochlorothiazide
4283,1875,bisoprolol fumarate
4284,1875,hydrochlorothiazide
4285,1876,Bisoprolol hémifumarate
4286,1876,Hydrochlorothiazide
4287,1876,bisoprolol fumarate
4288,1876,hydrochlorothiazide
4289,1877,Bisoprolol hémifumarate
4290,1877,bisoprolol fumarate
4291,1878,Bisoprolol hémifumarate
4292,1878,Hydrochlorothiazide
4293,1878,bisoprolol fumarate
4294,1878,hydrochlorothiazide
4295,1879,Bisoprolol hémifumarate
4296,1879,Hydrochlorothiazide
4297,1879,bisoprolol fumarate
4298,1879,hydrochlorothiazide
4299,1880,Bisoprolol hémifumarate
4300,1880,Hydrochlorothiazide
4301,1880,bisoprolol fumarate
4302,1880,hydrochlorothiazide
4303,1881,Bisoprolol hémifumarate
4304,1881,Hydrochlorothiazide
4305,1881,bisoprolol fumarate
4306,1881,hydrochlorothiazide
4307,1882,Bisoprolol hémifumarate
4308,1882,bisoprolol fumarate
4309,1883,Bisoprolol fumarate
4310,1883,bisoprolol fumarate
4311,1884,Bisoprolol fumarate
4312,1884,bisoprolol fumarate
4313,1885,bisoprolol fumarate
4314,1886,Bisoprolol fumarate
4315,1886,bisoprolol fumarate
4316,1887,Bisoprolol hémifumarate
4317,1887,bisoprolol fumarate
4318,1888,Bisoprolol fumarate
4319,1888,bisoprolol fumarate
4320,1889,Bisoprolol hémifumarate
4321,1889,bisoprolol fumarate
4322,1890,Bisoprolol hémifumarate
4323,1890,bisoprolol fumarate
4324,1891,bisoprolol fumarate
4325,1892,Bisoprolol hémifumarate
4326,1892,bisoprolol fumarate
4327,1893,bisoprolol fumarate
4328,1894,Bisoprolol fumarate
4329,1894,bisoprolol fumarate
4330,1895,Bisoprolol fumarate
4331,1895,bisoprolol fumarate
4332,1896,Bisoprolol hémifumarate
4333,1896,bisoprolol fumarate
4334,1897,Bisoprolol fumarate
4335,1897,bisoprolol fumarate
4336,1898,Bisoprolol hémifumarate
4337,1898,Hydrochlorothiazide
4338,1898,bisoprolol fumarate
4339,1898,hydrochlorothiazide
4340,1899,Bisoprolol hémifumarate
4341,1899,bisoprolol fumarate
4342,1900,Bisoprolol hémifumarate
4343,1900,bisoprolol fumarate
4344,1901,Bisoprolol hémifumarate
4345,1901,bisoprolol fumarate
4346,1902,Bisoprolol fumarate
4347,1902,bisoprolol fumarate
4348,1903,Bisoprolol hémifumarate
4349,1903,bisoprolol fumarate
4350,1904,Bisoprolol hémifumarate
4351,1904,bisoprolol fumarate
4352,1905,Bisoprolol hémifumarate
4353,1905,bisoprolol fumarate
4354,1906,Bromhexine chlorhydrate
4355,1906,bromhexine chlorhydrate
4356,1907,bisoprolol fumarate
4357,1908,Bisoprolol hémifumarate
4358,1908,bisoprolol fumarate
4359,1909,Chlorhexidine gluconate
4360,1909,Benzalkonium chlorure
4361,1909,Alcool benzylique
4362,1909,chlorhexidine gluconate
4363,1909,benzalkonium chlorure
4364,1909,alcool benzylique
4365,1910,Chlorhexidine gluconate
4366,1910,Benzalkonium chlorure
4367,1910,Alcool benzylique
4368,1910,chlorhexidine gluconate
4369,1910,benzalkonium chlorure
4370,1910,alcool benzylique
4371,1911,Bisoprolol hémifumarate
4372,1911,bisoprolol fumarate
4373,1912,Bisacodyl
4374,1912,bisacodyl
4375,1913,Bisacodyl
4376,1913,bisacodyl
4377,1914,Bisacodyl
4378,1914,bisacodyl
4379,1915,Bisacodyl
4380,1915,bisacodyl
4381,1916,Bisacodyl
4382,1916,bisacodyl
4383,1917,Spiramycine
4384,1917,Métronidazole
4385,1917,spiramycine
4386,1917,métronidazole
4387,1918,Bisacodyl
4388,1918,bisacodyl
4389,1919,Bisacodyl
4390,1919,bisacodyl
4391,1920,Périndopril arginine
4392,1920,Indapamide
4393,1920,périndopril arginine
4394,1920,indapamide
4395,1921,sodium chlorure
4396,1921,bicarbonate de sodium
4397,1921,potassium chlorure
4398,1921,phosphate disodique dihydrate
4399,1921,magnésium chlorure hexahydrate
4400,1921,sodium
4401,1921,potassium
4402,1921,magnésium
4403,1921,chlorure
4404,1921,hydrogénophosphate
4405,1921,bicarbonate
4406,1922,Chlorhexidine digluconate
4407,1922,chlorhexidine gluconate solution
4408,1923,Oxyde de zinc
4409,1923,Peroxyde de zinc titré à 70 %
4410,1923,Dioxyde de titane
4411,1923,zinc oxyde
4412,1923,zinc peroxyde
4413,1923,titane dioxyde
4414,1924,potassium chlorure
4415,1924,sodium chlorure
4416,1924,glucose monohydrate
4417,1925,Biotine (vitamine H)
4418,1925,biotine
4419,1926,Magnesia muriatica 1 DH
4420,1926,Magnesia bromata 4 DH
4421,1926,Magnesia phosphorica 1 DH
4422,1926,Plumbum metallicum 8 DH
4423,1926,Kalium phosphoricum 5 DH
4424,1926,Ambra grisea 8 DH
4425,1926,magnesia muriatica [H]
4426,1926,magnesia bromata [H]
4427,1926,magnesia phosphorica [H]
4428,1926,plumbum metallicum [H]
4429,1926,kalium phosphoricum [H]
4430,1926,ambra grisea [H]
4431,1927,Tramadol chlorhydrate
4432,1927,tramadol chlorhydrate
4433,1928,"Aubépine, extrait de sommités fleuries et de fruits"
4434,1928,"Agripaume, teinture de parties aériennes"
4435,1928,"Valériane, teinture de racines"
4436,1928,"Avoine, extrait de parties aériennes fleuries"
4437,1928,"Mélisse, extrait de parties aériennes"
4438,1928,"Passiflore, teinture de parties aériennes"
4439,1928,aubépine sommité fleurie et fruit extrait fluide hydroalcoolique
4440,1928,passiflore partie aérienne teinture
4441,1928,valériane racine teinture
4442,1928,avoine partie aérienne fleurie extrait fluide hydroalcoolique
4443,1928,mélisse partie aérienne fleurie extrait fluide hydroalcoolique
4444,1928,agripaume partie aérienne teinture
4445,1929,larves de Lucilia sericata
4446,1930,Pholcodine
4447,1930,pholcodine
4448,1931,Céthexonium bromure
4449,1931,céthexonium bromure
4450,1932,Bimatoprost
4451,1932,Timolol
4452,1932,bimatoprost
4453,1932,timolol maléate
4454,1933,Bimékizumab
4455,1933,bimékizumab
4456,1934,Époétine alfa
4457,1934,époétine alfa
4458,1935,carmustine
4459,1936,bicarbonate de sodium
4460,1937,Bifonazole
4461,1937,bifonazole
4462,1938,Bictégravir
4463,1938,Emtricitabine
4464,1938,Ténofovir alafénamide
4465,1938,bictégravir sodique
4466,1938,emtricitabine
4467,1938,ténofovir alafénamide fumarate
4468,1939,calcium chlorure dihydrate
4469,1939,sodium chlorure
4470,1939,bicarbonate de sodium
4471,1939,glucose monohydrate
4472,1939,magnésium chlorure hexahydrate
4473,1940,bicarbonate de sodium
4474,1941,bicarbonate de sodium
4475,1942,bicarbonate de sodium
4476,1943,bicarbonate de sodium
4477,1944,bicarbonate de sodium
4478,1945,Bicalutamide
4479,1945,bicalutamide
4480,1946,Bicalutamide
4481,1946,bicalutamide
4482,1947,Bicalutamide
4483,1947,bicalutamide
4484,1948,Bicalutamide
4485,1948,bicalutamide
4486,1949,bicarbonate de sodium
4487,1950,Bicalutamide
4488,1950,bicalutamide
4489,1951,Bicalutamide
4490,1951,bicalutamide
4491,1952,Bicalutamide
4492,1952,bicalutamide
4493,1953,Bicalutamide
4494,1953,bicalutamide
4495,1954,Bicalutamide
4496,1954,bicalutamide
4497,1955,Bicalutamide
4498,1955,bicalutamide
4499,1956,Bicalutamide
4500,1956,bicalutamide
4501,1957,Bicalutamide
4502,1957,bicalutamide
4503,1958,bicarbonate de sodium
4504,1959,Trolamine
4505,1959,trolamine
4506,1960,Diltiazem chlorhydrate
4507,1960,diltiazem chlorhydrate
4508,1961,Trolamine
4509,1961,trolamine
4510,1962,Spiramycine
4511,1962,Métronidazole
4512,1962,spiramycine
4513,1962,métronidazole
4514,1963,Kétoprofène
4515,1963,kétoprofène
4516,1965,acoramidis chlorhydrate
4517,1966,Nirsévimab
4518,1966,nirsévimab
4519,1967,bexarotène
4520,1968,Protéines de Neisseria meningitidis du groupe B (adsorbées sur hydroxyde d'aluminium)
4521,1968,Neisseria meningitidis gpe B protéine de fusion recombinante NHBA
4522,1968,Neisseria meningitidis gpe B protéine recombinante NadA
4523,1968,Neisseria meningitidis gpe B protéine de fusion recombinante fHbp
4524,1968,Neisseria meningitidis gpe B vésicules de membrane externe
4525,1969,Thiamine chlorhydrate anhydre (vitamine B1)
4526,1969,thiamine chlorhydrate
4527,1970,Bétaxolol
4528,1970,bétaxolol chlorhydrate
4529,1971,mirabégron
4530,1972,Bétaméthasone
4531,1972,bétaméthasone valérate
4532,1973,Bétaméthasone
4533,1973,bétaméthasone phosphate disodique
4534,1974,Bétaméthasone
4535,1974,bétaméthasone valérate
4536,1975,Bétaxolol chlorhydrate
4537,1975,bétaxolol chlorhydrate
4538,1976,Bétaxolol chlorhydrate
4539,1976,bétaxolol chlorhydrate
4540,1977,Bétaxolol chlorhydrate
4541,1977,bétaxolol chlorhydrate
4542,1978,Bétaxolol chlorhydrate
4543,1978,bétaxolol chlorhydrate
4544,1979,Bétaxolol chlorhydrate
4545,1979,bétaxolol chlorhydrate
4546,1980,Bétahistine dichlorhydrate
4547,1980,bétahistine dichlorhydrate
4548,1981,Acide ascorbique (vitamine C)
4549,1981,Alpha-tocophérol acétate (vitamine E)
4550,1981,Bêta-carotène
4551,1981,Zinc pidolate
4552,1981,Sodium sélénite
4553,1981,sodium ascorbate
4554,1981,alpha-tocophérol acétate
4555,1981,bêta-carotène suspension huileuse à 30%
4556,1981,zinc pidolate
4557,1981,sélénite de sodium
4558,1982,Bétaméthasone
4559,1982,bétaméthasone
4560,1983,Bétaméthasone
4561,1983,bétaméthasone
4562,1983,bétaméthasone dipropionate
4563,1984,Bétaméthasone
4564,1984,bétaméthasone
4565,1985,Bétahistine dichlorhydrate
4566,1985,bétahistine dichlorhydrate
4567,1986,Bétahistine dichlorhydrate
4568,1986,bétahistine dichlorhydrate
4569,1987,Bétahistine dichlorhydrate
4570,1987,bétahistine dichlorhydrate
4571,1988,Bétahistine dichlorhydrate
4572,1988,bétahistine dichlorhydrate
4573,1989,Bétaméthasone
4574,1989,bétaméthasone
4575,1990,Bétahistine dichlorhydrate
4576,1990,bétahistine dichlorhydrate
4577,1991,Bétahistine dichlorhydrate
4578,1991,bétahistine dichlorhydrate
4579,1992,Bétahistine dichlorhydrate
4580,1992,bétahistine dichlorhydrate
4581,1993,Bétahistine dichlorhydrate
4582,1993,bétahistine dichlorhydrate
4583,1994,Bétahistine dichlorhydrate
4584,1994,bétahistine dichlorhydrate
4585,1995,facteur IX humain
4586,1996,Lévobunolol chlorhydrate
4587,1996,lévobunolol chlorhydrate
4588,1997,Interféron bêta-1 b recombinant
4589,1997,interféron bêta-1b recombinant
4590,1998,Bétahistine dichlorhydrate
4591,1998,bétahistine dichlorhydrate
4592,1999,Bétahistine dichlorhydrate
4593,1999,bétahistine dichlorhydrate
4594,2000,Povidone iodée
4595,2000,povidone iodée
4596,2001,Povidone iodée
4597,2001,povidone iodée
4598,2002,povidone iodée
4599,2002,éthanol à 96 %
4600,2003,Povidone iodée
4601,2003,povidone iodée
4602,2004,inotuzumab ozogamicine
4603,2005,ropéginterféron alfa-2b
4604,2006,Povidone iodée
4605,2006,povidone iodée
4606,2007,tasonermine
4607,2008,inhibiteur de la C1 estérase d'origine humaine
4608,2009,bérotralstat dichlorhydrate
4609,2010,immunoglobulines humaines anti-rabiques
4610,2011,berberis vulgaris [H]
4611,2011,colchicum autumnale [H]
4612,2011,colocynthis [H]
4613,2011,betula [H]
4614,2011,kalium carbonicum [H]
4615,2011,natrum sulfuricum [H]
4616,2011,gnaphalium polycephalum [H]
4617,2011,anemone pulsatilla [H]
4618,2011,acide oxalicum [H]
4619,2011,terebenthina [H]
4620,2012,Dexpanthénol (vitamine B5)
4621,2012,dexpanthénol
4622,2013,brolucizumab
4623,2014,bélimumab
4624,2015,Dexpanthénol (vitamine B5)
4625,2015,dexpanthénol
4626,2016,bendamustine chlorhydrate monohydrate
4627,2017,bendamustine chlorhydrate monohydrate
4628,2018,nonacog alfa
4629,2019,Thiamine chlorhydrate (vitamine B1)
4630,2019,thiamine chlorhydrate
4631,2020,Étanercept
4632,2020,étanercept
4633,2021,bendamustine chlorhydrate monohydrate
4634,2022,bendamustine chlorhydrate monohydrate
4635,2023,bendamustine chlorhydrate
4636,2024,bendamustine chlorhydrate monohydrate
4637,2025,bendamustine chlorhydrate
4638,2026,bendamustine chlorhydrate
4639,2027,Bénazépril chlorhydrate
4640,2027,Hydrochlorothiazide
4641,2027,bénazépril chlorhydrate
4642,2027,hydrochlorothiazide
4643,2028,Bénazépril chlorhydrate
4644,2028,Hydrochlorothiazide
4645,2028,bénazépril chlorhydrate
4646,2028,hydrochlorothiazide
4647,2029,Bénazépril chlorhydrate
4648,2029,bénazépril chlorhydrate
4649,2030,bendamustine chlorhydrate monohydrate
4650,2030,bendamustine chlorhydrate
4651,2031,Béclométasone dipropionate
4652,2031,béclométasone dipropionate
4653,2032,lomustine
4654,2033,"Pélargonium, extrait sec de racine"
4655,2033,pélargonium racine extrait sec
4656,2034,Follitropine alfa recombinante (FSH)
4657,2034,follitropine alfa
4658,2035,Bénazépril chlorhydrate
4659,2035,bénazépril chlorhydrate
4660,2037,Éthinylestradiol
4661,2037,Chlormadinone acétate
4662,2037,éthinylestradiol
4663,2037,chlormadinone acétate
4664,2038,Éthinylestradiol
4665,2038,Chlormadinone acétate
4666,2038,éthinylestradiol
4667,2038,chlormadinone acétate
4668,2039,Éthinylestradiol
4669,2039,Drospirénone
4670,2039,éthinylestradiol bétadex clathrate
4671,2039,drospirénone
4672,2040,éculizumab
4673,2041,Montmorillonite beidellitique (argile)
4674,2041,montmorillonite beidellitique
4675,2042,Chlorhydrate de thiamine (vitamine B1)
4676,2042,Phosphate de riboflavine (vitamine B2)
4677,2042,Nicotinamide (vitamine PP)
4678,2042,Chlorhydrate de pyridoxine (vitamine B6)
4679,2042,Dexpanthénol (vitamine B5)
4680,2042,thiamine chlorhydrate
4681,2042,riboflavine phosphate sel de Na
4682,2042,nicotinamide
4683,2042,pyridoxine chlorhydrate
4684,2042,dexpanthénol
4685,2043,Bézafibrate
4686,2043,bézafibrate
4687,2044,Béclométasone dipropionate
4688,2044,béclométasone dipropionate
4689,2045,Béclométasone dipropionate
4690,2045,béclométasone dipropionate monohydrate
4691,2046,Béclométasone dipropionate
4692,2046,béclométasone dipropionate
4693,2047,béclométasone dipropionate
4694,2047,formotérol fumarate dihydrate
4695,2048,Béclométasone dipropionate
4696,2048,béclométasone dipropionate anhydre
4697,2049,Béclométasone dipropionate
4698,2049,Formotérol fumarate dihydraté
4699,2049,béclométasone dipropionate
4700,2049,formotérol fumarate dihydrate
4701,2050,béclométasone dipropionate
4702,2050,formotérol fumarate
4703,2051,Béclométasone dipropionate
4704,2051,béclométasone dipropionate
4705,2052,Béclométasone dipropionate
4706,2052,Formotérol fumarate dihydraté
4707,2052,béclométasone dipropionate
4708,2052,formotérol fumarate dihydrate
4709,2053,béclométasone dipropionate
4710,2053,formotérol fumarate dihydrate
4711,2054,Béclométasone dipropionate
4712,2054,béclométasone dipropionate
4713,2055,Béclométasone dipropionate
4714,2055,béclométasone dipropionate
4715,2056,Béclométasone dipropionate
4716,2056,béclométasone dipropionate
4717,2057,Pyridoxine chlorhydrate (vitamine B6)
4718,2057,pyridoxine chlorhydrate
4719,2058,Glycérol
4720,2058,glycérol
4721,2059,Fluconazole
4722,2059,fluconazole
4723,2060,bCG vivants atténués souche RIVM
4724,2061,avélumab
4725,2062,bCG vivants atténués
4726,2063,bCG vivants atténués souche danoise 1331
4727,2065,Salicylate d'isoamyle
4728,2065,Camphre
4729,2065,Lévomenthol
4730,2065,Capsicum oléorésine
4731,2065,salicylate d'amyle
4732,2065,camphre racémique
4733,2065,lévomenthol
4734,2065,capsicum oléorésine
4735,2066,Salicylate de méthyle
4736,2066,"Girofle, huile essentielle de feuille"
4737,2066,"Piment de la Jamaïque, huile essentielle de feuille"
4738,2066,girofle essence
4739,2066,piment de la Jamaïque essence
4740,2066,salicylate de méthyle
4741,2067,Benzylthiouracile
4742,2067,benzylthiouracile
4743,2068,nux vomica [H]
4744,2068,vinca minor [H]
4745,2068,asa foetida [H]
4746,2068,cinchona succirubra [H]
4747,2068,chamomilla vulgaris [H]
4748,2068,sulfur [H]
4749,2068,lycopodium clavatum [H]
4750,2068,colchicum autumnale [H]
4751,2068,belladonna [H]
4752,2069,prilocaïne chlorhydrate
4753,2070,Imiquimod
4754,2070,imiquimod
4755,2071,bamlanivimab
4756,2072,glucagon
4757,2073,Entécavir
4758,2073,entécavir monohydrate
4759,2074,Benjoin
4760,2074,"Eucalyptus, essence"
4761,2074,Lévomenthol
4762,2074,"Niaouli, essence"
4763,2074,benjoin du Laos teinture
4764,2074,eucalyptus essence
4765,2074,niaouli essence
4766,2074,lévomenthol
4767,2075,Chlorobutanol
4768,2075,Lévomenthol
4769,2075,chlorobutanol hémihydrate
4770,2075,lévomenthol
4771,2076,dimercaprol
4772,2076,butacaïne
4773,2077,erdafitinib
4774,2078,Badiaga 4 DH
4775,2078,Baryta carbonica 4 DH
4776,2078,Natrum sulfuricum 4 DH
4777,2078,Phytolacca decandra 6 DH
4778,2078,badiaga [H]
4779,2078,baryta carbonica [H]
4780,2078,natrum sulfuricum [H]
4781,2078,phytolacca decandra [H]
4782,2079,Mupirocine
4783,2079,Vaseline
4784,2079,mupirocine calcique
4785,2083,Sulfaméthoxazole
4786,2083,Triméthoprime
4787,2083,sulfaméthoxazole
4788,2083,triméthoprime
4789,2084,Baclofène
4790,2084,baclofène
4791,2085,Baclofène
4792,2085,baclofène
4793,2086,Baclofène
4794,2086,baclofène
4795,2087,baclofène
4796,2088,Baclofène
4797,2088,baclofène
4798,2089,Baclofène
4799,2089,baclofène
4800,2090,Azithromycine dihydrate
4801,2090,azithromycine dihydrate
4802,2091,Brinzolamide
4803,2091,brinzolamide
4804,2092,Baclofène
4805,2092,baclofène
4806,2093,baclofène
4807,2094,Azithromycine
4808,2094,azithromycine dihydrate
4809,2095,Azithromycine
4810,2095,azithromycine dihydrate
4811,2096,Azithromycine
4812,2096,azithromycine dihydrate
4813,2097,Azithromycine
4814,2097,azithromycine dihydrate
4815,2098,Azithromycine
4816,2098,azithromycine dihydrate
4817,2099,Azithromycine
4818,2099,azithromycine dihydrate
4819,2100,Azithromycine
4820,2100,azithromycine dihydrate
4821,2101,Azithromycine
4822,2101,azithromycine dihydrate
4823,2102,Azithromycine
4824,2102,azithromycine
4825,2103,Azithromycine
4826,2103,azithromycine dihydrate
4827,2104,Azithromycine
4828,2104,azithromycine monohydrate
4829,2105,Azithromycine
4830,2105,azithromycine dihydrate
4831,2106,Azithromycine
4832,2106,azithromycine dihydrate
4833,2107,Azithromycine
4834,2107,azithromycine dihydrate
4835,2108,Azithromycine
4836,2108,azithromycine dihydrate
4837,2109,Rasagiline
4838,2109,rasagiline mésilate
4839,2110,Azélastine chlorhydrate
4840,2110,Fluticasone propionate
4841,2110,azélastine chlorhydrate
4842,2110,fluticasone propionate
4843,2111,Azélastine chlorhydrate
4844,2111,Fluticasone propionate
4845,2111,azélastine chlorhydrate
4846,2111,fluticasone propionate
4847,2112,Azélastine chlorhydrate
4848,2112,Fluticasone propionate
4849,2112,azélastine chlorhydrate
4850,2112,fluticasone propionate
4851,2113,Azathioprine
4852,2113,azathioprine
4853,2114,azélastine chlorhydrate
4854,2114,fluticasone propionate
4855,2115,Azathioprine
4856,2115,azathioprine
4857,2116,Azathioprine
4858,2116,azathioprine
4859,2117,Azithromycine
4860,2117,azithromycine dihydrate
4861,2118,aztréonam
4862,2119,azacitidine
4863,2120,azacitidine
4864,2121,Brinzolamide
4865,2121,Timolol
4866,2121,brinzolamide
4867,2121,timolol maléate
4868,2122,azacitidine
4869,2123,azacitidine
4870,2124,azacitidine
4871,2125,azacitidine
4872,2126,azacitidine
4873,2127,bévacizumab
4874,2128,axitinib
4875,2129,axitinib
4876,2130,fluciclovine 18F
4877,2131,avapritinib
4878,2132,Olmésartan médoxomil
4879,2132,Amlodipine
4880,2132,olmésartan médoxomil
4881,2132,amlodipine bésilate
4882,2133,tocilizumab
4883,2134,céfépime chlorhydrate monohydrate
4884,2135,axitinib
4885,2136,axitinib
4886,2138,avena sativa teinture [H]
4887,2139,Paeonia officinalis TM
4888,2139,Adrenalinum 3 DH
4889,2139,Ratanhia 3 CH
4890,2139,Aesculus hippocastanum 3 CH
4891,2139,Hamamelis virginiana 1 DH
4892,2139,paeonia officinal [H]
4893,2139,ratanhia [H]
4894,2139,aesculus hippocastanum [H]
4895,2139,hamamelis virginiana [H]
4896,2139,adrenalinum [H]
4897,2140,Dutastéride
4898,2140,dutastéride
4899,2141,Interféron bêta-1a
4900,2141,interféron bêta-1a
4901,2142,avena sativa [H]
4902,2143,bévacizumab
4903,2144,"Virus de l'hépatite A inactivé, adsorbé sur hydroxyde d'aluminium"
4904,2144,virus de l'hépatite A inactivé
4905,2145,Fluticasone furoate
4906,2145,fluticasone furoate
4907,2146,Lidocaïne chlorhydrate
4908,2146,Hexamidine di-isétionate
4909,2146,hexamidine di-isétionate
4910,2146,lidocaïne chlorhydrate
4911,2147,Oxytétracycline chlorhydrate
4912,2147,Polymyxine B sulfate
4913,2147,Nystatine
4914,2147,Dexaméthasone phosphate sodique
4915,2147,oxytétracycline chlorhydrate
4916,2147,polymyxine B sulfate
4917,2147,dexaméthasone phosphate sodique
4918,2147,nystatine
4919,2148,Chlortétracycline
4920,2148,chlortétracycline chlorhydrate
4921,2149,Tériflunomide
4922,2149,tériflunomide
4923,2150,Amoxicilline
4924,2150,Acide clavulanique
4925,2150,amoxicilline trihydrate
4926,2150,acide clavulanique sel de K
4927,2151,Chlortétracycline chlorhydrate
4928,2151,chlortétracycline chlorhydrate
4929,2152,Oxymétazoline chlorhydrate
4930,2152,oxymétazoline chlorhydrate
4931,2154,atropine sulfate
4932,2155,atropine sulfate
4933,2156,Ipratropium bromure
4934,2156,ipratropium bromure monohydrate
4935,2156,ipratropium bromure
4936,2157,atropine sulfate monohydrate
4937,2158,Atropine sulfate
4938,2158,atropine sulfate
4939,2159,atropine sulfate
4940,2160,atropine sulfate
4941,2160,atropine sulfate monohydrate
4942,2161,Éfavirenz
4943,2161,Emtricitabine
4944,2161,Ténofovir disoproxil
4945,2161,efavirenz
4946,2161,emtricitabine
4947,2161,ténofovir disoproxil fumarate
4948,2162,nélarabine
4949,2163,atracurium bésilate
4950,2164,atracurium bésilate
4951,2165,Atropine sulfate
4952,2165,atropine sulfate
4953,2166,atracurium bésilate
4954,2167,atracurium bésilate
4955,2168,atracurium bésilate
4956,2169,Atovaquone
4957,2169,Proguanil chlorhydrate
4958,2169,atovaquone
4959,2169,proguanil chlorhydrate
4960,2170,Atovaquone
4961,2170,Proguanil chlorhydrate
4962,2170,atovaquone
4963,2170,proguanil chlorhydrate
4964,2171,Atovaquone
4965,2171,Proguanil chlorhydrate
4966,2171,atovaquone
4967,2171,proguanil chlorhydrate
4968,2172,Atovaquone
4969,2172,Proguanil chlorhydrate
4970,2172,atovaquone
4971,2172,proguanil chlorhydrate
4972,2173,Atovaquone
4973,2173,atovaquone
4974,2174,Atovaquone
4975,2174,Proguanil chlorhydrate
4976,2174,atovaquone
4977,2174,proguanil chlorhydrate
4978,2175,Atovaquone
4979,2175,Proguanil chlorhydrate
4980,2175,atovaquone
4981,2175,proguanil chlorhydrate
4982,2176,atosiban acétate
4983,2177,atosiban acétate
4984,2178,atosiban acétate
4985,2179,atosiban acétate
4986,2180,atosiban acétate
4987,2181,Atorvastatine
4988,2181,atorvastatine calcique trihydrate
4989,2182,atorvastatine calcique
4990,2183,Atorvastatine
4991,2183,atorvastatine calcique trihydrate
4992,2184,Atorvastatine
4993,2184,atorvastatine calcique trihydrate
4994,2185,Atorvastatine
4995,2185,atorvastatine calcique
4996,2186,atorvastatine calcique trihydrate
4997,2187,Atorvastatine
4998,2187,atorvastatine calcique trihydrate
4999,2188,Atorvastatine
5000,2188,atorvastatine calcique trihydrate
5001,2189,Atorvastatine
5002,2189,atorvastatine calcique
5003,2190,Atorvastatine
5004,2190,atorvastatine calcique
5005,2191,Atorvastatine
5006,2191,atorvastatine calcique trihydrate
5007,2192,Atorvastatine
5008,2192,atorvastatine calcique trihydrate
5009,2193,Atorvastatine
5010,2193,atorvastatine calcique trihydrate
5011,2194,Atorvastatine
5012,2194,atorvastatine calcique
5013,2195,atorvastatine calcique trihydrate
5014,2196,Atorvastatine
5015,2196,atorvastatine calcique trihydrate
5016,2197,Atorvastatine
5017,2197,atorvastatine calcique
5018,2198,Atorvastatine
5019,2198,atorvastatine calcique trihydrate
5020,2199,Atorvastatine
5021,2199,atorvastatine calcique trihydrate
5022,2200,Atorvastatine
5023,2200,atorvastatine calcique trihydrate
5024,2204,Atorvastatine
5025,2204,atorvastatine calcique
5026,2205,atorvastatine calcique
5027,2206,atézolizumab
5028,2207,immunoglobulines de cheval anti-thymocytes humains
5029,2208,Adénosine triphosphate
5030,2208,triphosadénine disodique trihydrate
5031,2209,Aténolol
5032,2209,Nifédipine LP
5033,2209,aténolol
5034,2209,nifédipine
5035,2210,Aténolol
5036,2210,Nifédipine LP
5037,2210,aténolol
5038,2210,nifédipine
5039,2211,Aténolol
5040,2211,aténolol
5041,2212,Aténolol
5042,2212,aténolol
5043,2213,Aténolol
5044,2213,aténolol
5045,2214,Aténolol
5046,2214,aténolol
5047,2215,Aténolol
5048,2215,aténolol
5049,2216,aténolol
5050,2217,Aténolol
5051,2217,aténolol
5052,2218,Aténolol
5053,2218,aténolol
5054,2219,Aténolol
5055,2219,aténolol
5056,2220,Aténolol
5057,2220,aténolol
5058,2221,Aténolol
5059,2221,aténolol
5060,2222,Aténolol
5061,2222,aténolol
5062,2223,Aténolol
5063,2223,aténolol
5064,2224,Néomycine sulfate
5065,2224,Polymyxine B sulfate
5066,2224,néomycine sulfate
5067,2224,polymyxine B sulfate
5068,2225,antithrombine III humaine
5069,2226,Indacatérol acétate
5070,2226,Mométasone furoate
5071,2226,indacatérol acétate
5072,2226,mométasone furoate
5073,2227,aténolol
5074,2228,Aténolol
5075,2228,aténolol
5076,2229,Atazanavir
5077,2229,atazanavir sulfate
5078,2230,Atazanavir
5079,2230,atazanavir sulfate
5080,2231,Atazanavir
5081,2231,atazanavir sulfate
5082,2232,Atazanavir
5083,2232,atazanavir sulfate
5084,2233,Atazanavir
5085,2233,atazanavir sulfate
5086,2234,Atazanavir
5087,2234,atazanavir sulfate
5088,2235,Atazanavir
5089,2235,atazanavir sulfate
5090,2236,Lévonorgestrel
5091,2236,Éthinylestradiol
5092,2236,lévonorgestrel
5093,2236,éthinylestradiol
5094,2237,Lévonorgestrel
5095,2237,Éthinylestradiol
5096,2237,lévonorgestrel
5097,2237,éthinylestradiol
5098,2238,Candésartan cilexetil
5099,2238,candésartan cilexétil
5100,2239,Hydroxyzine dichlorhydrate
5101,2239,hydroxyzine chlorhydrate
5102,2240,Aprépitant
5103,2240,aprépitant
5104,2241,Acide acétylsalicylique (aspirine)
5105,2241,acide acétylsalicylique
5106,2242,Acide acétylsalicylique (aspirine)
5107,2242,Caféine
5108,2242,acide acétylsalicylique
5109,2242,caféine
5110,2243,Acide acétylsalicylique (aspirine)
5111,2243,acide acétylsalicylique
5112,2244,Acide acétylsalicylique (aspirine)
5113,2244,Acide ascorbique (vitamine C)
5114,2244,acide acétylsalicylique
5115,2244,acide ascorbique
5116,2245,Acide acétylsalicylique (aspirine)
5117,2245,acide acétylsalicylique
5118,2246,pegcétacoplan
5119,2247,Acétylsalicylate de lysine
5120,2247,acétylsalicylate de lysine
5121,2248,Acide acétylsalicylique (aspirine)
5122,2248,acide acétylsalicylique
5123,2249,Acide acétylsalicylique (aspirine)
5124,2249,acide acétylsalicylique
5125,2250,Formotérol fumarate
5126,2250,formotérol fumarate dihydrate
5127,2251,Mométasone furoate
5128,2251,mométasone furoate
5129,2252,Acide ascorbique
5130,2252,Ascorbate de calcium
5131,2252,acide ascorbique sel de Ca
5132,2252,acide ascorbique
5133,2253,Ascorbate ferreux
5134,2253,ascorbate ferreux
5135,2254,arum triphyllum [H]
5136,2254,aconitum napellus [H]
5137,2254,rumex crispus [H]
5138,2254,drosera rotundifolia [H]
5139,2254,spongia tosta [H]
5140,2254,argentum nitricum [H]
5141,2254,grindelia robusta [H]
5142,2255,Benzoate de benzyle
5143,2255,benzoate de benzyle
5144,2256,acide acétylsalicylique
5145,2257,aconitum napellus [H]
5146,2257,argentum nitricum [H]
5147,2257,arum triphyllum [H]
5148,2257,drosera [H]
5149,2257,grindelia [H]
5150,2257,rumex crispus [H]
5151,2257,spongia tosta [H]
5152,2258,fibrinogène humain
5153,2258,aprotinine synthétique
5154,2258,thrombine humaine
5155,2258,calcium chlorure dihydrate
5156,2259,Chlorure de potassium
5157,2259,Chlorure de sodium
5158,2259,Chlorure de magnésium
5159,2259,Chlorure de calcium
5160,2259,Phosphate dipotassique
5161,2259,Phosphate monopotassique
5162,2259,potassium chlorure
5163,2259,sodium chlorure
5164,2259,magnésium chlorure hexahydrate
5165,2259,calcium chlorure dihydrate
5166,2259,phosphate dipotassique
5167,2259,phosphate monopotassique
5168,2260,articaïne chlorhydrate
5169,2260,adrénaline tartrate
5170,2261,articaïne chlorhydrate
5171,2261,adrénaline tartrate
5172,2262,acide gadotérique
5173,2263,artésunate
5174,2264,Tertatolol chlorhydrate
5175,2264,tertatolol chlorhydrate
5176,2265,"Arnica montana, teinture mère"
5177,2265,"Harpagophytum, teinture mère"
5178,2265,arnica montana teinture [H]
5179,2265,harpagophyton teinture
5180,2266,Sulindac
5181,2266,sulindac
5182,2267,Hypromellose
5183,2267,hypromellose
5184,2268,arsenic trioxyde
5185,2269,arsenic trioxyde
5186,2270,Trihexyphénidyle chlorhydrate
5187,2270,trihexyphénidyle chlorhydrate
5188,2271,Diacéréine
5189,2271,diacéréine
5190,2272,arsenic trioxyde
5191,2273,"Giroflier, huile essentielle"
5192,2273,"Lavande, huile essentielle"
5193,2273,"Menthe poivrée, huile essentielle"
5194,2273,"Romarin, huile essentielle"
5195,2273,"Serpolet, huile essentielle"
5196,2273,girofle essence
5197,2273,lavande essence
5198,2273,menthe poivrée essence
5199,2273,romarin essence
5200,2273,serpolet essence
5201,2274,Arnica montana 9 CH
5202,2274,Bryonia 5 CH
5203,2274,Rhus toxicodendron 15 CH
5204,2274,arnica montana [H]
5205,2274,bryonia [H]
5206,2274,rhus toxicodendron [H]
5207,2275,"Arnica montana, teinture mère"
5208,2275,arnica montana teinture [H]
5209,2276,Exémestane
5210,2276,exémestane
5211,2277,Arnica montana 9 CH
5212,2277,arnica montana [H]
5213,2278,"Arnica, teinture"
5214,2278,arnica montana fleur teinture
5215,2279,arnica teinture
5216,2280,"Arnica, extrait fluide de fleur"
5217,2280,arnica chamissonis fleur extrait fluide
5218,2281,arnica montana [H]
5219,2282,Arnica Montana teinture mère
5220,2282,arnica montana teinture [H]
5221,2283,"Arnica, teinture"
5222,2283,arnica montana fleur teinture
5223,2284,pémétrexed diacide
5224,2285,arnica montana [H]
5225,2285,aconitum napellus [H]
5226,2285,belladonna [H]
5227,2285,bryonia [H]
5228,2285,cinchona succirubra [H]
5229,2285,nux vomica [H]
5230,2285,ruta graveolens [H]
5231,2285,hypericum perforatum [H]
5232,2285,achillea millefolium [H]
5233,2285,sambucus nigra [H]
5234,2286,Périndopril tert-butylamine
5235,2286,Indapamide
5236,2286,périndopril tert-butylamine
5237,2286,indapamide
5238,2287,"Valériane, poudre de racine"
5239,2287,valériane racine
5240,2288,"Reine des prés, poudre de sommité fleurie"
5241,2288,reine des prés sommité fleurie
5242,2289,"Orthosiphon, poudre de feuille"
5243,2289,orthosiphon feuille poudre
5244,2290,"Millepertuis, extrait sec de sommités fleuries"
5245,2290,millepertuis extrait sec de sommité fleurie
5246,2291,"Mélisse, feuille"
5247,2291,mélisse feuille
5248,2292,"Maté feuille, poudre"
5249,2292,maté feuille
5250,2293,"Harpagophyton, poudre de racine"
5251,2293,harpagophyton racine poudre
5252,2294,"Fumeterre, partie aérienne fleurie"
5253,2294,fumeterre partie aérienne fleurie
5254,2295,"Eschscholtzia, poudre de partie aérienne fleurie"
5255,2295,eschscholtzia partie aérienne fleurie
5256,2296,Charbon activé
5257,2296,charbon activé
5258,2297,"Busserole, feuille"
5259,2297,busserole feuille poudre
5260,2298,Grande bardane
5261,2298,grande bardane
5262,2299,Aripiprazole
5263,2299,aripiprazole
5264,2300,Aripiprazole
5265,2300,aripiprazole
5266,2301,Fondaparinux sodique
5267,2301,fondaparinux sodique
5268,2302,Aripiprazole
5269,2302,aripiprazole
5270,2303,Aripiprazole
5271,2303,aripiprazole
5272,2304,Aripiprazole
5273,2304,aripiprazole
5274,2305,Aripiprazole
5275,2305,aripiprazole
5276,2306,Aripiprazole
5277,2306,aripiprazole
5278,2307,Aripiprazole
5279,2307,aripiprazole
5280,2308,Aripiprazole
5281,2308,aripiprazole
5282,2309,Aripiprazole
5283,2309,aripiprazole
5284,2310,Aripiprazole
5285,2310,aripiprazole
5286,2311,Aripiprazole
5287,2311,aripiprazole
5288,2312,Anastrozole
5289,2312,anastrozole
5290,2314,Aripiprazole
5291,2314,aripiprazole
5292,2315,Aripiprazole
5293,2315,aripiprazole
5294,2316,Aripiprazole
5295,2316,aripiprazole
5296,2317,L-Arginine chlorhydrate
5297,2317,arginine chlorhydrate
5298,2318,argatroban monohydrate
5299,2319,argentum nitricum [H]
5300,2319,bismuthum subnitricum [H]
5301,2319,atropinum sulfuricum [H]
5302,2320,Donépézil chlorhydrate
5303,2320,donépézil chlorhydrate
5304,2321,amikacine sulfate
5305,2321,amikacine liposomale sulfate
5306,2322,Antigène du Virus respiratoire syncytial (VRS)
5307,2322,adjuvant AS01E
5308,2322,glycoprotéine F recombinante de virus respiratoire syncytial RSVPreF3
5309,2323,Étoricoxib
5310,2323,étoricoxib
5311,2324,Sulbutiamine
5312,2324,sulbutiamine
5313,2325,argatroban monohydrate
5314,2326,Atogépant
5315,2326,atogépant
5316,2327,Carbomère 980
5317,2327,carbomère
5318,2328,Cytarabine
5319,2328,cytarabine
5320,2329,Darbepoetin alfa
5321,2329,darbépoétine alfa
5322,2330,Léflunomide
5323,2330,léflunomide
5324,2331,céfuroxime sel de Na
5325,2332,cabotégravir
5326,2333,Irbésartan
5327,2333,Amlodipine
5328,2333,irbésartan
5329,2333,amlodipine bésilate
5330,2334,Irbésartan
5331,2334,irbésartan
5332,2335,Tipranavir
5333,2335,tipranavir
5334,2336,Aprépitant
5335,2336,aprépitant
5336,2337,Aprépitant
5337,2337,aprépitant
5338,2338,Aprépitant
5339,2338,aprépitant
5340,2339,Aprépitant
5341,2339,aprépitant
5342,2340,Aprépitant
5343,2340,aprépitant
5344,2341,aprépitant
5345,2342,Aprépitant
5346,2342,aprépitant
5347,2343,Aprépitant
5348,2343,aprépitant
5349,2344,Aprépitant
5350,2344,aprépitant
5351,2345,Aprépitant
5352,2345,aprépitant
5353,2346,aprémilast
5354,2347,aprémilast
5355,2348,aprémilast
5356,2349,Aprépitant
5357,2349,aprépitant
5358,2350,Apomorphine
5359,2350,apomorphine chlorhydrate
5360,2351,aprémilast
5361,2352,Naproxène sodique
5362,2352,Naproxène
5363,2352,naproxène
5364,2352,naproxène sel de Na
5365,2353,Apomorphine
5366,2353,apomorphine chlorhydrate
5367,2354,paclitaxel-albumine
5368,2355,Isothipendyl chlorhydrate
5369,2355,isothipendyl chlorhydrate
5370,2356,Insuline glulisine
5371,2356,insuline glulisine
5372,2357,Apomorphine
5373,2357,apomorphine chlorhydrate
5374,2358,Méquinol
5375,2358,méquinol
5376,2359,Acamprosate calcique
5377,2359,acamprosate calcique
5378,2360,delgocitinib
5379,2361,"Passiflore parties aériennes, extrait sec"
5380,2361,passiflore partie aérienne extrait sec
5381,2362,immunoglobulines de cheval
5382,2363,antithrombine III humaine
5383,2364,"Vigne rouge, extrait sec de feuille"
5384,2364,vigne rouge feuille extrait sec aqueux
5385,2365,antimonium metallicum [H]
5386,2366,Désogestrel
5387,2366,désogestrel
5388,2367,ésérine salicylate
5389,2368,Fluocinolone acétonide
5390,2368,Polymyxine B sulfate
5391,2368,Néomycine sulfate
5392,2368,fluocinolone acétonide
5393,2368,polymyxine B sulfate
5394,2368,néomycine sulfate
5395,2370,protoxyde d'azote
5396,2370,oxygène
5397,2371,Ibuprofène
5398,2371,Codéine phosphate hémihydraté
5399,2371,ibuprofène
5400,2371,codéine phosphate hémihydrate
5401,2372,Acide salicylique
5402,2372,acide salicylique
5403,2373,Ibuprofène
5404,2373,ibuprofène
5405,2374,Naproxène sel de sodium
5406,2374,naproxène sel de Na
5407,2375,Flurbiprofène
5408,2375,flurbiprofène
5409,2376,Diclofénac sodique
5410,2376,diclofénac sodique
5411,2377,anifrolumab
5412,2378,Rifabutine
5413,2378,rifabutine
5414,2379,Uméclidinium bromure
5415,2379,Vilantérol
5416,2379,uméclidinium bromure
5417,2379,vilantérol trifénatate
5418,2380,Apis mellifica 4 DH
5419,2380,Belladonna 4 DH
5420,2380,Mercurius corrosivus 8 DH
5421,2380,Mercurius solubilis 8 DH
5422,2380,Phytolacca decandra 4 DH
5423,2380,Pulsatilla vulgaris 4 DH
5424,2380,apis mellifica [H]
5425,2380,belladonna [H]
5426,2380,mercurius corrosivus [H]
5427,2380,mercurius solubilis [H]
5428,2380,phytolacca decandra [H]
5429,2380,anemone pulsatilla [H]
5430,2381,misoprostol
5431,2382,Lidocaïne chlorhydrate
5432,2382,Chlorhexidine gluconate
5433,2382,lidocaïne chlorhydrate
5434,2382,chlorhexidine gluconate
5435,2383,Estradiol
5436,2383,Drospirénone
5437,2383,estradiol hémihydrate
5438,2383,drospirénone
5439,2384,sodium pyrophosphate
5440,2385,Testostérone énanthate
5441,2385,testostérone énantate
5442,2386,Testostérone
5443,2386,testostérone
5444,2387,Lidocaïne
5445,2387,Prilocaïne
5446,2387,lidocaïne
5447,2387,prilocaïne
5448,2388,Nétilmycine
5449,2388,nétilmicine sulfate
5450,2389,Cyprotérone acétate
5451,2389,cyprotérone acétate
5452,2390,Androstanolone
5453,2390,androstanolone
5454,2391,Flucytosine
5455,2391,flucytosine
5456,2392,Anastrozole
5457,2392,anastrozole
5458,2393,Anastrozole
5459,2393,anastrozole
5460,2394,Anastrozole
5461,2394,anastrozole
5462,2395,Anastrozole
5463,2395,anastrozole
5464,2396,Anastrozole
5465,2396,anastrozole
5466,2397,Anastrozole
5467,2397,anastrozole
5468,2398,Anastrozole
5469,2398,anastrozole
5470,2399,anastrozole
5471,2400,Anastrozole
5472,2400,anastrozole
5473,2401,Anastrozole
5474,2401,anastrozole
5475,2402,Anastrozole
5476,2402,anastrozole
5477,2403,Anastrozole
5478,2403,anastrozole
5479,2404,Anastrozole
5480,2404,anastrozole
5481,2405,Anastrozole
5482,2405,anastrozole
5483,2406,Anastrozole
5484,2406,anastrozole
5485,2407,Anastrozole
5486,2407,anastrozole
5487,2408,Anastrozole
5488,2408,anastrozole
5489,2409,anagrélide chlorhydrate monohydrate
5490,2410,anagrélide chlorhydrate
5491,2411,Nilutamide
5492,2411,nilutamide
5493,2412,anagrélide chlorhydrate monohydrate
5494,2413,Épinéphrine (ou adrénaline)
5495,2413,adrénaline
5496,2414,anagrélide chlorhydrate monohydrate
5497,2415,anagrélide chlorhydrate monohydrate
5498,2416,anagrélide chlorhydrate
5499,2417,anagrélide chlorhydrate
5500,2418,Clomipramine chlorhydrate
5501,2418,clomipramine chlorhydrate
5502,2419,Amylmétacrésol
5503,2419,Alcool dichlorobenzylique
5504,2419,Lidocaïne
5505,2419,amylmétacrésol
5506,2419,alcool dichlorobenzylique
5507,2419,lidocaïne chlorhydrate
5508,2420,Bifonazole
5509,2420,Urée
5510,2420,bifonazole
5511,2420,urée
5512,2421,Amylmétacrésol
5513,2421,Alcool dichlorobenzylique
5514,2421,amylmétacrésol
5515,2421,alcool dichlorobenzylique
5516,2422,Amylmétacrésol
5517,2422,Alcool dichlorobenzylique
5518,2422,amylmétacrésol
5519,2422,alcool dichlorobenzylique
5520,2423,Bifonazole
5521,2423,bifonazole
5522,2424,Solution d'hypochlorite de sodium
5523,2424,sodium hypochlorite
5524,2425,vutrisiran sodique
5525,2426,amsacrine
5526,2427,Adalimumab
5527,2427,adalimumab
5528,2428,amphotéricine B liposomale
5529,2429,Amoxicilline
5530,2429,Acide clavulanique
5531,2429,amoxicilline trihydrate
5532,2429,acide clavulanique sel de K
5533,2430,Amoxicilline
5534,2430,Acide clavulanique
5535,2430,amoxicilline trihydrate
5536,2430,acide clavulanique sel de K
5537,2431,Agnus castus 4 DH
5538,2431,Ambra grisea 8 DH
5539,2431,Conium maculatum 6 DH
5540,2431,Gelsemium 6 DH
5541,2431,Selenium metallicum 4 DH
5542,2431,Sepia officinalis 8 DH
5543,2431,Valeriana officinalis 2 DH
5544,2431,ambra grisea [H]
5545,2431,sepia officinal [H]
5546,2431,conium maculatum [H]
5547,2431,gelsémium [H]
5548,2431,agnus castus [H]
5549,2431,selenium metallicum [H]
5550,2431,valeriana officinalis [H]
5551,2432,Ambra grisea 8 DH
5552,2432,Lycopodium clavatum 5 DH
5553,2432,Gelsemium 6 DH
5554,2432,Agnus castus 4 DH
5555,2432,Phosphoricum acidum 3 DH
5556,2432,Selenium metallicum 4 DH
5557,2432,Nymphaea lutea 2 DH
5558,2432,Valeriana officinalis 2 DH
5559,2432,ambra grisea [H]
5560,2432,lycopodium clavatum [H]
5561,2432,gelsémium [H]
5562,2432,agnus castus [H]
5563,2432,phosphoricum acidum [H]
5564,2432,selenium metallicum [H]
5565,2432,nymphaea lutea [H]
5566,2432,valeriana officinalis [H]
5567,2433,Amoxicilline
5568,2433,Acide clavulanique
5569,2433,amoxicilline sodique
5570,2433,acide clavulanique sel de K
5571,2433,amoxicilline trihydrate
5572,2434,amoxicilline trihydrate
5573,2434,acide clavulanique sel de K
5574,2435,Amoxicilline
5575,2435,Acide clavulanique
5576,2435,amoxicilline trihydrate
5577,2435,acide clavulanique sel de K
5578,2436,Amoxicilline
5579,2436,Acide clavulanique
5580,2436,amoxicilline trihydrate
5581,2436,acide clavulanique sel de K
5582,2437,Amoxicilline
5583,2437,Acide clavulanique
5584,2437,amoxicilline trihydrate
5585,2437,acide clavulanique sel de K
5586,2438,Amoxicilline
5587,2438,Acide clavulanique
5588,2438,amoxicilline trihydrate
5589,2438,acide clavulanique sel de K
5590,2439,amoxicilline trihydrate
5591,2439,acide clavulanique sel de K
5592,2440,Amoxicilline
5593,2440,Acide clavulanique
5594,2440,amoxicilline trihydrate
5595,2440,acide clavulanique sel de K
5596,2441,Amoxicilline
5597,2441,Acide clavulanique
5598,2441,amoxicilline trihydrate
5599,2441,acide clavulanique sel de K
5600,2442,amoxicilline sodique
5601,2442,acide clavulanique sel de K
5602,2443,Amoxicilline
5603,2443,Acide clavulanique
5604,2443,amoxicilline trihydrate
5605,2443,acide clavulanique sel de K
5606,2444,Amoxicilline
5607,2444,amoxicilline trihydrate
5608,2445,Amoxicilline
5609,2445,Acide clavulanique
5610,2445,amoxicilline trihydrate
5611,2445,acide clavulanique sel de K
5612,2446,Amoxicilline
5613,2446,Acide clavulanique
5614,2446,amoxicilline trihydrate
5615,2446,acide clavulanique sel de K
5616,2447,Amoxicilline
5617,2447,Acide clavulanique
5618,2447,amoxicilline trihydrate
5619,2447,acide clavulanique sel de K
5620,2448,Amoxicilline
5621,2448,amoxicilline trihydrate
5622,2449,Amoxicilline
5623,2449,amoxicilline trihydrate
5624,2450,amoxicilline trihydrate
5625,2451,Amoxicilline
5626,2451,amoxicilline trihydrate
5627,2452,Amoxicilline
5628,2452,amoxicilline trihydrate
5629,2453,amoxicilline trihydrate
5630,2454,amoxicilline sodique
5631,2455,Amoxicilline
5632,2455,amoxicilline trihydrate
5633,2456,amoxicilline trihydrate
5634,2457,Amoxicilline
5635,2457,amoxicilline trihydrate
5636,2458,amoxicilline trihydrate
5637,2459,Amoxicilline
5638,2459,amoxicilline trihydrate
5639,2460,Amoxicilline
5640,2460,amoxicilline trihydrate
5641,2461,Amoxicilline
5642,2461,amoxicilline trihydrate
5643,2462,Amoxicilline
5644,2462,amoxicilline trihydrate
5645,2463,Amoxicilline
5646,2463,amoxicilline trihydrate
5647,2464,Amoxicilline
5648,2464,amoxicilline trihydrate
5649,2465,amoxicilline trihydrate
5650,2466,Amoxicilline
5651,2466,amoxicilline trihydrate
5652,2467,amoxicilline trihydrate
5653,2468,Amoxicilline
5654,2468,Acide clavulanique
5655,2468,amoxicilline trihydrate
5656,2468,acide clavulanique sel de K
5657,2469,Amoxicilline
5658,2469,amoxicilline trihydrate
5659,2470,Amoxicilline
5660,2470,amoxicilline trihydrate
5661,2471,Amoxicilline
5662,2471,amoxicilline trihydrate
5663,2472,Amorolfine
5664,2472,amorolfine chlorhydrate
5665,2473,Amorolfine
5666,2473,amorolfine chlorhydrate
5667,2474,Amorolfine
5668,2474,amorolfine chlorhydrate
5669,2475,Amorolfine
5670,2475,amorolfine chlorhydrate
5671,2476,Amorolfine
5672,2476,amorolfine chlorhydrate
5673,2477,Amorolfine
5674,2477,amorolfine chlorhydrate
5675,2478,Amorolfine
5676,2478,amorolfine chlorhydrate
5677,2479,Amorolfine
5678,2479,amorolfine chlorhydrate
5679,2480,Amorolfine
5680,2480,amorolfine chlorhydrate
5681,2481,Amorolfine
5682,2481,amorolfine chlorhydrate
5683,2482,Amorolfine
5684,2482,amorolfine chlorhydrate
5685,2483,Amorolfine
5686,2483,amorolfine chlorhydrate
5687,2484,Amorolfine
5688,2484,amorolfine chlorhydrate
5689,2485,Amorolfine
5690,2485,amorolfine chlorhydrate
5691,2486,Amorolfine
5692,2486,amorolfine chlorhydrate
5693,2487,sodium benzoate
5694,2487,phénylacétate de sodium
5695,2488,Amlodipine
5696,2488,Valsartan
5697,2488,amlodipine bésilate
5698,2488,valsartan
5699,2489,Amlodipine
5700,2489,Valsartan
5701,2489,amlodipine bésilate
5702,2489,valsartan
5703,2490,sodium phénylbutyrate
5704,2491,Amlodipine
5705,2491,amlodipine bésilate
5706,2492,Amlodipine
5707,2492,Valsartan
5708,2492,amlodipine bésilate
5709,2492,valsartan
5710,2493,Amlodipine
5711,2493,Valsartan
5712,2493,amlodipine bésilate
5713,2493,valsartan
5714,2494,Amlodipine
5715,2494,Valsartan
5716,2494,amlodipine bésilate
5717,2494,valsartan
5718,2495,Amlodipine
5719,2495,Valsartan
5720,2495,amlodipine bésilate
5721,2495,valsartan
5722,2496,Amlodipine
5723,2496,Valsartan
5724,2496,amlodipine bésilate
5725,2496,valsartan
5726,2497,Amlodipine
5727,2497,Valsartan
5728,2497,amlodipine bésilate
5729,2497,valsartan
5730,2498,Amlodipine
5731,2498,Valsartan
5732,2498,amlodipine bésilate
5733,2498,valsartan
5734,2499,Amlodipine
5735,2499,Valsartan
5736,2499,amlodipine bésilate
5737,2499,valsartan
5738,2500,Amlodipine
5739,2500,Valsartan
5740,2500,amlodipine bésilate
5741,2500,valsartan
5742,2501,Amlodipine
5743,2501,amlodipine bésilate
5744,2502,Amlodipine
5745,2502,Valsartan
5746,2502,amlodipine bésilate
5747,2502,valsartan
5748,2503,Amlodipine
5749,2503,amlodipine bésilate
5750,2504,Amlodipine
5751,2504,amlodipine bésilate
5752,2505,Amlodipine
5753,2505,Valsartan
5754,2505,amlodipine bésilate
5755,2505,valsartan
5756,2506,Amlodipine
5757,2506,amlodipine bésilate
5758,2507,Amlodipine
5759,2507,amlodipine bésilate
5760,2508,Amlodipine
5761,2508,amlodipine bésilate
5762,2509,Amlodipine
5763,2509,amlodipine bésilate
5764,2510,Amlodipine
5765,2510,amlodipine bésilate
5766,2511,Amlodipine
5767,2511,amlodipine bésilate
5768,2512,Amlodipine
5769,2512,amlodipine bésilate
5770,2513,Amlodipine
5771,2513,amlodipine bésilate
5772,2514,Amlodipine
5773,2514,amlodipine bésilate
5774,2515,idébénone
5775,2516,amivantamab
5776,2517,Amlodipine
5777,2517,amlodipine bésilate
5778,2518,Amlodipine
5779,2518,amlodipine bésilate
5780,2519,Amlodipine
5781,2519,amlodipine bésilate
5782,2520,amitriptyline chlorhydrate
5783,2521,amitriptyline chlorhydrate
5784,2522,amisulpride
5785,2523,Amisulpride
5786,2523,amisulpride
5787,2524,Amisulpride
5788,2524,amisulpride
5789,2525,Amisulpride
5790,2525,amisulpride
5791,2526,Amisulpride
5792,2526,amisulpride
5793,2527,Amisulpride
5794,2527,amisulpride
5795,2528,amisulpride
5796,2529,Amisulpride
5797,2529,amisulpride
5798,2530,Amisulpride
5799,2530,amisulpride
5800,2531,Amisulpride
5801,2531,amisulpride
5802,2532,Amisulpride
5803,2532,amisulpride
5804,2533,Bimatoprost
5805,2533,bimatoprost
5806,2534,Amiodarone chlorhydrate
5807,2534,amiodarone chlorhydrate
5808,2535,Amiodarone chlorhydrate
5809,2535,amiodarone chlorhydrate
5810,2536,Amiodarone chlorhydrate
5811,2536,amiodarone chlorhydrate
5812,2537,amiodarone chlorhydrate
5813,2538,Amiodarone chlorhydrate
5814,2538,amiodarone chlorhydrate
5815,2539,Amiodarone chlorhydrate
5816,2539,amiodarone chlorhydrate
5817,2540,Amiodarone chlorhydrate
5818,2540,amiodarone chlorhydrate
5819,2541,Amiodarone chlorhydrate
5820,2541,amiodarone chlorhydrate
5821,2542,Amiodarone chlorhydrate
5822,2542,amiodarone chlorhydrate
5823,2543,Amiodarone chlorhydrate
5824,2543,amiodarone chlorhydrate
5825,2544,aminophylline
5826,2545,acides aminés
5827,2545,azote
5828,2546,acides aminés
5829,2546,azote
5830,2547,Amiloride chlorhydrate
5831,2547,Hydrochlorothiazide
5832,2547,amiloride chlorhydrate dihydrate
5833,2547,hydrochlorothiazide
5834,2548,amikacine sulfate
5835,2549,amikacine sulfate
5836,2550,amikacine sulfate
5837,2551,calcium chlorure dihydrate
5838,2551,magnésium chlorure hexahydrate
5839,2551,glucose monohydrate
5840,2551,sodium chlorure
5841,2551,zinc chlorure
5842,2551,acides aminés
5843,2551,sodium glycérophosphate hydrate
5844,2551,acide acétique
5845,2551,potassium hydroxyde
5846,2551,acide chlorhydrique
5847,2551,azote
5848,2552,amifampridine phosphate
5849,2553,amifampridine phosphate
5850,2555,Adalimumab
5851,2555,adalimumab
5852,2556,glibenclamide
5853,2557,progestérone
5854,2558,Ambroxol chlorhydrate
5855,2558,ambroxol chlorhydrate
5856,2559,Ambroxol chlorhydrate
5857,2559,ambroxol chlorhydrate
5858,2560,Ambroxol chlorhydrate
5859,2560,ambroxol chlorhydrate
5860,2561,Ambroxol chlorhydrate
5861,2561,ambroxol chlorhydrate
5862,2562,Ambroxol chlorhydrate
5863,2562,ambroxol chlorhydrate
5864,2563,ambrisentan
5865,2564,ambrisentan
5866,2565,ambrisentan
5867,2566,Ambroxol chlorhydrate
5868,2566,ambroxol chlorhydrate
5869,2567,ambrisentan
5870,2568,amphotéricine B liposomale
5871,2569,ambrisentan
5872,2570,ambrisentan
5873,2572,bévacizumab
5874,2573,histamine dichlorhydrate
5875,2574,Amanita muscaria 4 DH
5876,2574,Spigelia anthelmia 4 DH
5877,2574,Secale cornutum 6 DH
5878,2574,Cicuta virosa 6 DH
5879,2574,Cuprum aceticum 6 DH
5880,2574,Cantharis 8 DH
5881,2574,China rubra 2 DH
5882,2574,Chelidonium majus 3 DH
5883,2574,Dulcamara 3 DH
5884,2574,Echinacea angustifolia TM
5885,2574,amanita muscaria [H]
5886,2574,spigelia anthelmia [H]
5887,2574,secale cornutum [H]
5888,2574,cicuta virosa [H]
5889,2574,cuprum aceticum [H]
5890,2574,cantharis [H]
5891,2574,cinchona succirubra [H]
5892,2574,chelidonium majus [H]
5893,2574,solanum dulcamara [H]
5894,2574,echinacea angustifolia [H]
5895,2575,Glimépiride
5896,2575,glimépiride
5897,2576,Olmésartan médoxomil
5898,2576,olmésartan médoxomil
5899,2577,Olmésartan médoxomil
5900,2577,Hydrochlorothiazide
5901,2577,olmésartan médoxomil
5902,2577,hydrochlorothiazide
5903,2578,éfanésoctocog alfa
5904,2579,brigatinib
5905,2580,Ciclésonide
5906,2580,ciclésonide
5907,2581,alprostadil
5908,2582,Prazosine
5909,2582,prazosine chlorhydrate
5910,2583,Alprazolam
5911,2583,alprazolam
5912,2584,eftrénonacog alfa
5913,2585,Alprazolam
5914,2585,alprazolam
5915,2586,Alprazolam
5916,2586,alprazolam
5917,2587,Alprazolam
5918,2587,alprazolam
5919,2588,Alprazolam
5920,2588,alprazolam
5921,2589,Alprazolam
5922,2589,alprazolam
5923,2590,Alprazolam
5924,2590,alprazolam
5925,2591,Alprazolam
5926,2591,alprazolam
5927,2592,Alprazolam
5928,2592,alprazolam
5929,2593,Alprazolam
5930,2593,alprazolam
5931,2594,Alprazolam
5932,2594,alprazolam
5933,2595,brimonidine tartrate
5934,2596,Alprazolam
5935,2596,alprazolam
5936,2597,Brimonidine tartrate
5937,2597,brimonidine tartrate
5938,2598,alpélisib
5939,2600,articaïne chlorhydrate
5940,2600,adrénaline chlorhydrate
5941,2601,palonosétron chlorhydrate
5942,2602,Azélastine chlorhydrate
5943,2602,azélastine chlorhydrate
5944,2603,Oxyde de zinc
5945,2603,Glycérol
5946,2603,Talc
5947,2603,zinc oxyde
5948,2603,talc
5949,2603,glycérol
5950,2604,Minoxidil
5951,2604,minoxidil
5952,2605,Minoxidil
5953,2605,minoxidil
5954,2606,darvadstrocel
5955,2607,aloe socotrina [H]
5956,2607,colocynthis [H]
5957,2607,podophyllum peltatum [H]
5958,2607,bryonia [H]
5959,2607,belladonna [H]
5960,2607,arsenicum album [H]
5961,2607,dioscorea villosa [H]
5962,2607,magnesia phosphorica [H]
5963,2608,aloe [H]
5964,2608,colocynthis [H]
5965,2608,podophyllum peltatum [H]
5966,2608,bryonia [H]
5967,2608,belladonna [H]
5968,2608,arsenicum album [H]
5969,2608,dioscorea villosa [H]
5970,2608,magnesia phosphorica [H]
5971,2609,Cétylpyridinium chlorure
5972,2609,Chlorobutanol
5973,2609,Eugénol
5974,2609,cétylpyridinium chlorure
5975,2609,chlorobutanol hémihydrate
5976,2609,eugénol
5977,2610,Almotriptan
5978,2610,almotriptan D-L hydrogénomalate
5979,2611,Almotriptan
5980,2611,almotriptan D-L hydrogénomalate
5981,2612,Almotriptan
5982,2612,almotriptan malate
5983,2613,Almotriptan
5984,2613,almotriptan malate
5985,2614,Almotriptan
5986,2614,almotriptan malate
5987,2615,Almotriptan
5988,2615,almotriptan D-L hydrogénomalate
5989,2616,Almotriptan
5990,2616,almotriptan malate
5991,2617,Almotriptan
5992,2617,almotriptan D-L hydrogénomalate
5993,2618,toxine botulinique type A
5994,2619,Allopurinol
5995,2619,allopurinol
5996,2620,Allopurinol
5997,2620,allopurinol
5998,2621,Allopurinol
5999,2621,allopurinol
6000,2622,Allopurinol
6001,2622,allopurinol
6002,2623,Allopurinol
6003,2623,allopurinol
6004,2624,Allopurinol
6005,2624,allopurinol
6006,2625,Allopurinol
6007,2625,allopurinol
6008,2626,Fexofénadine chlorhydrate
6009,2626,fexofénadine chlorhydrate
6010,2627,allium cepa [H]
6011,2627,atropa belladonna [H]
6012,2627,Euphrasia officinalis [H]
6013,2627,mercurius dulcis [H]
6014,2627,hydrastis canadensis [H]
6015,2627,kalium bichromicum [H]
6016,2627,sambucus nigra [H]
6017,2627,belladonna [H]
6018,2628,Allopurinol
6019,2628,allopurinol
6020,2629,Allopurinol
6021,2629,allopurinol
6022,2630,Allopurinol
6023,2630,allopurinol
6024,2631,Cromoglycate de sodium
6025,2631,acide cromoglicique sel de Na
6026,2632,allergènes
6027,2633,allergènes
6028,2634,Lévocabastine
6029,2634,lévocabastine chlorhydrate
6030,2635,Azélastine chlorhydrate
6031,2635,azélastine chlorhydrate
6032,2636,Acide acétylsalicylique (aspirine)
6033,2636,acide acétylsalicylique
6034,2637,pémétrexed disodique
6035,2638,nitazoxanide
6036,2639,Alitrétinoïne
6037,2639,alitrétinoïne
6038,2640,Melphalan
6039,2640,melphalan
6040,2641,Alginate de sodium
6041,2641,Bicarbonate de sodium
6042,2641,sodium alginate
6043,2641,bicarbonate de sodium
6044,2642,Alginate de sodium
6045,2642,Bicarbonate de sodium
6046,2642,sodium alginate
6047,2642,bicarbonate de sodium
6048,2643,Alginate de sodium
6049,2643,Bicarbonate de sodium
6050,2643,sodium alginate
6051,2643,bicarbonate de sodium
6052,2644,Alginate de sodium
6053,2644,Bicarbonate de sodium
6054,2644,sodium alginate
6055,2644,bicarbonate de sodium
6056,2645,concizumab
6057,2646,Alginate de sodium
6058,2646,Bicarbonate de sodium
6059,2646,sodium alginate
6060,2646,bicarbonate de sodium
6061,2647,Alginate de sodium
6062,2647,Bicarbonate de sodium
6063,2647,sodium alginate
6064,2647,bicarbonate de sodium
6065,2648,Alginate de sodium
6066,2648,Bicarbonate de sodium
6067,2648,sodium alginate
6068,2648,bicarbonate de sodium
6069,2649,Alginate de sodium
6070,2649,Bicarbonate de sodium
6071,2649,sodium alginate
6072,2649,bicarbonate de sodium
6073,2650,Alginate de sodium
6074,2650,Bicarbonate de sodium
6075,2650,sodium alginate
6076,2650,bicarbonate de sodium
6077,2651,Alginate de sodium
6078,2651,Bicarbonate de sodium
6079,2651,sodium alginate
6080,2651,bicarbonate de sodium
6081,2652,Alginate de sodium
6082,2652,Bicarbonate de sodium
6083,2652,sodium alginate
6084,2652,bicarbonate de sodium
6085,2653,Alginate de sodium
6086,2653,Bicarbonate de sodium
6087,2653,sodium alginate
6088,2653,bicarbonate de sodium
6089,2654,Alginate de sodium
6090,2654,Bicarbonate de sodium
6091,2654,sodium alginate
6092,2654,bicarbonate de sodium
6093,2655,Alginate de sodium
6094,2655,Bicarbonate de sodium
6095,2655,sodium alginate
6096,2655,bicarbonate de sodium
6097,2656,Alfuzosine chlorhydrate
6098,2656,alfuzosine chlorhydrate
6099,2657,Alfuzosine chlorhydrate
6100,2657,alfuzosine chlorhydrate
6101,2658,Acide salicylique
6102,2658,Diéthylamine
6103,2658,acide salicylique
6104,2658,diéthylamine
6105,2658,myrtécaïne
6106,2659,Alfuzosine chlorhydrate
6107,2659,alfuzosine chlorhydrate
6108,2660,Alfuzosine chlorhydrate
6109,2660,alfuzosine chlorhydrate
6110,2661,Alfuzosine chlorhydrate
6111,2661,alfuzosine chlorhydrate
6112,2662,Alfuzosine chlorhydrate
6113,2662,alfuzosine chlorhydrate
6114,2663,Alfuzosine chlorhydrate
6115,2663,alfuzosine chlorhydrate
6116,2664,Alfuzosine chlorhydrate
6117,2664,alfuzosine chlorhydrate
6118,2665,Alfuzosine chlorhydrate
6119,2665,alfuzosine chlorhydrate
6120,2666,Alfuzosine chlorhydrate
6121,2666,alfuzosine chlorhydrate
6122,2667,Alfuzosine chlorhydrate
6123,2667,alfuzosine chlorhydrate
6124,2668,alfentanil chlorhydrate
6125,2669,alpha-1-antitrypsine humaine
6126,2670,Alpha-amylase (en U CEIP)
6127,2670,alpha-amylase
6128,2671,Alfacalcidol (vitamine D3 hydroxylée)
6129,2671,alfacalcidol
6130,2672,Céfaclor
6131,2672,céfaclor monohydrate
6132,2672,céfaclor
6133,2673,Alpha-amylase (en U Ph Eur)
6134,2673,alpha-amylase
6135,2674,Naproxène sodique
6136,2674,naproxène sel de Na
6137,2675,Acide alendronique
6138,2675,acide alendronique sel monosodique monohydrate
6139,2676,Phénobarbital
6140,2676,Caféine
6141,2676,phénobarbital
6142,2676,caféine
6143,2677,laronidase
6144,2679,alectinib chlorhydrate
6145,2680,Méthyldopa
6146,2680,méthyldopa sesquihydrate
6147,2681,Imiquimod
6148,2681,imiquimod
6149,2682,potassium canrénoate
6150,2683,Alcool
6151,2683,éthanol à 96 %
6152,2684,Alcool à 70°
6153,2684,éthanol à 70 %
6154,2685,Altizide
6155,2685,Spironolactone
6156,2685,spironolactone
6157,2685,altizide
6158,2686,Spironolactone
6159,2686,spironolactone
6160,2687,Trométamol citrate
6161,2687,Citrate disodique anhydre
6162,2687,Citrate dipotassique anhydre
6163,2687,trométamol citrate
6164,2687,citrate disodique
6165,2687,citrate dipotassique
6166,2688,albumine humaine
6167,2689,Alcool à 70°
6168,2689,éthanol à 70 %
6169,2690,albumine humaine iodée
6170,2691,Acide cromoglicique sel de sodium
6171,2691,acide cromoglicique sel de Na
6172,2692,venin de guêpe vespula : protéines
6173,2692,venin d'abeille : protéines
6174,2693,albumine humaine
6175,2694,albumine humaine
6176,2695,Bipéridène chlorhydrate
6177,2695,bipéridène chlorhydrate
6178,2696,Cétirizine dichlorhydrate
6179,2696,cétirizine dichlorhydrate
6180,2697,Nétupitant
6181,2697,Palonosétron
6182,2697,nétupitant
6183,2697,palonosétron chlorhydrate
6184,2698,Trifarotène
6185,2698,trifarotène
6186,2699,niraparib tosilate monohydrate
6187,2699,abiratérone acétate
6188,2701,Frémanezumab
6189,2701,frémanezumab
6190,2702,Salbutamol
6191,2702,salbutamol sulfate
6192,2703,Méclozine chlorhydrate
6193,2703,méclozine chlorhydrate
6194,2704,Érénumab
6195,2704,érénumab
6196,2705,Agomélatine
6197,2705,agomélatine-acide citrique
6198,2706,Agomélatine
6199,2706,agomélatine-acide citrique
6200,2707,agomélatine-acide citrique
6201,2708,tirofiban chlorhydrate
6202,2709,Agomélatine
6203,2709,agomélatine-acide citrique
6204,2710,Agomélatine
6205,2710,agomélatine-acide citrique
6206,2711,Agomélatine
6207,2711,agomélatine-acide citrique
6208,2712,Agomélatine
6209,2712,agomélatine
6210,2713,agnus castus [H]
6211,2714,dantrolène sodique
6212,2715,Oxyde de zinc
6213,2715,Dioxyde de titane
6214,2715,Baume du Pérou
6215,2715,zinc oxyde
6216,2715,titane dioxyde
6217,2715,baume du Pérou
6218,2716,"Ispaghul graine, poudre"
6219,2716,"Séné fruit, poudre"
6220,2716,séné de Tinnevelly fruit
6221,2716,ispaghul graine
6222,2716,ispaghul tégument de graine
6223,2717,Lidocaïne chlorhydrate
6224,2717,Sulfate de zinc
6225,2717,lidocaïne chlorhydrate
6226,2717,zinc sulfate
6227,2718,lonoctocog alfa
6228,2719,Dexaméthasone phosphate
6229,2719,dexaméthasone phosphate sodique
6230,2720,aflibercept
6231,2721,aesculus hippocastanum [H]
6232,2721,hamamelis virginiana [H]
6233,2721,hydrastis canadensis [H]
6234,2721,viburnum prunifolium [H]
6235,2722,lauromacrogol 400
6236,2723,Évérolimus
6237,2723,évérolimus
6238,2724,isoflurane
6239,2725,Aesculus hippocastanum TM
6240,2725,Hamamelis TM
6241,2725,Nux vomica 3 DH
6242,2725,Paeonia officinalis 3 DH
6243,2725,Collinsonia canadensis 3 DH
6244,2725,Verbascum thapsus 2 DH
6245,2725,Boldo TM
6246,2725,Valeriana officinalis TM
6247,2725,Sulfur 4 DH
6248,2725,Aloe 4 DH
6249,2725,Nitricum acidum 4 DH
6250,2725,aesculus hippocastanum [H]
6251,2725,hamamelis virginiana [H]
6252,2725,nux vomica [H]
6253,2725,paeonia officinal [H]
6254,2725,collinsonia canadensis [H]
6255,2725,verbascum [H]
6256,2725,boldo
6257,2725,sulfur [H]
6258,2725,aloe [H]
6259,2725,acidum nitricum [H]
6260,2726,Ibuprofène
6261,2726,ibuprofène
6262,2727,apadamtase alfa
6263,2728,Desloratadine
6264,2728,desloratadine
6265,2729,potassium citrate
6266,2729,bicarbonate de potassium
6267,2730,tacrolimus monohydrate
6268,2731,octocog alfa
6269,2732,Ibuprofène
6270,2732,ibuprofène
6271,2733,Ibuprofène
6272,2733,ibuprofène
6273,2734,Colécalciférol (vitamine D3)
6274,2734,colécalciférol
6275,2735,iobenguane 123I sulfate
6276,2736,Doxorubicine chlorhydrate
6277,2736,doxorubicine chlorhydrate
6278,2737,Acide alendronique
6279,2737,Colécalciférol (vitamine D3)
6280,2737,acide alendronique sel monosodique trihydrate
6281,2737,colécalciférol
6282,2738,Tralokinumab
6283,2738,tralokinumab
6284,2739,adrénaline
6285,2739,adrénaline tartrate
6286,2740,tacrolimus monohydrate
6287,2741,adrénaline tartrate
6288,2742,Chlorhexidine digluconate
6289,2742,chlorhexidine gluconate solution
6290,2743,Sulfadiazine
6291,2743,sulfadiazine
6292,2744,Éthinylestradiol
6293,2744,Lévonorgestrel
6294,2744,lévonorgestrel
6295,2744,éthinylestradiol
6296,2745,adénosine
6297,2746,Fébuxostat
6298,2746,fébuxostat
6299,2747,adénosine
6300,2748,adénosine
6301,2749,tadalafil
6302,2750,riociguat
6303,2751,adénosine
6304,2752,brentuximab védotine
6305,2754,Adapalène
6306,2754,Peroxyde de benzoyle
6307,2754,adapalène
6308,2754,peroxyde de benzoyle
6309,2755,Ropinirole
6310,2755,ropinirole chlorhydrate
6311,2757,crizanlizumab
6312,2758,Adapalène
6313,2758,adapalène
6314,2759,Adapalène
6315,2759,adapalène
6316,2762,Peroxyde de benzoyle
6317,2762,peroxyde de benzoyle hydrate
6318,2764,Néfopam chlorhydrate
6319,2764,néfopam
6320,2765,Mélatonine
6321,2765,mélatonine
6322,2766,Kétorolac trométhamine
6323,2766,kétorolac trométamol
6324,2767,Acide acétylsalicylique (aspirine)
6325,2767,Paracétamol
6326,2767,Caféine
6327,2767,acide acétylsalicylique
6328,2767,paracétamol
6329,2767,caféine
6330,2768,Quinapril
6331,2768,Hydrochlorothiazide
6332,2768,hydrochlorothiazide
6333,2768,quinapril chlorhydrate
6334,2769,protoxyde d'azote
6335,2769,oxygène
6336,2770,Quinapril
6337,2770,quinapril chlorhydrate
6338,2771,urokinase
6339,2772,Risédronate monosodique
6340,2772,Carbonate de calcium
6341,2772,Cholécalciférol (vitamine D3)
6342,2772,calcium carbonate
6343,2772,colécalciférol
6344,2772,risédronate sodique
6345,2773,Insuline humaine biogénétique
6346,2773,insuline humaine biogénétique
6347,2773,insuline humaine
6348,2774,Risédronate monosodique
6349,2774,risédronate sodique
6350,2775,"Pélargonium, extrait fluide de racine"
6351,2775,pélargonium racine extrait fluide
6352,2776,Estradiol
6353,2776,Noréthistérone acétate
6354,2776,estradiol hémihydrate
6355,2776,noréthistérone acétate
6356,2777,Aciclovir
6357,2777,aciclovir
6358,2778,Sulfure de sodium (soufre)
6359,2778,Levure Saccharomyces cerevisiae
6360,2778,sodium monosulfure nonahydrate
6361,2778,saccharomyces cerevisiae
6362,2778,sodium monosulfure
6363,2779,Morphine sulfate
6364,2779,morphine sulfate
6365,2780,Pseudoéphédrine chlorhydrate
6366,2780,Diphénhydramine chlorhydrate
6367,2780,Paracétamol
6368,2780,paracétamol
6369,2780,diphénhydramine chlorhydrate
6370,2780,pseudoéphédrine chlorhydrate
6371,2781,Triprolidine chlorhydrate
6372,2781,Pseudoéphédrine chlorhydrate
6373,2781,Paracétamol
6374,2781,paracétamol
6375,2781,pseudoéphédrine chlorhydrate
6376,2781,triprolidine chlorhydrate
6377,2782,altéplase
6378,2783,Fentanyl
6379,2783,fentanyl citrate
6380,2784,Actaea racemosa 4 CH
6381,2784,Arnica montana 4 CH
6382,2784,Glonoinum 4 CH
6383,2784,Lachesis mutus 5 CH
6384,2784,Sanguinaria canadensis 4 CH
6385,2784,cimicifuga [H]
6386,2784,arnica montana [H]
6387,2784,glonoinum [H]
6388,2784,lachesis mutus [H]
6389,2784,sanguinaria canadensis [H]
6390,2786,Polyoside Haemophilus influenzae type b conjugué à la protéine tétanique
6391,2786,haemophilus influenzae type b polyoside
6392,2786,protéine tétanique
6393,2786,polyoside Haemophilus influenzae type b - protéine tétanique
6394,2787,Charbon activé
6395,2787,Papavérine chlorhydrate
6396,2787,charbon activé
6397,2787,papavérine chlorhydrate
6398,2788,Budésonide
6399,2788,budésonide
6400,2789,aconitum napellus [H]
6401,2790,antithrombine III humaine
6402,2791,Acide zolédronique
6403,2791,acide zolédronique monohydrate
6404,2792,aconitum napellus [H]
6405,2792,bryonia [H]
6406,2792,eupatorium perfoliatum [H]
6407,2792,ferrum phosphoricum [H]
6408,2792,apis mellifica [H]
6409,2792,mercurius dulcis [H]
6410,2792,arnica montana [H]
6411,2793,acide zolédronique
6412,2794,acide zolédronique
6413,2795,Acidum phosphoricum 2 DH
6414,2795,Zincum muriaticum 8 DH
6415,2795,Acidum picricum 4 DH
6416,2795,Gelsemium 6 DH
6417,2795,Valeriana officinalis TM
6418,2795,phosphoricum acidum [H]
6419,2795,zincum muriaticum [H]
6420,2795,gelsémium [H]
6421,2795,valeriana officinalis [H]
6422,2796,Acide zolédronique
6423,2796,acide zolédronique monohydrate
6424,2797,phosphoricum acidum [H]
6425,2797,kalium phosphoricum [H]
6426,2797,anacardium orientale [H]
6427,2797,arnica montana [H]
6428,2797,gelsemium sempervirens [H]
6429,2797,selenium metallicum [H]
6430,2797,argentum nitricum [H]
6431,2797,avena sativa [H]
6432,2798,acide zolédronique monohydrate
6433,2799,acide zolédronique monohydrate
6434,2800,Acide zolédronique
6435,2800,acide zolédronique monohydrate
6436,2800,acide zolédronique
6437,2801,acide zolédronique monohydrate
6438,2802,Acide zolédronique
6439,2802,acide zolédronique monohydrate
6440,2803,acide ursodésoxycholique
6441,2804,Acide ursodésoxycholique
6442,2804,acide ursodésoxycholique
6443,2805,Acide ursodésoxycholique
6444,2805,acide ursodésoxycholique
6445,2806,Acide ursodésoxycholique
6446,2806,acide ursodésoxycholique
6447,2807,acide zolédronique monohydrate
6448,2808,acide tranexamique
6449,2809,acide tranexamique
6450,2810,acide tranexamique
6451,2811,Acide ursodésoxycholique
6452,2811,acide ursodésoxycholique
6453,2812,Acide ursodésoxycholique
6454,2812,acide ursodésoxycholique
6455,2813,acide tranexamique
6456,2814,acide tranexamique
6457,2815,acide tranexamique
6458,2816,Acide tiaprofénique
6459,2816,acide tiaprofénique
6460,2817,Acide tiaprofénique
6461,2817,acide tiaprofénique
6462,2818,acide gadotérique sel de méglumine
6463,2819,Acide fusidique
6464,2819,acide fusidique
6465,2820,Acide fusidique
6466,2820,acide fusidique
6467,2821,Acide fusidique
6468,2821,acide fusidique
6469,2822,Acide fusidique
6470,2822,acide fusidique
6471,2823,Acide fusidique
6472,2823,acide fusidique
6473,2824,Acide fusidique
6474,2824,acide fusidique
6475,2825,Acide folique (vitamine B9)
6476,2825,acide folique
6477,2826,Acide folique (vitamine B9)
6478,2826,acide folique
6479,2827,Acide folique (vitamine B9)
6480,2827,acide folique
6481,2828,Acide folique (vitamine B9)
6482,2828,acide folique
6483,2829,acide carglumique
6484,2830,Acide alendronique
6485,2830,Colécalciférol (vitamine D3)
6486,2830,acide alendronique sel monosodique trihydrate
6487,2830,colécalciférol
6488,2831,acide carglumique
6489,2832,Acide alendronique
6490,2832,Colécalciférol (vitamine D3)
6491,2832,acide alendronique sel monosodique trihydrate
6492,2832,colécalciférol
6493,2833,Acide alendronique
6494,2833,Colécalciférol (vitamine D3)
6495,2833,acide alendronique sel monosodique monohydrate
6496,2833,colécalciférol
6497,2834,Acide alendronique
6498,2834,Cholécalciférol (vitamine D3)
6499,2834,acide alendronique sel monosodique trihydrate
6500,2834,colécalciférol
6501,2835,Acide alendronique
6502,2835,Cholécalciférol (vitamine D3)
6503,2835,acide alendronique sel monosodique trihydrate
6504,2835,colécalciférol
6505,2836,Acide alendronique
6506,2836,Cholécalciférol (vitamine D3)
6507,2836,acide alendronique sel monosodique trihydrate
6508,2836,colécalciférol
6509,2837,Acide alendronique
6510,2837,Cholécalciférol (vitamine D3)
6511,2837,acide alendronique sel monosodique trihydrate
6512,2837,colécalciférol
6513,2838,Acide alendronique
6514,2838,Colécalciférol (vitamine D3)
6515,2838,acide alendronique sel monosodique trihydrate
6516,2838,colécalciférol concentré pulvérulent
6517,2839,Acide alendronique
6518,2839,acide alendronique sel monosodique trihydrate
6519,2840,Acide alendronique
6520,2840,acide alendronique sel monosodique trihydrate
6521,2841,Acide alendronique
6522,2841,acide alendronique sel monosodique trihydrate
6523,2842,Acide alendronique
6524,2842,acide alendronique sel monosodique trihydrate
6525,2843,Acide alendronique
6526,2843,acide alendronique sel monosodique trihydrate
6527,2844,Acide alendronique
6528,2844,acide alendronique sel monosodique trihydrate
6529,2845,Acide alendronique
6530,2845,acide alendronique sel monosodique trihydrate
6531,2846,Acide alendronique
6532,2846,acide alendronique sel monosodique trihydrate
6533,2847,acétylsalicylate de lysine
6534,2848,Acide acétylsalicylique (aspirine)
6535,2848,acide acétylsalicylique
6536,2849,Acide acétylsalicylique (aspirine)
6537,2849,acide acétylsalicylique
6538,2850,Aciclovir
6539,2850,aciclovir
6540,2851,Aciclovir
6541,2851,aciclovir
6542,2852,Aciclovir
6543,2852,aciclovir
6544,2853,Acide acétylsalicylique (aspirine)
6545,2853,acide acétylsalicylique
6546,2854,Aciclovir
6547,2854,aciclovir
6548,2855,Aciclovir
6549,2855,aciclovir
6550,2856,Aciclovir
6551,2856,aciclovir
6552,2857,Aciclovir
6553,2857,aciclovir
6554,2858,Aciclovir
6555,2858,aciclovir
6556,2859,Aciclovir
6557,2859,aciclovir
6558,2860,Aciclovir
6559,2860,aciclovir
6560,2861,Aciclovir
6561,2861,aciclovir
6562,2862,aciclovir
6563,2862,aciclovir sodique
6564,2863,Aciclovir
6565,2863,aciclovir
6566,2864,Aciclovir
6567,2864,aciclovir
6568,2865,Aciclovir
6569,2865,aciclovir
6570,2866,Aciclovir
6571,2866,aciclovir
6572,2867,Aciclovir
6573,2867,aciclovir
6574,2868,Aciclovir
6575,2868,aciclovir
6576,2869,aciclovir sodique
6577,2870,Acétylleucine
6578,2870,acétylleucine
6579,2871,Acétylleucine
6580,2871,acétylleucine
6581,2872,Aciclovir
6582,2872,aciclovir
6583,2873,Acétylleucine
6584,2873,acétylleucine
6585,2874,Acétylleucine
6586,2874,acétylleucine
6587,2875,Acétylcystéine
6588,2875,acétylcystéine
6589,2876,Acétylcystéine
6590,2876,acétylcystéine
6591,2877,Acétylcystéine
6592,2877,acétylcystéine
6593,2878,Acétylcystéine
6594,2878,acétylcystéine
6595,2879,Acétylcystéine
6596,2879,acétylcystéine
6597,2880,Acétylcystéine
6598,2880,acétylcystéine
6599,2881,Acétylcystéine
6600,2881,acétylcystéine
6601,2882,Acétylcystéine
6602,2882,acétylcystéine
6603,2883,Acétylcystéine
6604,2883,acétylcystéine
6605,2884,terlipressine acétate
6606,2885,Acétylcystéine
6607,2885,acétylcystéine
6608,2886,Cyprotérone acétate
6609,2886,cyprotérone acétate
6610,2887,Cyprotérone acétate
6611,2887,cyprotérone acétate
6612,2888,Cyprotérone acétate
6613,2888,cyprotérone acétate
6614,2889,Acéclofénac
6615,2889,acéclofénac
6616,2890,penfluridol
6617,2891,Acéclofénac
6618,2891,acéclofénac
6619,2892,Acéclofénac
6620,2892,acéclofénac
6621,2893,Acéclofénac
6622,2893,acéclofénac
6623,2894,Acébutolol
6624,2894,acébutolol chlorhydrate
6625,2895,Acébutolol
6626,2895,acébutolol chlorhydrate
6627,2896,Acébutolol
6628,2896,acébutolol chlorhydrate
6629,2897,Acébutolol
6630,2897,acébutolol chlorhydrate
6631,2898,Acébutolol
6632,2898,acébutolol chlorhydrate
6633,2899,Acébutolol
6634,2899,acébutolol chlorhydrate
6635,2900,Acébutolol
6636,2900,acébutolol chlorhydrate
6637,2901,Acébutolol
6638,2901,acébutolol chlorhydrate
6639,2902,Acébutolol
6640,2902,acébutolol chlorhydrate
6641,2903,filgrastim
6642,2904,Acébutolol
6643,2904,acébutolol chlorhydrate
6644,2905,bicarbonate de sodium
6645,2905,calcium chlorure dihydrate
6646,2905,magnésium chlorure hexahydrate
6647,2905,sodium chlorure
6648,2905,potassium chlorure
6649,2905,glucose
6650,2905,glucose monohydrate
6651,2906,Acébutolol
6652,2906,acébutolol chlorhydrate
6653,2907,Extrait allergénique standardisé d'acariens de poussière de maison (Dermatophagoides pteronyssinus et Dermatophagoides farinae)
6654,2907,acariens de la poussière de maison extrait allergénique
6655,2908,Acarbose
6656,2908,acarbose
6657,2909,Acarbose
6658,2909,acarbose
6659,2910,Acarbose
6660,2910,acarbose
6661,2911,Acarbose
6662,2911,acarbose
6663,2912,Acarbose
6664,2912,acarbose
6665,2913,Acarbose
6666,2913,acarbose
6667,2914,Acarbose
6668,2914,acarbose
6669,2915,Acamprosate calcique
6670,2915,acamprosate calcique
6671,2916,PSMA-1007 18F
6672,2917,Acamprosate calcique
6673,2917,acamprosate calcique
6674,2918,Bêta-alanine
6675,2918,bêta-alanine
6676,2919,Fentanyl
6677,2919,fentanyl citrate
6678,2920,Antigène F du Virus respiratoire syncytial (VRS) du sous-groupe A
6679,2920,Antigène F du Virus respiratoire syncytial (VRS) du sous-groupe B
6680,2920,antigène glycoprotéine F du virus respiratoire syncytial
6681,2921,paclitaxel-albumine
6682,2922,Abiratérone acétate
6683,2922,abiratérone acétate
6684,2923,Abiratérone acétate
6685,2923,abiratérone acétate
6686,2924,Abiratérone acétate
6687,2924,abiratérone acétate
6688,2925,Abiratérone acétate
6689,2925,abiratérone acétate
6690,2926,Abiratérone acétate
6691,2926,abiratérone acétate
6692,2927,Abiratérone acétate
6693,2927,abiratérone acétate
6694,2928,Abiratérone acétate
6695,2928,abiratérone acétate
6696,2929,Abiratérone acétate
6697,2929,abiratérone acétate
6698,2930,Abiratérone acétate
6699,2930,abiratérone acétate
6700,2931,Abiratérone acétate
6701,2931,abiratérone acétate
6702,2932,Abiratérone acétate
6703,2932,abiratérone acétate
6704,2933,Abiratérone acétate
6705,2933,abiratérone acétate
6706,2934,bévacizumab
6707,2935,Aripiprazole
6708,2935,aripiprazole
6709,2936,Aripiprazole
6710,2936,aripiprazole
6711,2937,idécabtagène vicleucel
6712,2940,Insuline glargine
6713,2940,insuline glargine
6714,2941,Abacavir
6715,2941,Lamivudine
6716,2941,Zidovudine
6717,2941,abacavir sulfate
6718,2941,lamivudine
6719,2941,zidovudine
6720,2942,Abacavir
6721,2942,Lamivudine
6722,2942,abacavir sulfate
6723,2942,lamivudine
6724,2943,Abacavir
6725,2943,Lamivudine
6726,2943,abacavir sulfate
6727,2943,lamivudine
6728,2944,Abacavir
6729,2944,Lamivudine
6730,2944,abacavir
6731,2944,lamivudine
6732,2945,Abacavir
6733,2945,Lamivudine
6734,2945,abacavir chlorhydrate
6735,2945,lamivudine
6736,2946,Abacavir
6737,2946,Lamivudine
6738,2946,abacavir chlorhydrate
6739,2946,lamivudine
6740,2947,Abacavir
6741,2947,Lamivudine
6742,2947,abacavir
6743,2947,lamivudine
6744,2948,Abacavir
6745,2948,Lamivudine
6746,2948,abacavir
6747,2948,lamivudine
6748,2949,Abacavir
6749,2949,Lamivudine
6750,2949,abacavir sulfate
6751,2949,lamivudine
6752,2950,Abacavir
6753,2950,Lamivudine
6754,2950,abacavir chlorhydrate
6755,2950,lamivudine
6756,2951,Abacavir
6757,2951,abacavir
6758,2952,Abacavir
6759,2952,abacavir
6760,2953,Abacavir
6761,2953,abacavir sulfate
6762,2954,acétylsalicylate de lysine
6763,2955,Rétinol (vitamine A)
6764,2955,rétinol synthétique concentré huileux
6765,2955,rétinol palmitate
6766,2956,Losartan potassique
6767,2956,Hydrochlorothiazide
6768,2956,losartan potassique
6769,2956,hydrochlorothiazide
6770,2957,ganirélix acétate
6771,2958,Filgotinib
6772,2958,filgotinib maléate
6773,2959,Méthotrexate
6774,2959,méthotrexate
6775,2960,Éconazole nitrate
6776,2960,éconazole nitrate
6777,2961,virus vivants modifiés de la vaccine Ankara
6778,2962,zinc gluconate
6779,2962,cuivre gluconate
6780,2962,manganèse gluconate
6781,2962,potassium iodure
6782,2962,sélénite de sodium
6783,2963,Dolutégravir
6784,2963,Rilpivirine
6785,2963,dolutégravir sodique
6786,2963,rilpivirine chlorhydrate
6787,2964,Atorvastatine
6788,2964,Ézétimibe
6789,2964,atorvastatine calcique trihydrate
6790,2964,ézétimibe
6791,2965,dénosumab
6792,2966,Dénosumab
6793,2966,dénosumab
6794,2968,Budésonide
6795,2968,budésonide
6796,2969,"Hamamélis de Virginie, extrait sec de feuille"
6797,2969,"Hamamélis de Virginie, extrait fluide de feuille"
6798,2969,"Viburnum, extrait sec d'écorce"
6799,2969,"Viburnum, extrait fluide d'écorce"
6800,2969,hamamélis de Virginie feuille extrait fluide
6801,2969,viburnum écorce extrait fluide
6802,2969,hamamélis de Virginie feuille extrait sec
6803,2969,viburnum écorce extrait sec
6804,2970,Josamycine
6805,2970,josamycine propionate
6806,2970,josamycine
6807,2971,cabazitaxel
6808,2972,dostarlimab
6809,2973,Adénovirus type 26 codant pour la glycoprotéine Spike du SARS-CoV-2
6810,2973,adénovirus type 26 codant pour la glycoprotéine spike du SARS-CoV-2
6811,2974,Épinéphrine (ou adrénaline)
6812,2974,adrénaline tartrate
6813,2975,tolvaptan
6814,2976,pirtobrutinib
6815,2977,azathioprine
6816,2978,vinflunine ditartrate
6817,2979,Éthinylestradiol
6818,2979,Drospirénone
6819,2979,éthinylestradiol bétadex clathrate
6820,2979,drospirénone
6821,2980,Lévonorgestrel
6822,2980,lévonorgestrel
6823,2981,Éthinylestradiol
6824,2981,Drospirénone
6825,2981,éthinylestradiol bétadex clathrate
6826,2981,drospirénone
6827,2982,Sitagliptine
6828,2982,sitagliptine phosphate monohydrate
6829,2983,Sitagliptine
6830,2983,Metformine chlorhydrate
6831,2983,sitagliptine phosphate monohydrate
6832,2983,metformine chlorhydrate
6833,2984,Empagliflozine
6834,2984,empagliflozine
6835,2985,Éthinylestradiol
6836,2985,Drospirénone
6837,2985,éthinylestradiol
6838,2985,drospirénone
6839,2986,Docusate de sodium
6840,2986,docusate sodique
6841,2987,Sulfate de sodium
6842,2987,Sulfate de magnésium
6843,2987,Sulfate de potassium
6844,2987,sodium sulfate
6845,2987,magnésium sulfate heptahydrate
6846,2987,potassium sulfate
6847,2988,Éthinylestradiol
6848,2988,Drospirénone
6849,2988,éthinylestradiol
6850,2988,drospirénone
6851,2989,Moxifloxacine
6852,2989,moxifloxacine chlorhydrate
6853,2990,ruxolitinib phosphate
6854,2992,Virus inactivés de l'encéphalite japonaise (souche SA14-14-2)
6855,2992,virus de l'encéphalite japonaise inactivé
6856,2993,Paracétamol
6857,2993,"Opium, poudre"
6858,2993,paracétamol
6859,2993,opium
6860,2994,virus vivants atténués du chikungunya
6861,2995,Tramadol chlorhydrate
6862,2995,Paracétamol
6863,2995,tramadol chlorhydrate
6864,2995,paracétamol
6865,2996,clofarabine
6866,2997,ivosidénib
6867,2999,immunoglobulines humaines anti-hépatite B
6868,3000,Ivermectine
6869,3000,ivermectine
6870,3001,Ivermectine
6871,3001,ivermectine
6872,3002,Ivermectine
6873,3002,ivermectine
6874,3003,Ivermectine
6875,3003,ivermectine
6876,3004,Ivermectine
6877,3004,ivermectine
6878,3005,Ivermectine
6879,3005,ivermectine
6880,3006,Ivermectine
6881,3006,ivermectine
6882,3007,Ivermectine
6883,3007,ivermectine
6884,3008,Ivermectine
6885,3008,ivermectine
6886,3009,Ivermectine
6887,3009,ivermectine
6888,3010,Ivermectine
6889,3010,ivermectine
6890,3012,Ivabradine
6891,3012,ivabradine chlorhydrate
6892,3013,Ivabradine
6893,3013,ivabradine oxalate
6894,3014,Ivabradine
6895,3014,ivabradine chlorhydrate
6896,3015,Ivabradine
6897,3015,ivabradine chlorhydrate
6898,3016,Ivabradine
6899,3016,ivabradine chlorhydrate
6900,3017,Ivabradine
6901,3017,ivabradine chlorhydrate
6902,3018,Ivabradine
6903,3018,ivabradine chlorhydrate
6904,3019,Ivabradine
6905,3019,ivabradine oxalate
6906,3020,ivabradine chlorhydrate
6907,3021,Ivabradine
6908,3021,ivabradine chlorhydrate
6909,3022,ivabradine chlorhydrate
6910,3023,Ivabradine
6911,3023,ivabradine chlorhydrate
6912,3024,Ivabradine
6913,3024,ivabradine chlorhydrate
6914,3025,Extrait allergénique standardisé de pollen de bouleau blanc (Betula verrucosa)
6915,3025,pollen extrait allergénique de bouleau blanc
6916,3026,itraconazole
6917,3028,Itraconazole
6918,3028,itraconazole
6919,3029,inavolisib
6920,3030,Itraconazole
6921,3030,itraconazole
6922,3031,isoprénaline chlorhydrate
6923,3032,Oxacilline
6924,3032,oxacilline sodique
6925,3033,romidepsine
6926,3034,acétylcystéine
6927,3035,osilodrostat phosphate
6928,3036,hydroxyéthylamidon 130000
6929,3036,sodium chlorure
6930,3036,potassium chlorure
6931,3036,calcium chlorure dihydrate
6932,3036,magnésium chlorure hexahydrate
6933,3036,sodium acétate trihydrate
6934,3036,acide malique
6935,3037,isosorbide dinitrate
6936,3038,Pilocarpine chlorhydrate
6937,3038,pilocarpine chlorhydrate
6938,3039,Disopyramide
6939,3039,disopyramide phosphate
6940,3040,Isotrétinoïne
6941,3040,isotrétinoïne
6942,3041,isoprénaline chlorhydrate
6943,3042,sodium chlorure
6944,3042,potassium chlorure
6945,3042,calcium chlorure dihydrate
6946,3042,magnésium chlorure hexahydrate
6947,3042,sodium acétate trihydrate
6948,3042,glucose monohydrate
6949,3043,sodium chlorure
6950,3043,potassium chlorure
6951,3043,magnésium chlorure hexahydrate
6952,3043,calcium chlorure dihydrate
6953,3043,sodium acétate trihydrate
6954,3043,acide malique
6955,3044,isoflurane
6956,3045,Vérapamil chlorhydrate
6957,3045,vérapamil chlorhydrate
6958,3046,Isosorbide dinitrate
6959,3046,isosorbide dinitrate
6960,3047,Frovatriptan
6961,3047,frovatriptan succinate monohydrate
6962,3048,irinotécan chlorhydrate trihydrate
6963,3049,Métopimazine
6964,3049,métopimazine
6965,3050,Raltégravir
6966,3050,raltégravir potassique
6967,3051,irinotécan chlorhydrate trihydrate
6968,3052,irinotécan chlorhydrate trihydrate
6969,3053,irinotécan chlorhydrate trihydrate
6970,3054,irinotécan chlorhydrate trihydrate
6971,3055,irinotécan chlorhydrate trihydrate
6972,3056,irinotécan chlorhydrate trihydrate
6973,3057,Bimatoprost
6974,3057,bimatoprost
6975,3058,géfitinib
6976,3059,perchlorate de sodium
6977,3060,Irbésartan
6978,3060,Hydrochlorothiazide
6979,3060,irbésartan
6980,3060,hydrochlorothiazide
6981,3061,Irbésartan
6982,3061,Hydrochlorothiazide
6983,3061,irbésartan
6984,3061,hydrochlorothiazide
6985,3062,Irbésartan
6986,3062,Hydrochlorothiazide
6987,3062,irbésartan
6988,3062,hydrochlorothiazide
6989,3063,Irbésartan
6990,3063,Hydrochlorothiazide
6991,3063,irbésartan
6992,3063,hydrochlorothiazide
6993,3064,Irbésartan
6994,3064,Hydrochlorothiazide
6995,3064,irbésartan
6996,3064,hydrochlorothiazide
6997,3065,Irbésartan
6998,3065,Hydrochlorothiazide
6999,3065,irbésartan
7000,3065,hydrochlorothiazide
7001,3066,Irbésartan
7002,3066,Hydrochlorothiazide
7003,3066,irbésartan
7004,3066,hydrochlorothiazide
7005,3067,Irbésartan
7006,3067,Hydrochlorothiazide
7007,3067,irbésartan
7008,3067,hydrochlorothiazide
7009,3068,Irbésartan
7010,3068,Hydrochlorothiazide
7011,3068,irbésartan
7012,3068,hydrochlorothiazide
7013,3069,Irbésartan
7014,3069,Hydrochlorothiazide
7015,3069,irbésartan
7016,3069,hydrochlorothiazide
7017,3070,Irbésartan
7018,3070,irbésartan
7019,3071,Irbésartan
7020,3071,irbésartan
7021,3072,Irbésartan
7022,3072,irbésartan
7023,3073,Irbésartan
7024,3073,irbésartan
7025,3074,Irbésartan
7026,3074,irbésartan
7027,3075,Irbésartan
7028,3075,Hydrochlorothiazide
7029,3075,irbésartan
7030,3075,hydrochlorothiazide
7031,3076,Irbésartan
7032,3076,irbésartan
7033,3077,Irbésartan
7034,3077,irbésartan
7035,3078,Irbésartan
7036,3078,irbésartan
7037,3079,Irbésartan
7038,3079,irbésartan
7039,3080,Irbésartan
7040,3080,irbésartan
7041,3081,Irbésartan
7042,3081,irbésartan
7043,3082,Irbésartan
7044,3082,irbésartan
7045,3083,élafibranor
7046,3086,Ipratropium bromure
7047,3086,ipratropium bromure monohydrate
7048,3087,Ipratropium bromure
7049,3087,ipratropium bromure monohydrate
7050,3088,Ipratropium bromure
7051,3088,ipratropium bromure monohydrate
7052,3089,Ipratropium bromure
7053,3089,ipratropium bromure monohydrate
7054,3090,Ipratropium bromure
7055,3090,ipratropium bromure monohydrate
7056,3091,Ipratropium bromure
7057,3091,ipratropium bromure monohydrate
7058,3092,Ipratropium bromure
7059,3092,ipratropium bromure monohydrate
7060,3093,Ipratropium bromure
7061,3093,ipratropium bromure monohydrate
7062,3094,Ipratropium bromure
7063,3094,ipratropium bromure monohydrate
7064,3095,Ibuprofène
7065,3095,ibuprofène
7066,3095,caféine
7067,3096,Manidipine
7068,3096,manidipine chlorhydrate
7069,3097,Pantoprazole
7070,3097,pantoprazole sel de Na sesquihydrate
7071,3098,ipéca [H]
7072,3098,antimonium tartaricum [H]
7073,3098,drosera rotundifolia [H]
7074,3098,anemone pulsatilla [H]
7075,3098,phellandrium aquaticum [H]
7076,3098,ferrum phosphoricum [H]
7077,3098,antimonium sulfuratum aureum [H]
7078,3098,bryonia [H]
7079,3098,drosera [H]
7080,3099,Apraclonidine
7081,3099,apraclonidine chlorhydrate
7082,3100,iopamidol
7083,3101,sodium acétate trihydrate
7084,3101,sodium chlorure
7085,3101,potassium chlorure
7086,3101,magnésium chlorure hexahydrate
7087,3102,ioméprol
7088,3103,ioflupane (123I)
7089,3104,sodium iodure 123I
7090,3105,potassium iodure
7091,3106,Iodure de potassium
7092,3106,potassium iodure
7093,3107,sodium iodure 131I
7094,3108,sodium iodure 123I
7095,3109,ertapénem sodique
7096,3110,Canagliflozine
7097,3110,canagliflozine hémihydrate
7098,3112,sodium iodure 123I
7099,3114,Prastérone
7100,3114,prastérone
7101,3116,soja huile purifiée
7102,3117,immunoglobulines humaines normales
7103,3118,Tiliquinol
7104,3118,Tiliquinol-Laurylsulfate
7105,3118,Tilbroquinol
7106,3118,tiliquinol
7107,3118,tiliquinol laurylsulfate
7108,3118,tilbroquinol
7109,3119,Acide flavodique disodique
7110,3119,acide flavodique sel disodique
7111,3120,Insuline humaine biogénétique
7112,3120,insuline humaine
7113,3121,eptifibatide
7114,3122,Étravirine
7115,3122,étravirine
7116,3123,insuline humaine
7117,3124,lidocaïne chlorhydrate
7118,3124,chlorhexidine gluconate solution
7119,3125,Fentanyl
7120,3125,fentanyl citrate
7121,3126,Insuline asparte
7122,3126,insuline asparte
7123,3127,Oxyde de zinc
7124,3127,Ichthyolammonium
7125,3127,"Hamamélis, extrait"
7126,3127,Dioxyde de titane
7127,3127,Benjoin officinal
7128,3127,ichthyolammonium
7129,3127,hamamélis extrait fluide
7130,3127,zinc oxyde
7131,3127,titane dioxyde
7132,3127,benjoin du Laos
7133,3129,fédratinib chlorhydrate
7134,3130,Rufinamide
7135,3130,rufinamide
7136,3131,Éplérénone
7137,3131,éplérénone
7138,3133,Succinate ferreux
7139,3133,succinate ferreux
7140,3134,monoxyde d'azote
7141,3135,Salicylate de méthyle
7142,3135,Camphre
7143,3135,salicylate de méthyle
7144,3135,camphre racémique
7145,3136,Bilastine
7146,3136,bilastine
7147,3137,Énoxaparine sodique
7148,3137,énoxaparine sodique
7149,3138,Pantoprazole
7150,3138,pantoprazole sel de Na sesquihydrate
7151,3139,axitinib
7152,3140,Tinzaparine sodique exprimé en UI anti-Xa
7153,3140,tinzaparine sodique
7154,3141,Béclométasone dipropionate
7155,3141,Formotérol fumarate dihydraté
7156,3141,béclométasone dipropionate
7157,3141,formotérol fumarate dihydrate
7158,3142,vert d'indocyanine monopic
7159,3143,2 souches de virus grippaux inactivés de type A (H1N1 et H3N2) et 2 souches de virus grippaux inactivés de type B
7160,3143,antigènes de surface inactivés du virus grippal
7161,3144,antigènes de surface inactivés du virus grippal
7162,3145,"Aconitum napellus, planta tota 3 DH"
7163,3145,"Bryonia, radix 2 DH"
7164,3145,"Eucalyptus globulus, folium 2 DH"
7165,3145,"Eupatorium perfoliatum, herba 2 DH"
7166,3145,Ferrum phosphoricum 6 DH
7167,3145,"Sabadilla officinarum, semen 3 DH"
7168,3145,aconitum napellus [H]
7169,3145,bryonia [H]
7170,3145,eucalyptus globulus [H]
7171,3145,eupatorium perfoliatum [H]
7172,3145,ferrum phosphoricum [H]
7173,3145,sabadilla officinarum
7174,3146,Infliximab
7175,3146,infliximab
7176,3147,virus grippal
7177,3148,Polyoside Haemophilus influenzae type b conjugué à la protéine tétanique
7178,3148,Anatoxine diphtérique purifiée
7179,3148,Anatoxine tétanique purifiée
7180,3148,Antigènes coquelucheux
7181,3148,"Virus poliomyélitiques inactivés de type 1, 2 et 3"
7182,3148,anatoxine diphtérique
7183,3148,anatoxine tétanique
7184,3148,protéine tétanique
7185,3148,anatoxine de Bordetella pertussis
7186,3148,hémagglutinine filamenteuse de Bordetella pertussis
7187,3148,pertactine de Bordetella pertussis
7188,3148,virus poliomyélitique inactivé type 1
7189,3148,virus poliomyélitique inactivé type 2
7190,3148,virus poliomyélitique inactivé type 3
7191,3148,haemophilus influenzae type b polyoside
7192,3149,atropine sulfate
7193,3149,avizafone chlorhydrate
7194,3149,pralidoxime méthylsulfate
7195,3150,Anatoxine diphtérique purifiée
7196,3150,Anatoxine tétanique purifiée
7197,3150,Antigènes coquelucheux
7198,3150,Antigène protéique HBs
7199,3150,"Virus poliomyélitiques inactivés de type 1, 2 et 3"
7200,3150,Polyoside Haemophilus influenzae type b conjugué à la protéine tétanique
7201,3150,anatoxine diphtérique
7202,3150,anatoxine tétanique
7203,3150,anatoxine de Bordetella pertussis
7204,3150,hémagglutinine filamenteuse de Bordetella pertussis
7205,3150,pertactine de Bordetella pertussis
7206,3150,antigène de surface du virus de l'hépatite B
7207,3150,virus poliomyélitique inactivé type 1
7208,3150,virus poliomyélitique inactivé type 2
7209,3150,virus poliomyélitique inactivé type 3
7210,3150,polyoside Haemophilus influenzae type b - protéine tétanique
7211,3150,haemophilus influenzae type b polyoside
7212,3151,Ésoméprazole
7213,3151,ésoméprazole magnésium trihydrate
7214,3151,ésoméprazole sodique
7215,3153,dibotermine alfa
7216,3155,indométacine
7217,3156,Indométacine
7218,3156,indométacine
7219,3157,Ézétimibe
7220,3157,Simvastatine
7221,3157,ézétimibe
7222,3157,simvastatine
7223,3158,indométacine
7224,3159,Indapamide
7225,3159,indapamide
7226,3160,Indométacine
7227,3160,Gentamicine
7228,3160,indométacine
7229,3160,gentamicine sulfate
7230,3161,Lopéramide chlorhydrate
7231,3161,lopéramide chlorhydrate
7232,3162,Indométacine
7233,3162,indométacine
7234,3163,Indapamide
7235,3163,indapamide
7236,3164,Indapamide
7237,3164,indapamide
7238,3165,Indapamide
7239,3165,indapamide
7240,3166,Indapamide
7241,3166,indapamide
7242,3167,Indapamide
7243,3167,indapamide
7244,3168,Indapamide
7245,3168,indapamide
7246,3169,Indapamide
7247,3169,indapamide
7248,3170,Indapamide
7249,3170,indapamide
7250,3171,Indapamide
7251,3171,indapamide hémihydrate
7252,3171,indapamide
7253,3172,Uméclidinium bromure
7254,3172,uméclidinium bromure
7255,3173,mécasermine
7256,3175,virus vivants modifiés de la vaccine Ankara
7257,3176,Azathioprine
7258,3176,azathioprine
7259,3178,interféron gamma-1b recombinant
7260,3179,Lactitol
7261,3179,lactitol monohydrate
7262,3180,miltéfosine
7263,3181,Adalimumab
7264,3181,adalimumab
7265,3182,Ustékinumab
7266,3182,ustékinumab
7267,3183,immunoglobulines humaines anti-rabiques
7268,3184,Lopéramide chlorhydrate
7269,3184,lopéramide chlorhydrate
7270,3185,"Vaccins inactivés poliomyélitiques de type 1, 2 et 3"
7271,3185,virus poliomyélitique inactivé type 1
7272,3185,virus poliomyélitique inactivé type 2
7273,3185,virus poliomyélitique inactivé type 3
7274,3186,Lopéramide chlorhydrate
7275,3186,lopéramide chlorhydrate
7276,3187,Zopiclone
7277,3187,zopiclone
7278,3188,Lopéramide chlorhydrate
7279,3188,Siméticone (exprimé en diméticone)
7280,3188,lopéramide chlorhydrate
7281,3188,siméticone
7282,3189,facteur VII humain
7283,3190,Lopéramide chlorhydrate
7284,3190,lopéramide chlorhydrate
7285,3191,Lopéramide
7286,3191,lopéramide chlorhydrate
7287,3192,pomalidomide
7288,3193,trémélimumab
7289,3194,imipénem monohydrate
7290,3194,cilastatine sodique
7291,3195,imipénem monohydrate
7292,3195,cilastatine sodique
7293,3196,immunoglobulines humaines anti-hépatite B
7294,3197,imipénem monohydrate
7295,3197,cilastatine sodique
7296,3198,imipénem monohydrate
7297,3198,cilastatine sodique
7298,3199,imipénem monohydrate
7299,3199,cilastatine sodique
7300,3200,imipénem monohydrate
7301,3200,cilastatine sodique
7302,3201,imipénem monohydrate
7303,3201,cilastatine sodique
7304,3202,Sumatriptan
7305,3202,sumatriptan succinate
7306,3203,durvalumab
7307,3204,setmélanotide
7308,3205,Méthotrexate
7309,3205,méthotrexate sodique
7310,3206,Sumatriptan
7311,3206,sumatriptan
7312,3206,sumatriptan succinate
7313,3207,Méthotrexate
7314,3207,méthotrexate sodique
7315,3207,méthotrexate
7316,3208,argentum metallicum [H]
7317,3208,echinacea angustifolia [H]
7318,3209,Imatinib
7319,3209,imatinib mésilate
7320,3210,Imatinib
7321,3210,imatinib mésilate
7322,3211,Imatinib
7323,3211,imatinib mésilate
7324,3212,ibrutinib
7325,3213,Imatinib
7326,3213,imatinib mésilate
7327,3214,Imatinib
7328,3214,imatinib mésilate
7329,3215,Imatinib
7330,3215,imatinib mésilate
7331,3216,Imatinib
7332,3216,imatinib mésilate
7333,3217,Imatinib
7334,3217,imatinib mésilate
7335,3218,fluocinolone acétonide
7336,3219,Imatinib
7337,3219,imatinib mésilate
7338,3220,Imatinib
7339,3220,imatinib mésilate
7340,3221,Imatinib
7341,3221,imatinib mésilate
7342,3222,Tildrakizumab
7343,3222,tildrakizumab
7344,3223,iloprost trométamol
7345,3224,iloprost
7346,3225,iloprost
7347,3226,canakinumab
7348,3227,gozétotide triflutate
7349,3228,Nicorandil
7350,3228,nicorandil
7351,3229,ciclosporine
7352,3231,Irbésartan
7353,3231,Hydrochlorothiazide
7354,3231,irbésartan chlorhydrate
7355,3231,hydrochlorothiazide
7356,3232,Irbésartan
7357,3232,irbésartan chlorhydrate
7358,3233,alumina [H]
7359,3233,bryonia [H]
7360,3233,nux moschata [H]
7361,3235,Calcium carbonate
7362,3235,Colécalciférol (vitamine D3)
7363,3235,calcium carbonate
7364,3235,colécalciférol concentré pulvérulent
7365,3236,albutrépénonacog alfa
7366,3238,imlifidase
7367,3239,idarubicine chlorhydrate
7368,3241,Adalimumab
7369,3241,adalimumab
7370,3242,idarubicine chlorhydrate
7371,3243,céfuroxime sel de Na
7372,3244,icatibant acétate
7373,3245,icatibant acétate
7374,3246,Isradipine
7375,3246,isradipine
7376,3247,Ponatinib
7377,3247,ponatinib chlorhydrate
7378,3248,icatibant acétate
7379,3249,icatibant acétate
7380,3250,icatibant acétate
7381,3251,icatibant acétate
7382,3252,Ibuprofène
7383,3252,ibuprofène
7384,3253,Ibuprofène
7385,3253,ibuprofène
7386,3254,ibuprofène
7387,3255,Ibuprofène
7388,3255,ibuprofène
7389,3256,ibuprofène
7390,3257,ibuprofène lysinate
7391,3258,Ibuprofène
7392,3258,ibuprofène
7393,3259,Ibuprofène
7394,3259,ibuprofène
7395,3259,ibuprofène lysinate
7396,3260,Ibuprofène
7397,3260,ibuprofène
7398,3261,Ibuprofène
7399,3261,ibuprofène
7400,3262,Ibuprofène
7401,3262,ibuprofène
7402,3263,Ibuprofène
7403,3263,ibuprofène
7404,3264,ibuprofène lysinate
7405,3265,Ibuprofène
7406,3265,ibuprofène
7407,3266,Ibuprofène
7408,3266,ibuprofène
7409,3267,Ibuprofène
7410,3267,ibuprofène
7411,3268,Ibuprofène
7412,3268,ibuprofène
7413,3269,ibuprofène
7414,3270,Ibuprofène
7415,3270,ibuprofène
7416,3271,Ibuprofène
7417,3271,ibuprofène
7418,3272,Ibuprofène
7419,3272,ibuprofène
7420,3273,Ibuprofène
7421,3273,ibuprofène
7422,3274,Ibuprofène
7423,3274,ibuprofène
7424,3275,Ibuprofène
7425,3275,ibuprofène
7426,3276,Ibuprofène
7427,3276,ibuprofène
7428,3277,Ibuprofène
7429,3277,ibuprofène
7430,3278,Ibuprofène
7431,3278,ibuprofène
7432,3279,Ibuprofène
7433,3279,ibuprofène
7434,3280,ibuprofène
7435,3281,Ibuprofène
7436,3281,ibuprofène
7437,3282,Ibuprofène
7438,3282,ibuprofène
7439,3283,Ibuprofène
7440,3283,ibuprofène
7441,3284,Ibuprofène
7442,3284,ibuprofène
7443,3285,Ibuprofène
7444,3285,ibuprofène
7445,3286,Ibuprofène
7446,3286,ibuprofène
7447,3287,Abiratérone acétate
7448,3287,abiratérone acétate
7449,3288,fluoroéthyl-L tyrosine 18F
7450,3289,fluorodopa 18F
7451,3291,palbociclib
7452,3292,fluorocholine 18F chlorure
7453,3293,Candésartan cilexetil
7454,3293,Hydrochlorothiazide
7455,3293,candésartan cilexétil
7456,3293,hydrochlorothiazide
7457,3294,immunoglobulines humaines normales
7458,3295,Adalimumab
7459,3295,adalimumab
7460,3296,Térazosine
7461,3296,térazosine chlorhydrate dihydrate
7462,3298,étomidate
7463,3299,Rilmenidine
7464,3299,rilménidine phosphate
7465,3300,Arnica montana 3 DH
7466,3300,Arsenicum iodatum 4 DH
7467,3300,Belladonna 3 DH
7468,3300,Hypericum perforatum 1 DH
7469,3300,Melilotus officinalis 2 DH
7470,3300,Phosphorus 8 DH
7471,3300,Rhus toxicodendron 7 DH
7472,3300,Secale cornutum 4 DH
7473,3300,Viburnum opulus 3 DH
7474,3300,arnica montana [H]
7475,3300,arsenicum iodatum [H]
7476,3300,belladonna [H]
7477,3300,hypericum perforatum [H]
7478,3300,melilotus [H]
7479,3300,phosphorus [H]
7480,3300,rhus toxicodendron [H]
7481,3300,secale cornutum [H]
7482,3300,viburnum opulus [H]
7483,3301,Hydroxyzine dichlorhydrate
7484,3301,hydroxyzine chlorhydrate
7485,3302,Hydroxyzine chlorhydrate
7486,3302,hydroxyzine chlorhydrate
7487,3303,Hydroxyzine chlorhydrate
7488,3303,hydroxyzine chlorhydrate
7489,3304,Hydroxyzine dichlorhydrate
7490,3304,hydroxyzine chlorhydrate
7491,3305,hydroxyzine chlorhydrate
7492,3306,Hydroxyzine dichlorhydrate
7493,3306,hydroxyzine chlorhydrate
7494,3307,Hydroxyzine dichlorhydrate
7495,3307,hydroxyzine chlorhydrate
7496,3308,Hydroxyzine dichlorhydrate
7497,3308,hydroxyzine chlorhydrate
7498,3309,Hydroxyzine dichlorhydrate
7499,3309,hydroxyzine chlorhydrate
7500,3310,Hydroxyzine dichlorhydrate
7501,3310,hydroxyzine chlorhydrate
7502,3311,Rétinol (vitamine A)
7503,3311,Ergocalciférol (vitamine D2)
7504,3311,Alpha-tocophérol (vitamine E)
7505,3311,Thiamine (vitamine B1)
7506,3311,Riboflavine (vitamine B2)
7507,3311,Nicotinamide (vitamine PP)
7508,3311,Dexpanthénol (vitamine B5)
7509,3311,Pyridoxine (vitamine B6)
7510,3311,Acide ascorbique (vitamine C)
7511,3311,rétinol synthétique concentré huileux
7512,3311,ergocalciférol
7513,3311,alpha-tocophérol acétate
7514,3311,thiamine chlorhydrate
7515,3311,pyridoxine chlorhydrate
7516,3311,riboflavine phosphate sel de Na
7517,3311,nicotinamide
7518,3311,acide ascorbique
7519,3311,dexpanthénol
7520,3312,hydroxycarbamide
7521,3313,hydrocortisone hémisuccinate sodique
7522,3314,hydrocortisone hémisuccinate
7523,3315,Hydrocortisone
7524,3315,hydrocortisone
7525,3316,hydrocortisone
7526,3317,Prednisolone acétate
7527,3317,prednisolone acétate
7528,3318,hydrochlorothiazide
7529,3319,Hydrochlorothiazide
7530,3319,hydrochlorothiazide
7531,3320,Hydroxycarbamide (ou hydroxyurée)
7532,3320,hydroxycarbamide
7533,3321,topotécane chlorhydrate
7534,3322,Hyaluronate de sodium
7535,3322,sodium hyaluronate
7536,3324,hyaluronidase
7537,3325,Phéniramine maléate
7538,3325,Paracétamol
7539,3325,Acide ascorbique (vitamine C)
7540,3325,paracétamol
7541,3325,acide ascorbique
7542,3325,phéniramine maléate
7543,3326,Adalimumab
7544,3326,adalimumab
7545,3327,Paracétamol
7546,3327,Chlorphénamine maléate
7547,3327,paracétamol
7548,3327,chlorphénamine maléate
7549,3328,Oxomémazine
7550,3328,oxomémazine
7551,3329,Béclométasone dipropionate
7552,3329,béclométasone dipropionate
7553,3330,Paracétamol
7554,3330,Pseudoéphédrine chlorhydrate
7555,3330,Chlorphénamine maléate
7556,3330,paracétamol
7557,3330,pseudoéphédrine chlorhydrate
7558,3330,chlorphénamine maléate
7559,3331,Benzalkonium chlorure
7560,3331,benzalkonium chlorure
7561,3332,Carbocistéine
7562,3332,carbocistéine
7563,3333,Cromoglicate de sodium
7564,3333,acide cromoglicique sel de Na
7565,3334,Biclotymol
7566,3334,lidocaïne chlorhydrate
7567,3334,alcool dichlorobenzylique
7568,3334,amylmétacrésol
7569,3334,biclotymol
7570,3334,lidocaïne chlorhydrate monohydrate
7571,3334,benzalkonium chlorure
7572,3336,Cétirizine dichlorhydrate
7573,3336,loratadine
7574,3336,cétirizine dichlorhydrate
7575,3337,paromomycine sulfate
7576,3338,Insuline Lispro
7577,3338,insuline lispro
7578,3338,insuline lispro protamine
7579,3339,"Lavande, huile essentielle"
7580,3339,lavande essence
7581,3340,"Goménol, huile essentielle de Melaleuca viridiflora"
7582,3340,niaouli essence
7583,3341,Adalimumab
7584,3341,adalimumab
7585,3342,Adalimumab
7586,3342,adalimumab
7587,3343,Insuline Lispro (analogue à l'insuline humaine)
7588,3343,insuline lispro
7589,3344,Paraffine liquide
7590,3344,paraffine liquide
7591,3345,Paraffine liquide
7592,3345,paraffine liquide
7593,3346,Paraffine liquide
7594,3346,paraffine liquide
7595,3347,bicarbonate de sodium
7596,3348,aconitum napellus [H]
7597,3348,arum triphyllum [H]
7598,3348,belladonna [H]
7599,3348,bryonia [H]
7600,3348,calendula officinal [H]
7601,3348,ferrum phosphoricum [H]
7602,3348,hepar sulfuris [H]
7603,3348,kalium bichromicum [H]
7604,3348,mercurius solubilis [H]
7605,3348,populus candicans [H]
7606,3348,spongia tosta [H]
7607,3349,Carduus marianus 3 DH
7608,3349,Pulsatilla vulgaris 6 DH
7609,3349,Berberis vulgaris 5 DH
7610,3349,carduus marianus [H]
7611,3349,anemone pulsatilla [H]
7612,3349,berberis vulgaris [H]
7613,3350,Pulsatilla Vulgaris 8 DH
7614,3350,Sambucus nigra 4 DH
7615,3350,Rumex crispus 5 DH
7616,3350,anemone pulsatilla [H]
7617,3350,sambucus nigra [H]
7618,3350,rumex crispus [H]
7619,3351,Taraxacum officinalis 4 DH
7620,3351,Berberis vulgaris 5 DH
7621,3351,Lappa major 4 DH
7622,3351,taraxacum dens leonis [H]
7623,3351,berberis vulgaris [H]
7624,3351,lappa major [H]
7625,3352,Verbascum thapsus 7 DH
7626,3352,Mentha piperita 5 DH
7627,3352,Viola odorata 9 DH
7628,3352,verbascum thapsus [H]
7629,3352,mentha piperita [H]
7630,3352,viola odorata [H]
7631,3353,"Souci des jardins, teinture"
7632,3353,"Phytolaque, teinture"
7633,3353,"Bryone, teinture"
7634,3353,"Benjoin, teinture"
7635,3353,Acide borique
7636,3353,souci des jardins teinture
7637,3353,phytolaque teinture
7638,3353,bryone dioïque teinture
7639,3353,benjoin du Laos
7640,3353,acide borique
7641,3354,Influenzinum 9 CH
7642,3354,influenzinum [H]
7643,3355,Euphrasia officinalis [H]
7644,3355,calendula officinal [H]
7645,3355,magnesia carbonica [H]
7646,3356,arnica montana [H]
7647,3356,arum triphyllum [H]
7648,3356,belladonna [H]
7649,3356,bromum [H]
7650,3356,bryonia [H]
7651,3356,mercurius solubilis [H]
7652,3356,phytolacca decandra [H]
7653,3356,anemone pulsatilla [H]
7654,3356,spongia tosta [H]
7655,3357,Hyoscyamus niger 5 CH
7656,3357,Nux moschata 4 CH
7657,3357,Passiflora incarnata 3 DH
7658,3357,Stramonium 5 CH
7659,3357,hyoscyamus niger [H]
7660,3357,nux moschata [H]
7661,3357,passiflora incarnata [H]
7662,3357,stramonium [H]
7663,3358,Solidago virga aurea 4 DH
7664,3358,Capsella bursa-pastoris 6 DH
7665,3358,Spiraea ulmaria 4 DH
7666,3358,solidago virga aurea [H]
7667,3358,thlaspi bursa pastoris [H]
7668,3358,spiraea ulmaria [H]
7669,3359,Uva ursi 4 DH
7670,3359,Equisetum hiemale 6 DH
7671,3359,Urtica urens 4 DH
7672,3359,uva ursi [H]
7673,3359,equisetum hiemale [H]
7674,3359,urtica urens [H]
7675,3360,Borax 5 CH
7676,3360,Kalium bichromicum 5 CH
7677,3360,Sulfuricum acidum 5 CH
7678,3360,borax [H]
7679,3360,kalium bichromicum [H]
7680,3360,acide sulfuricum [H]
7681,3361,Ifosfamide
7682,3361,ifosfamide
7683,3362,cellules épithéliales cornéennes humaines autologues
7684,3363,"Hamamélis, extrait"
7685,3363,"Marron d'Inde, extrait"
7686,3363,"Bourse-à-pasteur, extrait"
7687,3363,"Anémone, extrait"
7688,3363,Esculoside
7689,3363,hamamélis extrait fluide hydroalcoolique
7690,3363,marron d'Inde extrait fluide hydroalcoolique
7691,3363,bourse à Pasteur extrait fluide hydroalcoolique
7692,3363,anémone pulsatille extrait fluide hydroalcoolique
7693,3363,esculoside
7694,3364,"Marron d'Inde, extrait sec"
7695,3364,marron d'Inde extrait sec
7696,3365,Arnica montana 2 DH
7697,3365,Rhus toxicodendron 2 DH
7698,3365,Sanguinaria canadensis 4 DH
7699,3365,Solanum dulcamara 2 DH
7700,3365,Sulfur 6 DH
7701,3365,arnica montana [H]
7702,3365,rhus toxicodendron [H]
7703,3365,sanguinaria canadensis [H]
7704,3365,solanum dulcamara [H]
7705,3365,sulfur [H]
7706,3366,immunoglobulines humaines normales
7707,3367,acétylcystéine
7708,3368,Chlorhexidine digluconate
7709,3368,chlorhexidine gluconate
7710,3369,Chlorhexidine digluconate
7711,3369,chlorhexidine gluconate
7712,3370,Anatoxine diphtérique
7713,3370,Anatoxine tétanique
7714,3370,Antigènes coquelucheux
7715,3370,"Virus poliomyélitiques inactivés de type 1, 2 et 3"
7716,3370,Antigène de l'hépatite B
7717,3370,Polyoside d'Haemophilus influenzae b conjugué à la protéine tétanique
7718,3370,anatoxine diphtérique
7719,3370,anatoxine tétanique
7720,3370,anatoxine de Bordetella pertussis
7721,3370,hémagglutinine filamenteuse de Bordetella pertussis
7722,3370,virus poliomyélitique inactivé type 1
7723,3370,virus poliomyélitique inactivé type 2
7724,3370,virus poliomyélitique inactivé type 3
7725,3370,antigène de surface du virus de l'hépatite B
7726,3370,polyoside Haemophilus influenzae type b - protéine tétanique
7727,3371,hexyl aminolévulinate chlorhydrate
7728,3372,Hexétidine
7729,3372,hexétidine
7730,3373,Hexamidine di-isétionate
7731,3373,hexamidine di-isétionate
7732,3374,Chlorhexidine gluconate
7733,3374,Benzalkonium chlorure
7734,3374,Alcool benzylique
7735,3374,chlorhexidine gluconate
7736,3374,benzalkonium chlorure
7737,3374,alcool benzylique
7738,3375,Hexétidine
7739,3375,hexétidine
7740,3376,Hexétidine
7741,3376,hexétidine
7742,3377,Hexamidine di-isétionate
7743,3377,hexamidine di-isétionate
7744,3378,Hexétidine
7745,3378,hexétidine
7746,3379,Hexétidine
7747,3379,hexétidine
7748,3380,Triamcinolone hexacétonide
7749,3380,triamcinolone hexacétonide
7750,3381,Altrétamine
7751,3381,altrétamine
7752,3382,Biclotymol
7753,3382,biclotymol
7754,3383,Benzoate de quinine
7755,3383,Thiamine chlorhydrate (vitamine B1)
7756,3383,quinine benzoate
7757,3383,thiamine chlorhydrate
7758,3384,serplulimab
7759,3385,Biclotymol
7760,3385,Lysozyme chlorhydrate
7761,3385,Énoxolone
7762,3385,biclotymol
7763,3385,lysozyme chlorhydrate
7764,3385,énoxolone
7765,3386,altrétamine
7766,3387,trastuzumab
7767,3388,Aciclovir
7768,3388,aciclovir
7769,3389,"Lierre grimpant, extrait sec de feuille"
7770,3389,lierre grimpant feuille extrait sec
7771,3390,trastuzumab
7772,3391,heptaminol chlorhydrate
7773,3392,Adéfovir dipivoxil
7774,3392,adéfovir dipivoxil
7775,3393,bulévirtide acétate
7776,3394,héparine sodique
7777,3395,Sorbitol
7778,3395,Acide citrique
7779,3395,Arginine chlorhydrate
7780,3395,Sulfate de sodium anhydre
7781,3395,Hydrogénophosphate de sodium
7782,3395,sorbitol
7783,3395,acide citrique
7784,3395,arginine chlorhydrate
7785,3395,sodium sulfate anhydre
7786,3395,phosphate disodique
7787,3396,Héparine sodique
7788,3396,héparine sodique
7789,3397,héparine calcique
7790,3399,facteur XI humain
7791,3400,bicarbonate de sodium
7792,3400,sodium chlorure
7793,3400,calcium chlorure dihydrate
7794,3400,magnésium chlorure hexahydrate
7795,3400,acide lactique
7796,3400,calcium
7797,3400,magnésium
7798,3400,sodium
7799,3400,chlorure
7800,3400,lactate
7801,3400,bicarbonate
7802,3401,"Artichaut, extrait mou de feuilles"
7803,3401,artichaut feuille extrait mou
7804,3402,Polyester sulfurique de pentosane
7805,3402,pentosane polysulfate
7806,3403,émicizumab
7807,3404,Digoxine
7808,3404,digoxine
7809,3405,Glibenclamide
7810,3405,glibenclamide
7811,3407,propranolol chlorhydrate
7812,3408,étranacogène dézaparvovec
7813,3409,helonias dioica [H]
7814,3409,lilium tigrinum [H]
7815,3409,sepia [H]
7816,3409,cimicifuga [H]
7817,3409,lonicera caprifolium [H]
7818,3409,belladonna [H]
7819,3409,aletris farinosa [H]
7820,3409,sepia officinal [H]
7821,3410,urée 13C
7822,3411,Pyrantel
7823,3411,pyrantel embonate
7824,3412,"Lierre grimpant, extrait sec de feuille"
7825,3412,lierre grimpant feuille extrait sec
7826,3413,Tanin officinal
7827,3413,"Hamamélis, extrait fluide"
7828,3413,Phénazone
7829,3413,phénazone
7830,3413,acide tannique
7831,3413,hamamélis extrait fluide
7832,3414,Hélicidine
7833,3414,hélicidine
7834,3415,Antigène recombinant du virus de l'hépatite B (AgHBs)
7835,3415,antigène de surface recombinant du virus de l'hépatite B
7836,3416,urée 13C
7837,3417,Lédipasvir
7838,3417,Sofosbuvir
7839,3417,lédipasvir
7840,3417,sofosbuvir
7841,3418,Loprazolam
7842,3418,loprazolam mésilate
7843,3419,"Virus de l'hépatite A inactivé, adsorbé sur hydroxyde d'aluminium"
7844,3419,virus de l'hépatite A inactivé
7845,3420,Éthinylestradiol
7846,3420,Gestodène
7847,3420,gestodène
7848,3420,éthinylestradiol
7849,3421,Halopéridol
7850,3421,halopéridol décanoate
7851,3422,éribuline mésilate
7852,3423,Halopéridol
7853,3423,halopéridol
7854,3424,Acide tranexamique
7855,3424,acide tranexamique
7856,3425,hamamelis [H]
7857,3425,anemone pulsatilla [H]
7858,3425,echinacea angustifolia [H]
7859,3425,fluoricum acidum [H]
7860,3425,viburnum prunifolium [H]
7861,3425,tussilago farfara [H]
7862,3425,corylus avellana [H]
7863,3425,aesculus hippocastanum [H]
7864,3425,hamamelis virginiana [H]
7865,3425,acidum fluoricum [H]
7866,3425,hamamélis
7867,3426,terlipressine acétate
7868,3427,facteur VIII
7869,3427,facteur von Willebrand
7870,3429,Tioconazole
7871,3429,tioconazole
7872,3430,Éconazole nitrate
7873,3430,éconazole nitrate
7874,3431,Ergotamine tartrate
7875,3431,Caféine
7876,3431,ergotamine tartrate
7877,3431,caféine
7878,3432,Glucuronamide
7879,3432,Acide ascorbique (vitamine C)
7880,3432,Caféine
7881,3432,glucuronamide
7882,3432,acide ascorbique
7883,3432,caféine
7884,3433,misoprostol
7885,3434,Estriol
7886,3434,estriol
7887,3435,midodrine chlorhydrate
7888,3437,Extrait allergénique standardisé de pollen de graminée (phéole des prés)
7889,3437,pollen extrait allergénique de phléole des prés
7890,3438,métronidazole
7891,3439,acide para-aminosalicylique
7892,3440,pegfilgrastim
7893,3441,sildénafil citrate
7894,3442,Doxycycline anhydre
7895,3442,doxycycline monohydrate
7896,3443,granisétron chlorhydrate
7897,3444,Or
7898,3444,or
7899,3445,lénograstim
7900,3446,Zinc (sous forme de gluconate de zinc)
7901,3446,zinc gluconate
7902,3447,Soufre
7903,3447,sodium thiosulfate
7904,3448,Sélénium
7905,3448,sélénium
7906,3449,Sulfate de manganèse monohydraté
7907,3449,Manganèse
7908,3449,manganèse sulfate monohydrate
7909,3450,Magnésium
7910,3450,magnésium chlorure
7911,3451,Lithium
7912,3451,lithium citrate
7913,3452,Cuivre
7914,3452,cuivre
7915,3453,Bismuth
7916,3453,bismuth nitrate
7917,3454,Nitrate d'argent
7918,3454,argent nitrate
7919,3455,"Séné, extrait sec de feuilles"
7920,3455,séné feuille extrait sec
7921,3456,immunoglobulines de lapin anti-lymphocytes T humains
7922,3457,gonadotrophine chorionique humaine
7923,3458,Triptoréline
7924,3458,triptoréline acétate
7925,3459,"Melaleuca viridiflora, huile essentielle (gomenol)"
7926,3459,niaouli essence
7927,3460,Follitropine alfa (FSH recombinante)
7928,3460,follitropine alfa
7929,3462,terlipressine acétate
7930,3463,Benzoate de sodium
7931,3463,Borax
7932,3463,Salicylate de sodium
7933,3463,Thymol
7934,3463,Cinéole (eucalyptol)
7935,3463,Lévomenthol
7936,3463,sodium benzoate
7937,3463,sodium salicylate
7938,3463,sodium borate
7939,3463,thymol
7940,3463,cinéole
7941,3463,lévomenthol
7942,3464,lidocaïne chlorhydrate monohydrate
7943,3466,Glycopyrronium bromure
7944,3466,glycopyrronium bromure
7945,3467,Glycérol
7946,3467,Vaseline
7947,3467,Paraffine liquide
7948,3467,glycérol
7949,3467,vaseline
7950,3467,paraffine liquide
7951,3468,Glycérol
7952,3468,Vaseline
7953,3468,Paraffine liquide
7954,3468,glycérol
7955,3468,vaseline
7956,3468,paraffine liquide
7957,3469,Glycérol
7958,3469,Vaseline
7959,3469,Paraffine liquide
7960,3469,glycérol
7961,3469,vaseline
7962,3469,paraffine liquide
7963,3470,Glycérol
7964,3470,Vaseline
7965,3470,Paraffine liquide
7966,3470,glycérol
7967,3470,vaseline
7968,3470,paraffine liquide
7969,3471,Glycérol
7970,3471,Vaseline
7971,3471,Paraffine liquide
7972,3471,glycérol
7973,3471,vaseline
7974,3471,paraffine liquide
7975,3472,Glycérol
7976,3472,Vaseline
7977,3472,Paraffine liquide
7978,3472,glycérol
7979,3472,vaseline
7980,3472,paraffine liquide
7981,3473,Glycérol
7982,3473,Vaseline
7983,3473,Paraffine liquide
7984,3473,glycérol
7985,3473,vaseline
7986,3473,paraffine liquide
7987,3474,Glycérol
7988,3474,Vaseline
7989,3474,Paraffine liquide
7990,3474,glycérol
7991,3474,vaseline
7992,3474,paraffine liquide
7993,3475,Glycérol
7994,3475,Vaseline
7995,3475,Paraffine liquide
7996,3475,glycérol
7997,3475,vaseline
7998,3475,paraffine liquide
7999,3476,fludésoxyglucose 18F
8000,3477,Glycérol
8001,3477,Vaseline
8002,3477,Paraffine liquide
8003,3477,glycérol
8004,3477,vaseline
8005,3477,paraffine liquide
8006,3478,fludésoxyglucose 18F
8007,3479,fludésoxyglucose 18F
8008,3480,Metformine chlorhydrate
8009,3480,Glibenclamide
8010,3480,metformine chlorhydrate
8011,3480,glibenclamide
8012,3481,glucose monohydrate
8013,3482,glucose monohydrate
8014,3483,glucose monohydrate
8015,3484,glucose monohydrate
8016,3485,glucose monohydrate
8017,3486,glucose monohydrate
8018,3486,sodium chlorure
8019,3487,glucose monohydrate
8020,3488,glucose monohydrate
8021,3489,glucose monohydrate
8022,3490,glucose monohydrate
8023,3491,glucose monohydrate
8024,3492,Acarbose
8025,3492,acarbose
8026,3493,glucose monohydrate
8027,3494,glucose monohydrate
8028,3495,glucose monohydrate
8029,3496,calcium gluconate
8030,3496,calcium gluceptate
8031,3497,calcium gluconate
8032,3497,calcium gluceptate
8033,3498,calcium gluconate
8034,3499,Chlorhexidine digluconate
8035,3499,chlorhexidine gluconate solution
8036,3500,Metformine chlorhydrate
8037,3500,metformine chlorhydrate
8038,3501,Antimoniate de méglumine
8039,3501,méglumine antimoniate
8040,3502,Glucagon humain
8041,3502,glucagon chlorhydrate
8042,3503,Imatinib
8043,3503,imatinib mésilate
8044,3504,sodium chlorure
8045,3504,potassium chlorure
8046,3504,glucose monohydrate
8047,3505,acide 5-aminolévulinique chlorhydrate
8048,3506,Metformine chlorhydrate
8049,3506,metformine chlorhydrate
8050,3507,Glipizide
8051,3507,glipizide
8052,3508,Glimépiride
8053,3508,glimépiride
8054,3509,Glimépiride
8055,3509,glimépiride
8056,3510,Glimépiride
8057,3510,glimépiride
8058,3511,Glimépiride
8059,3511,glimépiride
8060,3512,Glimépiride
8061,3512,glimépiride
8062,3513,Glimépiride
8063,3513,glimépiride
8064,3514,Glimépiride
8065,3514,glimépiride
8066,3515,Gliclazide
8067,3515,gliclazide
8068,3516,Glimépiride
8069,3516,glimépiride
8070,3517,Glimépiride
8071,3517,glimépiride
8072,3518,Glimépiride
8073,3518,glimépiride
8074,3519,Glimépiride
8075,3519,glimépiride
8076,3520,Gliclazide
8077,3520,gliclazide
8078,3521,Gliclazide
8079,3521,gliclazide
8080,3522,Gliclazide
8081,3522,gliclazide
8082,3523,Gliclazide
8083,3523,gliclazide
8084,3524,Gliclazide
8085,3524,gliclazide
8086,3525,Gliclazide
8087,3525,gliclazide
8088,3526,gliclazide
8089,3527,Gliclazide
8090,3527,gliclazide
8091,3528,Gliclazide
8092,3528,gliclazide
8093,3529,Gliclazide
8094,3529,gliclazide
8095,3530,Gliclazide
8096,3530,gliclazide
8097,3531,Gliclazide
8098,3531,gliclazide
8099,3532,Gliclazide
8100,3532,gliclazide
8101,3533,Gliclazide
8102,3533,gliclazide
8103,3534,Gliclazide
8104,3534,gliclazide
8105,3535,Gliclazide
8106,3535,gliclazide
8107,3536,Gliclazide
8108,3536,gliclazide
8109,3537,Glibenclamide
8110,3537,glibenclamide
8111,3538,Glibenclamide
8112,3538,glibenclamide
8113,3539,Glibenclamide
8114,3539,glibenclamide
8115,3540,Glibenclamide
8116,3540,glibenclamide
8117,3541,carmustine
8118,3542,Glibenclamide
8119,3542,glibenclamide
8120,3543,Glibenclamide
8121,3543,glibenclamide
8122,3544,givosiran sodique
8123,3546,Glatiramère acétate
8124,3546,glatiramère acétate
8125,3547,Afatinib
8126,3547,afatinib dimaléate
8127,3548,"Ginkgo biloba, extrait"
8128,3548,Heptaminol chlorhydrate
8129,3548,Troxérutine
8130,3548,ginkgo biloba extrait standardisé
8131,3548,troxérutine
8132,3548,heptaminol chlorhydrate
8133,3549,"Ginkgo biloba, extrait sec de feuille"
8134,3549,ginkgo biloba extrait sec de feuille
8135,3550,"Ginkgo biloba, extrait"
8136,3550,ginkgo biloba extrait sec de feuille
8137,3551,"Ginkgo biloba, extrait sec de feuille"
8138,3551,ginkgo biloba extrait sec de feuille
8139,3552,"Ginkgo biloba, extrait sec de feuille"
8140,3552,ginkgo biloba extrait sec de feuille
8141,3553,"Ginkgo biloba, extrait sec de feuille"
8142,3553,ginkgo biloba extrait sec de feuille
8143,3554,"Ginkgo biloba, extrait sec de feuille"
8144,3554,ginkgo biloba extrait sec de feuille
8145,3555,rauwolfine
8146,3556,Fingolimod chlorhydrate
8147,3556,fingolimod chlorhydrate
8148,3557,Budésonide
8149,3557,Formotérol fumarate
8150,3557,budésonide
8151,3557,formotérol fumarate dihydrate
8152,3558,angiotensine II acétate
8153,3559,macimoréline acétate
8154,3560,Éthinylestradiol
8155,3560,Gestodène
8156,3560,gestodène
8157,3560,éthinylestradiol
8158,3561,Gestodène
8159,3561,Éthinylestradiol
8160,3561,gestodène
8161,3561,éthinylestradiol
8162,3562,gestodène
8163,3562,éthinylestradiol
8164,3563,Éthinylestradiol
8165,3563,Gestodène
8166,3563,gestodène
8167,3563,éthinylestradiol
8168,3564,Éthinylestradiol
8169,3564,Gestodène
8170,3564,gestodène
8171,3564,éthinylestradiol
8172,3565,Éthinylestradiol
8173,3565,Gestodène
8174,3565,gestodène
8175,3565,éthinylestradiol
8176,3566,Éthinylestradiol
8177,3566,Gestodène
8178,3566,gestodène
8179,3566,éthinylestradiol
8180,3567,Éthinylestradiol
8181,3567,Gestodène
8182,3567,gestodène
8183,3567,éthinylestradiol
8184,3569,Emtricitabine
8185,3569,Elvitégravir
8186,3569,Cobicistat
8187,3569,Ténofovir alafénamide
8188,3569,elvitégravir
8189,3569,cobicistat
8190,3569,emtricitabine
8191,3569,ténofovir alafénamide fumarate
8192,3570,succus citri [H]
8193,3570,succus cydoniae [H]
8194,3571,Somatropine (hormone de croissance humaine) recombinante
8195,3571,somatropine recombinante
8196,3572,timolol maléate
8197,3573,Somatropine (hormone de croissance humaine) recombinante
8198,3573,somatropine recombinante
8199,3574,gentamicine sulfate
8200,3575,caféine citrate
8201,3577,gemcitabine chlorhydrate
8202,3578,gemcitabine chlorhydrate
8203,3579,Gemcitabine
8204,3579,gemcitabine chlorhydrate
8205,3580,gemcitabine chlorhydrate
8206,3581,gemcitabine chlorhydrate
8207,3582,gemcitabine chlorhydrate
8208,3583,gemcitabine chlorhydrate
8209,3584,gemcitabine chlorhydrate
8210,3585,Monmectite
8211,3585,Aluminium hydroxyde
8212,3585,Magnésium hydroxyde
8213,3585,monmectite
8214,3585,aluminium hydroxyde
8215,3585,magnésium hydroxyde
8216,3586,Cystine
8217,3586,L-cystine
8218,3587,Aconitum napellus 2 DH
8219,3587,Arnica montana 3 DH
8220,3587,Arsenicum album 4 DH
8221,3587,Belladonna 3 DH
8222,3587,Chamomilla vulgaris 2 DH
8223,3587,Colocynthis 4 DH
8224,3587,Gelsemium 5 DH
8225,3587,Mezereum 5 DH
8226,3587,Nux vomica 3 DH
8227,3587,Rhus toxicodendron 8 DH
8228,3587,aconitum napellus [H]
8229,3587,arnica montana [H]
8230,3587,arsenicum album [H]
8231,3587,belladonna [H]
8232,3587,chamomilla vulgaris [H]
8233,3587,colocynthis [H]
8234,3587,gelsemium sempervirens [H]
8235,3587,mezereum [H]
8236,3587,nux vomica [H]
8237,3587,rhus toxicodendron [H]
8238,3588,gélatine fluide modifiée
8239,3589,Timolol
8240,3589,timolol maléate
8241,3590,Piroxicam
8242,3590,piroxicam
8243,3591,gélatine fluide modifiée
8244,3591,sodium chlorure
8245,3591,sodium acétate trihydrate
8246,3591,potassium chlorure
8247,3591,calcium chlorure dihydrate
8248,3591,magnésium chlorure hexahydrate
8249,3591,sodium
8250,3591,chlorure
8251,3591,potassium
8252,3591,calcium
8253,3591,magnésium
8254,3591,acétate
8255,3592,Calamine
8256,3592,Oxyde de zinc
8257,3592,calamine
8258,3592,zinc oxyde
8259,3593,Carbomère 974 P
8260,3593,carbomère 974 P
8261,3594,géfitinib
8262,3595,géfitinib
8263,3596,géfitinib
8264,3597,géfitinib
8265,3598,géfitinib
8266,3599,géfitinib
8267,3600,géfitinib
8268,3601,géfitinib
8269,3602,géfitinib
8270,3603,Glucuronamide
8271,3603,Acide ascorbique (vitamine C)
8272,3603,Caféine
8273,3603,glucuronamide
8274,3603,acide ascorbique
8275,3603,caféine
8276,3604,obinutuzumab
8277,3605,Alginate de sodium
8278,3605,Bicarbonate de potassium
8279,3605,sodium alginate
8280,3605,bicarbonate de potassium
8281,3606,Alginate de sodium
8282,3606,Bicarbonate de sodium
8283,3606,Carbonate de calcium
8284,3606,sodium alginate
8285,3606,bicarbonate de sodium
8286,3606,calcium carbonate
8287,3607,Alginate de sodium
8288,3607,Bicarbonate de sodium
8289,3607,Carbonate de calcium
8290,3607,sodium alginate
8291,3607,bicarbonate de sodium
8292,3607,calcium carbonate
8293,3608,pralsétinib
8294,3609,Attapulgite de Mormoiron activée
8295,3609,"Aluminium hydroxyde et magnésium carbonaté, gel"
8296,3609,attapulgite de Mormoiron activée
8297,3609,gel d'aluminium hydroxyde et de magnésium carbonate codesséchés
8298,3610,sodium alginate
8299,3610,bicarbonate de sodium
8300,3610,calcium carbonate
8301,3611,Carbonate de calcium
8302,3611,Trisilicate de magnésium
8303,3611,Carbonate de magnésium
8304,3611,Kaolin lourd
8305,3611,Bicarbonate de sodium
8306,3611,Hydroxyde de magnésium
8307,3611,Phosphate tricalcique
8308,3611,calcium carbonate
8309,3611,magnésium trisilicate
8310,3611,magnésium carbonate léger
8311,3611,kaolin lourd
8312,3611,bicarbonate de sodium
8313,3611,magnésium hydroxyde
8314,3611,phosphate tricalcique
8315,3612,sodium amidotrizoate
8316,3612,méglumine amidotrizoate
8317,3613,abies nigra [H]
8318,3613,carbo vegetabilis [H]
8319,3613,nux vomica [H]
8320,3613,robinia pseudo acacia [H]
8321,3614,Protéine L1 de papillomavirus humain de type 6
8322,3614,Protéine L1 de papillomavirus humain de type 11
8323,3614,Protéine L1 de papillomavirus humain de type16
8324,3614,Protéine L1 de papillomavirus humain de type 18
8325,3614,Protéine L1 de papillomavirus humain de type 31
8326,3614,Protéine L1 de papillomavirus humain de type 33
8327,3614,Protéine L1 de papillomavirus humain de type 45
8328,3614,Protéine L1 de papillomavirus humain de type 52
8329,3614,Protéine L1 de papillomavirus humain de type 58
8330,3614,protéine L1 de papillomavirus humain type 6
8331,3614,protéine L1 de papillomavirus humain type 11
8332,3614,protéine L1 de papillomavirus humain type 16
8333,3614,protéine L1 de papillomavirus humain type 18
8334,3614,protéine L1 de papillomavirus humain type 31
8335,3614,protéine L1 de papillomavirus humain type 33
8336,3614,protéine L1 de papillomavirus humain type 45
8337,3614,protéine L1 de papillomavirus humain type 52
8338,3614,protéine L1 de papillomavirus humain type 58
8339,3615,ganirélix acétate
8340,3616,ganirélix acétate
8341,3617,Phénobarbital
8342,3617,phénobarbital sodique
8343,3617,phénobarbital
8344,3618,ganciclovir sodique
8345,3619,ganciclovir sodique
8346,3620,immunoglobulines humaines normales
8347,3621,immunoglobulines humaines anti-tétaniques
8348,3622,Bimatoprost
8349,3622,Timolol
8350,3622,bimatoprost
8351,3622,timolol maléate
8352,3623,immunoglobulines humaines normales
8353,3624,immunoglobulines humaines normales
8354,3625,oxybate de sodium
8355,3627,Vildagliptine
8356,3627,vildagliptine
8357,3628,germanium 68
8358,3629,germanium 68
8359,3630,Galantamine
8360,3630,galantamine bromhydrate
8361,3631,Galantamine
8362,3631,galantamine bromhydrate
8363,3632,Galantamine
8364,3632,galantamine bromhydrate
8365,3633,Galantamine
8366,3633,galantamine bromhydrate
8367,3634,Galantamine
8368,3634,galantamine bromhydrate
8369,3635,Galantamine
8370,3635,galantamine bromhydrate
8371,3636,migalastat chlorhydrate
8372,3637,Tiagabine
8373,3637,tiagabine chlorhydrate monohydrate
8374,3638,gadobutrol
8375,3639,Galantamine
8376,3639,galantamine bromhydrate
8377,3640,Gabapentine
8378,3640,gabapentine
8379,3641,Gabapentine
8380,3641,gabapentine
8381,3642,Gabapentine
8382,3642,gabapentine
8383,3643,Gabapentine
8384,3643,gabapentine
8385,3644,Gabapentine
8386,3644,gabapentine
8387,3645,Gabapentine
8388,3645,gabapentine
8389,3646,Gabapentine
8390,3646,gabapentine
8391,3647,Gabapentine
8392,3647,gabapentine
8393,3648,Gabapentine
8394,3648,gabapentine
8395,3649,gabapentine
8396,3650,Gabapentine
8397,3650,gabapentine
8398,3651,Gabapentine
8399,3651,gabapentine
8400,3652,Gabapentine
8401,3652,gabapentine
8402,3653,Gabapentine
8403,3653,gabapentine
8404,3654,Gabapentine
8405,3654,gabapentine
8406,3655,Gabapentine
8407,3655,gabapentine
8408,3656,Gabapentine
8409,3656,gabapentine
8410,3658,Enfuvirtide
8411,3658,enfuvirtide
8412,3659,Pérampanel
8413,3659,pérampanel
8414,3660,"Acide fusidique, sel de sodium"
8415,3660,acide fusidique sel de Na
8416,3661,"Acide fusidique, sel de sodium"
8417,3661,acide fusidique sel de Na
8418,3662,Fusidate de sodium
8419,3662,acide fusidique sel de Na
8420,3663,Fusidate de sodium
8421,3663,acide fusidique sel de Na
8422,3664,acide fusidique sel de Na
8423,3665,furosémide
8424,3666,Furosémide
8425,3666,furosémide
8426,3667,Furosémide
8427,3667,furosémide
8428,3668,Furosémide
8429,3668,furosémide
8430,3669,Furosémide
8431,3669,furosémide
8432,3670,furosémide
8433,3671,furosémide
8434,3672,Furosémide
8435,3672,furosémide
8436,3673,furosémide
8437,3674,Furosémide
8438,3674,furosémide
8439,3675,Furosémide
8440,3675,furosémide
8441,3676,Furosémide
8442,3676,furosémide
8443,3677,furosémide
8444,3679,Nitrofurantoïne
8445,3679,nitrofurantoïne
8446,3680,Terbinafine
8447,3680,terbinafine chlorhydrate
8448,3681,Furosémide
8449,3681,furosémide
8450,3682,Fumarate ferreux
8451,3682,fumarate ferreux
8452,3683,Amphotéricine B
8453,3683,amphotéricine B
8454,3684,Fulvestrant
8455,3684,fulvestrant
8456,3685,Fulvestrant
8457,3685,fulvestrant
8458,3686,Fulvestrant
8459,3686,fulvestrant
8460,3687,Fulvestrant
8461,3687,fulvestrant
8462,3688,fulvestrant
8463,3689,Fulvestrant
8464,3689,fulvestrant
8465,3690,Fulvestrant
8466,3690,fulvestrant
8467,3691,Fulvestrant
8468,3691,fulvestrant
8469,3692,Fulvestrant
8470,3692,fulvestrant
8471,3693,Fucus vesiculosus 2 DH
8472,3693,Antimonium crudum 5 DH
8473,3693,Alchemilla vulgaris 2 DH
8474,3693,Calcarea acetica 2 DH
8475,3693,fucus vesiculosus [H]
8476,3693,antimonium crudum [H]
8477,3693,alchemilla vulgaris [H]
8478,3693,calcarea acetica [H]
8479,3694,pegfilgrastim
8480,3695,Acide fusidique
8481,3695,acide fusidique
8482,3696,Frovatriptan
8483,3696,frovatriptan succinate monohydrate
8484,3697,Picosulfate de sodium
8485,3697,sodium picosulfate
8486,3698,fruquintinib
8487,3699,"Acide fusidique, sel de sodium"
8488,3699,Acide fusidique
8489,3699,acide fusidique sel de Na
8490,3699,acide fusidique
8491,3700,Frovatriptan
8492,3700,frovatriptan succinate monohydrate
8493,3701,Dexaméthasone phosphate disodique
8494,3701,Framycétine
8495,3701,Polymyxine B sulfate
8496,3701,dexaméthasone phosphate sodique
8497,3701,polymyxine B sulfate
8498,3701,framycétine sulfate
8499,3702,"Nadroparine calcique, exprimée en UI anti-Xa"
8500,3702,nadroparine calcique
8501,3703,Frovatriptan
8502,3703,frovatriptan succinate monohydrate
8503,3704,"Nadroparine calcique, exprimée en UI anti-Xa"
8504,3704,nadroparine calcique
8505,3705,Fraction flavonoïque purifiée
8506,3705,fraction flavonoïque purifiée micronisée
8507,3706,Urofollitropine (FSH)
8508,3706,urofollitropine
8509,3707,Dexaméthasone phosphate sodique
8510,3707,Framycétine sulfate
8511,3707,framycétine sulfate
8512,3707,dexaméthasone phosphate sodique
8513,3708,Daltéparine sodique en UI anti-Xa
8514,3708,daltéparine sodique
8515,3709,fostemsavir trométamol
8516,3710,Fosinopril
8517,3710,Hydrochlorothiazide
8518,3710,fosinopril sodique
8519,3710,hydrochlorothiazide
8520,3712,poisson huile riche en acides gras oméga 3
8521,3712,olive huile raffinée
8522,3712,sodium acétate trihydrate
8523,3712,soja huile raffinée
8524,3712,potassium chlorure
8525,3712,triglycérides à chaîne moyenne
8526,3712,acides aminés
8527,3712,sodium glycérophosphate hydrate
8528,3712,zinc sulfate heptahydrate
8529,3712,calcium chlorure dihydrate
8530,3712,magnésium sulfate heptahydrate
8531,3712,azote
8532,3712,glucose monohydrate
8533,3713,lanthane carbonate hydrate
8534,3714,Fosinopril
8535,3714,Hydrochlorothiazide
8536,3714,fosinopril sodique
8537,3714,hydrochlorothiazide
8538,3715,Fosinopril
8539,3715,Hydrochlorothiazide
8540,3715,fosinopril sodique
8541,3715,hydrochlorothiazide
8542,3716,Fosinopril
8543,3716,Hydrochlorothiazide
8544,3716,fosinopril sodique
8545,3716,hydrochlorothiazide
8546,3717,Fosinopril
8547,3717,fosinopril sodique
8548,3718,Fosinopril
8549,3718,fosinopril sodique
8550,3719,Fosinopril
8551,3719,Hydrochlorothiazide
8552,3719,fosinopril sodique
8553,3719,hydrochlorothiazide
8554,3720,Fosinopril
8555,3720,Hydrochlorothiazide
8556,3720,fosinopril sodique
8557,3720,hydrochlorothiazide
8558,3721,Fosinopril
8559,3721,fosinopril sodique
8560,3722,Fosinopril
8561,3722,fosinopril sodique
8562,3723,Fosinopril
8563,3723,fosinopril sodique
8564,3724,Fosfomycine trométamol
8565,3724,fosfomycine trométamol
8566,3725,Fosinopril
8567,3725,fosinopril sodique
8568,3726,Fosfomycine trométamol
8569,3726,fosfomycine trométamol
8570,3727,Fosfomycine trométamol
8571,3727,fosfomycine trométamol
8572,3728,Fosfomycine trométamol
8573,3728,fosfomycine trométamol
8574,3729,Fosfomycine trométamol
8575,3729,fosfomycine trométamol
8576,3730,Fosfomycine trométamol
8577,3730,fosfomycine trométamol
8578,3731,Fosfomycine trométamol
8579,3731,fosfomycine trométamol
8580,3732,Fosfomycine trométamol
8581,3732,fosfomycine trométamol
8582,3733,Fosfomycine trométamol
8583,3733,fosfomycine trométamol
8584,3734,Fosfomycine trométamol
8585,3734,fosfomycine trométamol
8586,3735,Fosfomycine trométamol
8587,3735,fosfomycine trométamol
8588,3736,Fosfomycine trométamol
8589,3736,fosfomycine trométamol
8590,3737,Fosfomycine trométamol
8591,3737,fosfomycine trométamol
8592,3738,foscarnet sodique hexahydrate
8593,3739,fosfomycine disodique
8594,3740,foscarnet sodique hexahydrate
8595,3741,foscarnet sodique hexahydrate
8596,3742,Acide alendronique
8597,3742,acide alendronique sel monosodique trihydrate
8598,3743,Losartan potassique
8599,3743,Hydrochlorothiazide
8600,3743,losartan potassique
8601,3743,hydrochlorothiazide
8602,3744,Dapagliflozine
8603,3744,dapagliflozine
8604,3744,dapagliflozine propylèneglycol monohydrate
8605,3745,Acide alendronique
8606,3745,Colécalciférol (vitamine D3)
8607,3745,acide alendronique sel monosodique trihydrate
8608,3745,colécalciférol
8609,3746,Macrogol (polyéthylèneglycol) 4 000
8610,3746,Sulfate de sodium anhydre
8611,3746,Bicarbonate de sodium
8612,3746,Sodium chlorure
8613,3746,Potassium chlorure
8614,3746,macrogol 4000
8615,3746,sodium sulfate
8616,3746,bicarbonate de sodium
8617,3746,sodium chlorure
8618,3746,potassium chlorure
8619,3747,Testostérone
8620,3747,testostérone
8621,3748,lidocaïne
8622,3748,prilocaïne
8623,3749,Tériparatide
8624,3749,tériparatide
8625,3750,Ceftazidime
8626,3750,ceftazidime pentahydrate
8627,3751,Formotérol fumarate
8628,3751,formotérol fumarate dihydrate
8629,3752,Formotérol fumarate
8630,3752,formotérol fumarate dihydrate
8631,3753,Formotérol fumarate
8632,3753,formotérol fumarate
8633,3754,Formotérol fumarate
8634,3754,formotérol fumarate dihydrate
8635,3755,Béclométasone dipropionate
8636,3755,Formotérol fumarate dihydraté
8637,3755,béclométasone dipropionate
8638,3755,formotérol fumarate dihydrate
8639,3756,Charbon activé
8640,3756,charbon activé
8641,3757,Formotérol fumarate
8642,3757,formotérol fumarate dihydrate
8643,3758,Macrogol 4000
8644,3758,macrogol 4000
8645,3759,formica rufa [H]
8646,3759,belladonna [H]
8647,3759,sarsaparilla [H]
8648,3759,citrullus colocynthis [H]
8649,3759,anemone pulsatilla [H]
8650,3759,urtica urens [H]
8651,3759,solidago virga aurea [H]
8652,3759,colocynthis [H]
8653,3760,Formotérol fumarate
8654,3760,formotérol fumarate
8655,3761,Oxiconazole
8656,3761,oxiconazole nitrate
8657,3762,fondaparinux sodique
8658,3763,Acide citrique monohydraté
8659,3763,Citrate monopotassique anhydre
8660,3763,Citrate monosodique anhydre
8661,3763,acide citrique monohydrate
8662,3763,citrate monopotassique
8663,3763,citrate monosodique
8664,3764,Omoconazole nitrate
8665,3764,omoconazole nitrate
8666,3765,Éconazole nitrate
8667,3765,éconazole nitrate
8668,3766,fomépizole sulfate
8669,3767,fosfomycine disodique
8670,3769,folinate de calcium
8671,3770,folinate de calcium
8672,3771,folinate de calcium
8673,3772,Acide folinique
8674,3772,folinate de calcium
8675,3773,folinate de calcium pentahydrate
8676,3774,folinate de calcium
8677,3775,folinate de calcium
8678,3776,"virus grippal inactivé, fragmenté"
8679,3777,Fluvoxamine maléate
8680,3777,fluvoxamine maléate
8681,3778,Fluvoxamine maléate
8682,3778,fluvoxamine maléate
8683,3779,Fluvastatine
8684,3779,fluvastatine sodique
8685,3780,Flubendazole
8686,3780,flubendazole
8687,3781,Fluvastatine
8688,3781,fluvastatine sodique
8689,3782,Fluvastatine
8690,3782,fluvastatine sodique
8691,3783,Fluvastatine
8692,3783,fluvastatine sodique
8693,3784,Fluvastatine
8694,3784,fluvastatine sodique
8695,3785,Fluvastatine
8696,3785,fluvastatine sodique
8697,3786,Fluvastatine
8698,3786,fluvastatine sodique
8699,3787,Fluticasone propionate
8700,3787,Formotérol fumarate
8701,3787,fluticasone propionate
8702,3787,formotérol fumarate dihydrate
8703,3788,Chlorphénamine maléate
8704,3788,Paracétamol
8705,3788,Acide ascorbique (vitamine C)
8706,3788,paracétamol
8707,3788,chlorphénamine maléate
8708,3788,acide ascorbique
8709,3789,Fluticasone furoate
8710,3789,fluticasone furoate
8711,3790,Fluticasone furoate
8712,3790,fluticasone furoate
8713,3791,Fluoxétine
8714,3791,fluoxétine chlorhydrate
8715,3792,Fluoxétine
8716,3792,fluoxétine chlorhydrate
8717,3793,Fluoxétine
8718,3793,fluoxétine chlorhydrate
8719,3794,Fluoxétine
8720,3794,fluoxétine chlorhydrate
8721,3795,Fluoxétine
8722,3795,fluoxétine chlorhydrate
8723,3796,Fluoxétine
8724,3796,fluoxétine chlorhydrate
8725,3797,Fluoxétine
8726,3797,fluoxétine chlorhydrate
8727,3798,Fluoxétine
8728,3798,fluoxétine chlorhydrate
8729,3799,Fluoxétine
8730,3799,fluoxétine chlorhydrate
8731,3800,Fluoxétine
8732,3800,fluoxétine chlorhydrate
8733,3801,Fluoxétine
8734,3801,fluoxétine chlorhydrate
8735,3802,Fluoxétine
8736,3802,fluoxétine chlorhydrate
8737,3803,Fluoxétine
8738,3803,fluoxétine chlorhydrate
8739,3804,Fluoxétine
8740,3804,fluoxétine chlorhydrate
8741,3805,Fluoxétine
8742,3805,fluoxétine chlorhydrate
8743,3806,Fluorure de sodium
8744,3806,Colécalciférol (vitamine D3)
8745,3806,fluorure de sodium
8746,3806,colécalciférol concentré pulvérulent
8747,3807,Fluorure de calcium
8748,3807,fluorure de calcium
8749,3808,Bromure de domiphène
8750,3808,Fluorure de sodium
8751,3808,Chlorure de sodium
8752,3808,Métaphosphate de sodium
8753,3808,fluorure de sodium
8754,3808,sodium chlorure
8755,3808,domiphène bromure
8756,3808,phosphate de sodium
8757,3809,Fluoro-uracile
8758,3809,fluorouracil
8759,3810,fluorouracil
8760,3811,fluorouracil
8761,3812,fluorocholine 18F chlorure
8762,3813,fluorocholine 18F chlorure
8763,3814,fluorocholine 18F
8764,3815,fluorescéine sodique
8765,3816,Monofluorophosphate de sodium
8766,3816,Fluorure de sodium
8767,3816,sodium monofluorophosphate
8768,3816,fluorure de sodium
8769,3817,fluorescéine sodique
8770,3818,fluorescéine sodique
8771,3819,Fluorure de sodium
8772,3819,fluorure de sodium
8773,3820,Monofluorophosphate de sodium
8774,3820,Fluorure de sodium
8775,3820,sodium monofluorophosphate
8776,3820,fluorure de sodium
8777,3823,flumazénil
8778,3824,flumazénil
8779,3825,flumazénil
8780,3826,Benzoate de méglumine
8781,3826,Polysorbate 20
8782,3826,méglumine benzoate
8783,3826,polysorbate 20
8784,3827,Prométhazine chlorhydrate
8785,3827,Benzoate de méglumine
8786,3827,Polysorbate 20
8787,3827,méglumine benzoate
8788,3827,polysorbate 20
8789,3827,prométhazine chlorhydrate
8790,3828,Povidone
8791,3828,povidone
8792,3829,Acétylcystéine
8793,3829,acétylcystéine
8794,3830,fludrocortisone acétate
8795,3831,fludrocortisone acétate
8796,3832,fludésoxyglucose 18F
8797,3833,fludarabine phosphate
8798,3834,Indapamide
8799,3834,indapamide
8800,3835,fludarabine phosphate
8801,3836,Fluconazole
8802,3836,fluconazole
8803,3837,Fluconazole
8804,3837,fluconazole
8805,3838,fludarabine phosphate
8806,3839,fludrocortisone acétate
8807,3840,fluconazole
8808,3841,Fluconazole
8809,3841,fluconazole
8810,3842,Fluconazole
8811,3842,fluconazole
8812,3843,Fluconazole
8813,3843,fluconazole
8814,3844,Fluconazole
8815,3844,fluconazole
8816,3845,Fluconazole
8817,3845,fluconazole
8818,3846,Fluconazole
8819,3846,fluconazole
8820,3847,Fluconazole
8821,3847,fluconazole
8822,3848,Fluconazole
8823,3848,fluconazole
8824,3849,fluconazole
8825,3850,Fluorométholone
8826,3850,fluorométholone
8827,3851,flucloxacilline sodique monohydrate
8828,3852,Fluconazole
8829,3852,Lactose
8830,3852,fluconazole
8831,3853,Fluconazole
8832,3853,fluconazole
8833,3854,fludésoxyglucose 18F
8834,3855,antigènes de surface inactivés du virus grippal
8835,3856,2 souches de virus grippaux inactivés de type A (H1N1 et H3N2) et 2 souches de virus grippaux inactivés de type B (Phuket et Austria)
8836,3856,"virus grippal inactivé, fragmenté"
8837,3857,Flupentixol
8838,3857,Flupentixol décanoate
8839,3857,flupentixol décanoate
8840,3857,flupentixol dichlorhydrate
8841,3858,2 souches de virus grippaux inactivés de type A (H1N1 et H3N2) et 1 souche de virus grippaux inactivés de type B
8842,3858,antigènes de surface inactivés du virus grippal
8843,3859,Fluvoxamine maléate
8844,3859,fluvoxamine maléate
8845,3860,Lactulose (fructose + galactose)
8846,3860,lactulose
8847,3861,Félodipine
8848,3861,félodipine
8849,3862,"Lactobacillus casei, variété rhamnosus Döderleini (culture lyophilisée)"
8850,3862,Estriol
8851,3862,Progestérone
8852,3862,lactobacillus casei var rhamnosus Döderleini
8853,3862,estriol
8854,3862,progestérone
8855,3863,Fluticasone propionate
8856,3863,fluticasone propionate
8857,3864,Fluticasone propionate
8858,3864,fluticasone propionate
8859,3865,Infliximab
8860,3865,infliximab
8861,3866,Glucosamine
8862,3866,glucosamine chlorhydrate
8863,3867,Fluticasone propionate
8864,3867,fluticasone propionate
8865,3868,Diclofénac épolamine exprimé en diclofénac de sodium
8866,3868,diclofénac épolamine
8867,3869,Diclofénac épolamine exprimé en diclofénac de sodium
8868,3869,Héparine sodique
8869,3869,diclofénac épolamine
8870,3869,héparine sodique
8871,3870,Diclofénac épolamine
8872,3870,diclofénac épolamine
8873,3871,Flécaïnide acétate
8874,3871,flécaïnide acétate
8875,3872,Diclofénac épolamine
8876,3872,diclofénac épolamine
8877,3873,Flécaïnide acétate
8878,3873,flécaïnide acétate
8879,3874,Flécaïnide acétate
8880,3874,flécaïnide acétate
8881,3875,Flécaïnide acétate
8882,3875,flécaïnide acétate
8883,3876,Flécaïnide acétate
8884,3876,flécaïnide acétate
8885,3877,Flécaïnide acétate
8886,3877,flécaïnide acétate
8887,3878,immunoglobulines humaines normales
8888,3879,Flécaïnide acétate
8889,3879,flécaïnide acétate
8890,3880,Flavonoïdes micronisés
8891,3880,fraction flavonoïque purifiée micronisée
8892,3881,Flavonoïdes micronisés
8893,3881,fraction flavonoïque purifiée micronisée
8894,3882,Flavonoïdes micronisés
8895,3882,fraction flavonoïque purifiée micronisée
8896,3883,Sulfadiazine argentique
8897,3883,sulfadiazine argentique
8898,3884,sulfadiazine argentique
8899,3884,cérium nitrate hexahydrate
8900,3885,Métronidazole
8901,3885,métronidazole
8902,3885,métronidazole benzoate
8903,3886,Fluticasone propionate
8904,3886,fluticasone propionate
8905,3887,Carbonate de calcium
8906,3887,calcium carbonate
8907,3888,Mésalazine
8908,3888,mésalazine
8909,3889,Latanoprost
8910,3889,Timolol
8911,3889,latanoprost
8912,3889,timolol maléate
8913,3890,Calcium carbonate
8914,3890,Colécalciférol (vitamine D3)
8915,3890,calcium carbonate
8916,3890,colécalciférol
8917,3890,colécalciférol concentré pulvérulent
8918,3891,amifampridine phosphate
8919,3892,icatibant acétate
8920,3893,Dégarélix acétate
8921,3893,dégarélix acétate
8922,3894,fenfluramine chlorhydrate
8923,3895,dabrafénib mésilate
8924,3896,Fingolimod chlorhydrate
8925,3896,fingolimod chlorhydrate
8926,3897,Fingolimod chlorhydrate
8927,3897,fingolimod chlorhydrate
8928,3898,fingolimod chlorhydrate
8929,3899,Fingolimod chlorhydrate
8930,3899,fingolimod chlorhydrate
8931,3900,fingolimod chlorhydrate
8932,3901,Fingolimod chlorhydrate
8933,3901,fingolimod chlorhydrate
8934,3902,Fingolimod chlorhydrate
8935,3902,fingolimod chlorhydrate
8936,3903,fingolimod chlorhydrate
8937,3904,fingolimod chlorhydrate
8938,3905,fingolimod chlorhydrate
8939,3906,fingolimod chlorhydrate
8940,3907,Finastéride
8941,3907,finastéride
8942,3908,Finastéride
8943,3908,finastéride
8944,3909,Finastéride
8945,3909,finastéride
8946,3910,Finastéride
8947,3910,finastéride
8948,3911,Finastéride
8949,3911,finastéride
8950,3912,Finastéride
8951,3912,finastéride
8952,3913,Finastéride
8953,3913,finastéride
8954,3914,Finastéride
8955,3914,finastéride
8956,3915,Finastéride
8957,3915,finastéride
8958,3916,Finastéride
8959,3916,finastéride
8960,3917,Finastéride
8961,3917,finastéride
8962,3918,Finastéride
8963,3918,finastéride
8964,3919,Finastéride
8965,3919,finastéride
8966,3920,Finastéride
8967,3920,finastéride
8968,3921,Finastéride
8969,3921,finastéride
8970,3922,Finastéride
8971,3922,finastéride
8972,3923,Finastéride
8973,3923,finastéride
8974,3924,Acide azélaïque
8975,3924,acide azélaïque
8976,3925,facteur XIII humain d'origine plasmatique
8977,3926,Travoprost
8978,3926,Timolol
8979,3926,travoprost
8980,3926,timolol maléate
8981,3927,Insuline asparte
8982,3927,insuline asparte
8983,3928,sodium tétradécyl sulfate
8984,3929,fibrinogène humain
8985,3930,fexofénadine chlorhydrate
8986,3931,fexofénadine chlorhydrate
8987,3932,Fexofénadine chlorhydrate
8988,3932,fexofénadine chlorhydrate
8989,3933,Fexofénadine chlorhydrate
8990,3933,fexofénadine chlorhydrate
8991,3934,Fexofénadine chlorhydrate
8992,3934,fexofénadine chlorhydrate
8993,3935,céfidérocol sulfate tosilate
8994,3936,Fésotérodine fumarate
8995,3936,fésotérodine fumarate
8996,3937,Fésotérodine fumarate
8997,3937,fésotérodine fumarate
8998,3938,Fésotérodine fumarate
8999,3938,fésotérodine fumarate
9000,3939,Acide salicylique
9001,3939,acide salicylique
9002,3940,Fésotérodine fumarate
9003,3940,fésotérodine fumarate
9004,3941,Fésotérodine fumarate
9005,3941,fésotérodine fumarate
9006,3942,Fésotérodine fumarate
9007,3942,fésotérodine fumarate
9008,3943,Paracétamol
9009,3943,Chlorphénamine maléate
9010,3943,paracétamol
9011,3943,chlorphénamine maléate
9012,3944,Acide folique (vitamine B9)
9013,3944,acide folique hydrate
9014,3945,Ferrum metallicum 3 DH
9015,3945,Aloe 3 DH
9016,3945,China rubra 3 DH
9017,3945,Arsenicum album 4 DH
9018,3945,ferrum metallicum [H]
9019,3945,aloe [H]
9020,3945,cinchona succirubra [H]
9021,3945,arsenicum album [H]
9022,3946,Ménotropine exprimée en
9023,3946,Hormone folliculostimulante (FSH)
9024,3946,Hormone lutéinisante (LH)
9025,3946,ménotropine
9026,3947,Paracétamol
9027,3947,Phéniramine maléate
9028,3947,Acide ascorbique (vitamine C)
9029,3947,phéniramine maléate
9030,3947,paracétamol
9031,3947,acide ascorbique
9032,3948,Ferédétate de sodium
9033,3948,sodium ferédétate
9034,3949,défériprone
9035,3950,Sulfate ferreux exprimé en fer
9036,3950,Acide ascorbique (vitamine C)
9037,3950,sulfate ferreux
9038,3950,acide ascorbique
9039,3951,carboxymaltose ferrique
9040,3952,hydroxyde ferrique-saccharose
9041,3953,hydroxyde ferrique-saccharose
9042,3954,hydroxyde ferrique-saccharose
9043,3955,hydroxyde ferrique-saccharose
9044,3956,sulfate ferreux heptahydrate
9045,3957,"Fénugrec, extrait sec de graine"
9046,3957,fenugrec graine extrait sec hydroalcoolique
9047,3958,Fenticonazole nitrate
9048,3958,fenticonazole nitrate
9049,3959,Fentanyl
9050,3959,fentanyl
9051,3959,fentanyl citrate
9052,3960,Fentanyl
9053,3960,fentanyl
9054,3961,fentanyl citrate
9055,3962,fentanyl citrate
9056,3963,Fentanyl
9057,3963,fentanyl
9058,3963,fentanyl citrate
9059,3964,Fentanyl
9060,3964,fentanyl
9061,3965,Fentanyl
9062,3965,fentanyl citrate
9063,3966,Fentanyl
9064,3966,fentanyl
9065,3967,Fentanyl
9066,3967,fentanyl
9067,3967,fentanyl citrate
9068,3968,Fentanyl
9069,3968,fentanyl
9070,3969,Fénofibrate
9071,3969,fénofibrate
9072,3970,Fénofibrate
9073,3970,fénofibrate
9074,3971,Fénofibrate
9075,3971,fénofibrate
9076,3972,Fénofibrate
9077,3972,fénofibrate
9078,3973,fénofibrate
9079,3974,Fénofibrate
9080,3974,fénofibrate
9081,3975,Fénofibrate
9082,3975,fénofibrate
9083,3976,Fénofibrate
9084,3976,fénofibrate
9085,3977,Fénofibrate
9086,3977,fénofibrate
9087,3978,Fénofibrate
9088,3978,fénofibrate
9089,3979,Fénofibrate
9090,3979,fénofibrate
9091,3980,Fénofibrate
9092,3980,fénofibrate
9093,3981,Fénofibrate
9094,3981,fénofibrate
9095,3982,phénytoïne sodique
9096,3983,fenfluramine chlorhydrate
9097,3984,Fénofibrate
9098,3984,fénofibrate
9099,3985,Fénofibrate
9100,3985,fénofibrate
9101,3986,Éthinylestradiol
9102,3986,Norgestimate
9103,3986,norgestimate
9104,3986,éthinylestradiol
9105,3987,Estradiol
9106,3987,Lévonorgestrel
9107,3987,estradiol hémihydrate
9108,3987,lévonorgestrel
9109,3988,"Extrait sec de pollens de pin, de maïs, de seigle, de dactyle et de pistil de maïs"
9110,3988,"extrait sec de pollens de pin, de maïs, de seigle, de dactyle et de pistil de maïs"
9111,3989,Estradiol
9112,3989,estradiol hémihydrate
9113,3990,Félodipine
9114,3990,félodipine
9115,3991,Félodipine
9116,3991,félodipine
9117,3992,Piroxicam
9118,3992,piroxicam
9119,3993,Létrozole
9120,3993,létrozole
9121,3994,facteurs de coagulation court-circuitant l'inhibiteur du facteur VIII
9122,3995,Fébuxostat
9123,3995,fébuxostat hémihydrate
9124,3996,Fébuxostat
9125,3996,fébuxostat
9126,3997,Fébuxostat
9127,3997,fébuxostat
9128,3998,Fénofibrate
9129,3998,fénofibrate
9130,3999,Fébuxostat
9131,3999,fébuxostat hémihydrate
9132,4000,Fébuxostat
9133,4000,fébuxostat
9134,4001,Fébuxostat
9135,4001,fébuxostat hémihydrate
9136,4002,Fébuxostat
9137,4002,fébuxostat
9138,4003,Fébuxostat
9139,4003,fébuxostat
9140,4004,Fébuxostat
9141,4004,fébuxostat hémihydrate
9142,4005,Fébuxostat
9143,4005,fébuxostat hémihydrate
9144,4006,Fébuxostat
9145,4006,fébuxostat hémihydrate
9146,4007,Fébuxostat
9147,4007,fébuxostat hémihydrate
9148,4008,Sulfur 4 DH
9149,4008,Sulfur 10 DH
9150,4008,Vincetoxicum hirundinaria 6 DH
9151,4008,Vincetoxicum hirundinaria 10 DH
9152,4008,Vincetoxicum hirundinaria 30 DH
9153,4008,sulfur [H]
9154,4008,vincetoxicum hirundinaria [H]
9155,4009,rasburicase
9156,4010,Fulvestrant
9157,4010,fulvestrant
9158,4011,Fébuxostat
9159,4011,fébuxostat magnésium
9160,4012,Isoconazole nitrate
9161,4012,isoconazole nitrate micronisé
9162,4013,Tinidazole
9163,4013,tinidazole
9164,4014,épirubicine chlorhydrate
9165,4015,Torémifène citrate
9166,4015,torémifène citrate
9167,4016,panobinostat lactate
9168,4017,Benralizumab
9169,4017,benralizumab
9170,4018,Fampridine
9171,4018,fampridine
9172,4019,fampridine
9173,4020,Cocculus indicus 8 DH
9174,4020,Tabacum 8 DH
9175,4020,Argentum nitricum 6 DH
9176,4020,Sepia officinalis 6 DH
9177,4020,Borax 4 DH
9178,4020,Nux vomica 4 DH
9179,4020,cocculus indicus [H]
9180,4020,tabacum [H]
9181,4020,argentum nitricum [H]
9182,4020,sepia officinal [H]
9183,4020,borax [H]
9184,4020,nux vomica [H]
9185,4021,facteur VIII humain
9186,4022,agalsidase bêta
9187,4023,Famotidine
9188,4023,famotidine
9189,4024,Ambénonium chlorure
9190,4024,ambénonium chlorure
9191,4025,naloxone chlorhydrate dihydrate
9192,4026,Insuline Lispro (analogue à l'insuline humaine)
9193,4026,insuline lispro
9194,4027,Granisétron
9195,4027,granisétron chlorhydrate
9196,4028,pegfilgrastim
9197,4030,Nux vomica 3 DH
9198,4030,Brionia 4 DH
9199,4030,China rubra 4 DH
9200,4030,Ipeca 4 DH
9201,4030,Sulfur 4 DH
9202,4030,Arsenicum Album 6 DH
9203,4030,Pulsatilla 4 DH
9204,4030,Robinia pseudo-acacia 3 DH
9205,4030,nux vomica [H]
9206,4030,bryonia [H]
9207,4030,cinchona succirubra [H]
9208,4030,ipéca [H]
9209,4030,sulfur [H]
9210,4030,arsenicum album [H]
9211,4030,anemone pulsatilla [H]
9212,4030,robinia pseudo acacia [H]
9213,4031,simoctocog alfa
9214,4032,nux vomica [H]
9215,4032,bryonia [H]
9216,4032,argentum nitricum [H]
9217,4032,marsdenia condurango [H]
9218,4032,abies nigra [H]
9219,4032,robinia pseudo acacia [H]
9220,4032,solidago virga aurea [H]
9221,4032,condurango
9222,4033,Protéine Spike de SARS-CoV-2 (variant Omicron XBB.1.5) avec adjuvant
9223,4033,SARS-CoV-2 protéine Spike recombinante
9224,4034,Protéine Spike de SARS-CoV-2 (avec adjuvant)
9225,4034,SARS-CoV-2 protéine Spike recombinante
9226,4035,zinc gluconate
9227,4035,cuivre gluconate
9228,4035,manganèse gluconate
9229,4035,fluorure de sodium
9230,4035,potassium iodure
9231,4035,sélénite de sodium
9232,4035,sodium molybdate
9233,4035,chrome chlorure
9234,4035,gluconate ferreux
9235,4036,Somatropine (hormone de croissance humaine) recombinante
9236,4036,somatropine recombinante
9237,4037,Éthinylestradiol
9238,4037,Étonogestrel
9239,4037,éthinylestradiol
9240,4037,étonogestrel
9241,4038,Ibuprofène
9242,4038,ibuprofène
9243,4039,Povidone
9244,4039,povidone
9245,4040,acides aminés
9246,4040,sodium chlorure
9247,4040,calcium chlorure dihydrate
9248,4040,magnésium chlorure hexahydrate
9249,4040,sodium lactate
9250,4041,Ibuprofène
9251,4041,ibuprofène
9252,4042,Ibuprofène lysinate
9253,4042,ibuprofène lysinate
9254,4043,Ibuprofène
9255,4043,ibuprofène
9256,4044,Ibuprofène
9257,4044,ibuprofène
9258,4045,Ibuprofène
9259,4045,Pseudoéphédrine chlorhydrate
9260,4045,ibuprofène
9261,4045,pseudoéphédrine chlorhydrate
9262,4046,Ibuprofène lysinate
9263,4046,ibuprofène lysinate
9264,4047,Ibuprofène
9265,4047,ibuprofène
9266,4048,bélatacept
9267,4049,pimavansérine
9268,4050,glucose monohydrate
9269,4050,acides aminés
9270,4050,soja huile raffinée
9271,4050,sodium chlorure
9272,4050,potassium acétate
9273,4050,calcium chlorure dihydrate
9274,4050,magnésium acétate tétrahydrate
9275,4050,sodium glycérophosphate hydrate
9276,4050,azote
9277,4050,olive huile raffinée
9278,4051,Ibuprofène
9279,4051,ibuprofène
9280,4053,Estazolam
9281,4053,estazolam
9282,4054,toxine botulinique type A
9283,4055,Darolutamide
9284,4055,darolutamide
9285,4056,Mépolizumab
9286,4056,mépolizumab
9287,4059,glucose monohydrate
9288,4059,acides aminés
9289,4059,sodium chlorure
9290,4059,phosphate monopotassique
9291,4059,phosphate dipotassique
9292,4059,calcium gluconate
9293,4059,magnésium lactate dihydrate
9294,4059,azote
9295,4060,Lévomépromazine
9296,4060,lévomépromazine maléate
9297,4060,lévomépromazine chlorhydrate
9298,4061,romiplostim
9299,4062,eptacog alfa activé
9300,4063,Eszopiclone
9301,4063,eszopiclone
9302,4064,posaconazole
9303,4065,monoxyde d'azote
9304,4066,captopril
9305,4067,Insuline asparte
9306,4067,insuline asparte
9307,4068,Répaglinide
9308,4068,répaglinide
9309,4069,Cétylpyridinium chlorure
9310,4069,cétylpyridinium chlorure
9311,4070,Budésonide
9312,4070,budésonide
9313,4071,Insuline asparte
9314,4071,insuline asparte
9315,4072,Estradiol
9316,4072,Noréthistérone acétate
9317,4072,estradiol hémihydrate
9318,4072,noréthistérone acétate
9319,4073,Méthotrexate
9320,4073,méthotrexate
9321,4074,mitoxantrone chlorhydrate
9322,4075,oxybuprocaïne chlorhydrate
9323,4076,turoctocog alfa
9324,4078,Mirtazapine
9325,4078,mirtazapine
9326,4079,diéthylcarbamazine citrate
9327,4080,Ritonavir
9328,4080,ritonavir
9329,4081,Quinagolide
9330,4081,quinagolide chlorhydrate
9331,4082,hémine humaine
9332,4083,Lévonorgestrel
9333,4083,lévonorgestrel
9334,4084,Docusate sodique
9335,4084,docusate sodique
9336,4085,Dihydrogénophosphate de sodium
9337,4085,Hydrogénophosphate de sodium
9338,4085,phosphate monosodique dihydrate
9339,4085,phosphate disodique dodécahydrate
9340,4086,"Sterculia, gomme"
9341,4086,sterculia gomme
9342,4087,Norfloxacine
9343,4087,norfloxacine
9344,4088,Norfloxacine
9345,4088,norfloxacine
9346,4089,Norfloxacine
9347,4089,norfloxacine
9348,4090,Norfloxacine
9349,4090,norfloxacine
9350,4091,Nordazépam
9351,4091,nordazépam
9352,4092,Méthotrexate
9353,4092,méthotrexate
9354,4093,Somatropine (hormone de croissance humaine) recombinante
9355,4093,somatropine
9356,4094,noradrénaline bitartrate
9357,4095,noradrénaline bitartrate
9358,4096,norcholestérol iodé 131I
9359,4097,noradrénaline bitartrate
9360,4098,noradrénaline bitartrate
9361,4099,noradrénaline bitartrate
9362,4100,Piracétam
9363,4100,piracétam
9364,4101,Nomégestrol acétate
9365,4101,nomégestrol acétate
9366,4102,Nomégestrol acétate
9367,4102,nomégestrol acétate
9368,4103,Nomégestrol acétate
9369,4103,nomégestrol acétate
9370,4104,Estradiol
9371,4104,Nomégestrol acétate
9372,4104,nomégestrol acétate
9373,4104,estradiol hémihydrate
9374,4105,Nomégestrol acétate
9375,4105,nomégestrol acétate
9376,4106,Sumatriptan
9377,4106,Naproxène sodique
9378,4106,sumatriptan succinate
9379,4106,naproxène sel de Na
9380,4107,Nomégestrol acétate
9381,4107,nomégestrol acétate
9382,4108,métamizole magnésium
9383,4109,Dextrométhorphane bromhydrate
9384,4109,dextrométhorphane bromhydrate
9385,4110,Oxétorone fumarate
9386,4110,oxétorone fumarate
9387,4111,filgrastim
9388,4112,Tamoxifène
9389,4112,tamoxifène citrate
9390,4114,trinitrine
9391,4115,Trinitrine
9392,4115,trinitrine
9393,4116,Nitrendipine
9394,4116,nitrendipine
9395,4117,Chloroquine
9396,4117,chloroquine sulfate
9397,4118,argent nitrate
9398,4120,nitisinone
9399,4121,nitisinone
9400,4122,niraparib tosilate monohydrate
9401,4122,abiratérone acétate
9402,4124,Nicotine
9403,4124,nicotine résinate
9404,4125,Valsartan
9405,4125,Hydrochlorothiazide
9406,4125,valsartan
9407,4125,hydrochlorothiazide
9408,4126,Valsartan
9409,4126,valsartan
9410,4128,pentostatine
9411,4129,nimodipine
9412,4130,ixazomib citrate
9413,4131,Nicotine libérée/24 h
9414,4131,nicotine
9415,4131,nicotine résinate
9416,4132,Polyoside de Neisseria meningitidis groupe A
9417,4132,Polyoside de Neisseria meningitidis groupe C
9418,4132,Polyoside de Neisseria meningitidis groupe W135
9419,4132,Polyoside de Neisseria meningitidis groupe Y
9420,4132,"Neisseria meningitidis gpe A, polyoside"
9421,4132,"Neisseria meningitidis gpe C, polyoside"
9422,4132,"Neisseria meningitidis gpe W135, polyoside"
9423,4132,"Neisseria meningitidis gpe Y, polyoside"
9424,4133,nilotinib chlorhydrate
9425,4134,cisatracurium bésilate
9426,4135,nilotinib chlorhydrate
9427,4136,nilotinib
9428,4137,noréthandrolone
9429,4138,acide bempédoïque
9430,4139,nilotinib
9431,4140,nilotinib chlorhydrate
9432,4141,Acide niflumique
9433,4141,acide niflumique
9434,4142,Acide niflumique
9435,4142,Morniflumate
9436,4142,morniflumate
9437,4142,acide niflumique
9438,4143,Nifédipine
9439,4143,Lidocaïne chlorhydrate
9440,4143,nifédipine
9441,4143,lidocaïne chlorhydrate
9442,4145,Nifédipine
9443,4145,nifédipine
9444,4146,Nifédipine
9445,4146,nifédipine
9446,4147,Nifédipine
9447,4147,nifédipine
9448,4148,Nicotine
9449,4148,nicotine résinate
9450,4149,Nicotine libérée/24 h
9451,4149,nicotine
9452,4149,nicotine résinate
9453,4150,Nicotine
9454,4150,nicotine résinate
9455,4151,Nicotine libérée/24 h
9456,4151,nicotine
9457,4152,Nicotine
9458,4152,nicotine polacriline
9459,4152,nicotine
9460,4152,nicotine tartrate dihydrate
9461,4153,nicotinamide
9462,4154,tabacum [H]
9463,4154,nux vomica [H]
9464,4154,aurum metallicum [H]
9465,4154,passiflora incarnata [H]
9466,4154,agnus castus [H]
9467,4154,lobelia inflata [H]
9468,4155,Nicotine libérée/16 h
9469,4155,nicotine
9470,4156,Nicotine
9471,4156,nicotine
9472,4157,Nicotine
9473,4157,nicotine bétadex
9474,4158,Nicotine
9475,4158,nicotine
9476,4159,Nicorandil
9477,4159,nicorandil
9478,4160,Nicorandil
9479,4160,nicorandil
9480,4161,Nicotine
9481,4161,nicotine résinate
9482,4161,nicotine catiorésine carboxylate
9483,4162,Nicorandil
9484,4162,nicorandil
9485,4163,Nicorandil
9486,4163,nicorandil
9487,4164,Nicorandil
9488,4164,nicorandil
9489,4165,Nicorandil
9490,4165,nicorandil
9491,4166,Nicotine libérée/24 h
9492,4166,nicotine
9493,4167,Nicotinamide (vitamine PP)
9494,4167,nicotinamide
9495,4168,Nicotine
9496,4168,nicotine catiorésine carboxylate
9497,4168,nicotine résinate
9498,4169,nicardipine chlorhydrate
9499,4170,nicardipine chlorhydrate
9500,4171,avalglucosidase alfa
9501,4172,sélinexor
9502,4173,somatrogon
9503,4174,sorafénib tosilate
9504,4175,Étonogestrel
9505,4175,étonogestrel
9506,4176,Ésoméprazole
9507,4176,ésoméprazole magnésium trihydrate
9508,4177,Névirapine
9509,4177,névirapine
9510,4178,Névirapine
9511,4178,névirapine
9512,4179,Névirapine
9513,4179,névirapine
9514,4180,Névirapine
9515,4180,névirapine
9516,4181,Névirapine
9517,4181,névirapine
9518,4182,Névirapine
9519,4182,névirapine
9520,4183,Névirapine
9521,4183,névirapine
9522,4184,Oxyde d'aluminium hydraté
9523,4184,Hydroxyde de magnésium
9524,4184,Phosphate d'aluminium
9525,4184,Gomme guar
9526,4184,oxyde d'aluminium hydraté
9527,4184,aluminium phosphate
9528,4184,magnésium hydroxyde
9529,4184,gomme guar enrobée
9530,4185,Calcium carbonate
9531,4185,Magnésium carbonate
9532,4185,Magnésium trisilicate
9533,4185,Kaolin
9534,4185,calcium carbonate
9535,4185,magnésium carbonate léger
9536,4185,kaolin lourd
9537,4185,magnésium trisilicate
9538,4186,bicisate dichlorhydrate
9539,4187,Gabapentine
9540,4187,gabapentine
9541,4188,sodium lactate
9542,4188,sodium chlorure
9543,4188,calcium chlorure
9544,4188,magnésium chlorure hexahydrate
9545,4188,glucose monohydrate
9546,4188,calcium chlorure dihydrate
9547,4189,Aurum metallicum 10 DH
9548,4189,Ferrum sulfuricum – Silicea 2 DH
9549,4189,Kalium phosphoricum 6DH
9550,4189,aurum metallicum [H]
9551,4189,ferrum sulfuricum - silicea [H]
9552,4189,kalium phosphoricum [H]
9553,4190,toxine botulinique type B
9554,4191,florbétabène 18F
9555,4192,filgrastim
9556,4193,Propériciazine
9557,4193,propériciazine
9558,4194,Rotigotine libérée par 24 h
9559,4194,rotigotine
9560,4195,pegfilgrastim
9561,4196,Corallium rubrum 7 DH
9562,4196,Atropinum sulfuricum 6 DH
9563,4196,Cuprum aceticum 4 DH
9564,4196,Magnesia phosphorica 3 DH
9565,4196,Arsenicum album 4 DH
9566,4196,Zincum valerianicum 4 DH
9567,4196,Agnus castus 3 DH
9568,4196,Silicea 5 DH
9569,4196,corallium rubrum [H]
9570,4196,atropinum sulfuricum [H]
9571,4196,cuprum aceticum [H]
9572,4196,magnesia phosphorica [H]
9573,4196,arsenicum album [H]
9574,4196,zincum valerianicum [H]
9575,4196,agnus castus [H]
9576,4196,silicea [H]
9577,4197,Diflucortolone valérate
9578,4197,Chlorquinaldol
9579,4197,diflucortolone valérate
9580,4197,chlorquinaldol
9581,4198,Diflucortolone valérate
9582,4198,diflucortolone valérate
9583,4199,Dexaméthasone
9584,4199,Nétilmicine
9585,4199,dexaméthasone phosphate sodique
9586,4199,nétilmicine sulfate
9587,4200,Avena sativa 2 DH
9588,4200,Coffea arabica 12 DH
9589,4200,Passiflora incarnata 2 DH
9590,4200,Zincum isovalerianicum 4 DH
9591,4200,avena sativa [H]
9592,4200,coffea arabica [H]
9593,4200,passiflora incarnata [H]
9594,4200,zincum valerianicum [H]
9595,4201,dihydralazine mésilate
9596,4202,mertiatide
9597,4204,Étanercept
9598,4204,étanercept
9599,4205,phosphocréatine
9600,4206,néostigmine méthylsulfate
9601,4208,Époétine bêta
9602,4208,époétine bêta
9603,4209,phényléphrine chlorhydrate
9604,4210,Carbimazole
9605,4210,carbimazole
9606,4212,dexaméthasone acétate
9607,4213,Ciclosporine
9608,4213,ciclosporine
9609,4214,némolizumab
9610,4215,témocilline sodique
9611,4216,Polysaccharide de Neisseria meningitidis (groupe C)
9612,4216,"Neisseria meningitidis gpe C, polyoside"
9613,4218,Codéine camphosulfonate
9614,4218,Sulfogaïacol
9615,4218,"Grindélia, extrait mou"
9616,4218,codéine camsilate
9617,4218,sulfogaïacol
9618,4218,grindélia extrait mou hydroalcoolique
9619,4219,Néfopam chlorhydrate
9620,4219,néfopam chlorhydrate
9621,4220,Néfopam chlorhydrate
9622,4220,néfopam chlorhydrate
9623,4221,Néfopam chlorhydrate
9624,4221,néfopam chlorhydrate
9625,4222,Néfopam chlorhydrate
9626,4222,néfopam
9627,4223,Néfopam chlorhydrate
9628,4223,néfopam chlorhydrate
9629,4225,Ritiométan magnésien
9630,4225,ritiométan magnésium
9631,4226,Névibolol
9632,4226,Hydrochlorothiazide
9633,4226,nébivolol chlorhydrate
9634,4226,hydrochlorothiazide
9635,4227,Névibolol
9636,4227,Hydrochlorothiazide
9637,4227,nébivolol chlorhydrate
9638,4227,hydrochlorothiazide
9639,4228,Névibolol
9640,4228,Hydrochlorothiazide
9641,4228,nébivolol chlorhydrate
9642,4228,hydrochlorothiazide
9643,4229,Nébivolol
9644,4229,nébivolol chlorhydrate
9645,4230,Nébivolol
9646,4230,nébivolol chlorhydrate
9647,4231,Nébivolol
9648,4231,nébivolol chlorhydrate
9649,4232,Nébivolol
9650,4232,nébivolol chlorhydrate
9651,4233,Névibolol
9652,4233,Hydrochlorothiazide
9653,4233,nébivolol chlorhydrate
9654,4233,hydrochlorothiazide
9655,4234,Nébivolol
9656,4234,nébivolol chlorhydrate
9657,4235,Nébivolol
9658,4235,nébivolol chlorhydrate
9659,4236,Nébivolol
9660,4236,nébivolol chlorhydrate
9661,4237,Nébivolol
9662,4237,nébivolol chlorhydrate
9663,4238,Nébivolol
9664,4238,nébivolol chlorhydrate
9665,4239,Nébivolol
9666,4239,nébivolol chlorhydrate
9667,4240,Nébivolol
9668,4240,nébivolol chlorhydrate
9669,4241,Nébivolol
9670,4241,nébivolol chlorhydrate
9671,4242,Nébivolol
9672,4242,nébivolol chlorhydrate
9673,4243,Nébivolol
9674,4243,nébivolol chlorhydrate
9675,4244,Testostérone undécanoate
9676,4244,testostérone undécanoate
9677,4245,Nébivolol
9678,4245,nébivolol chlorhydrate
9679,4247,dronabinol
9680,4247,cannabidiol
9681,4248,Tobramycine
9682,4248,tobramycine sulfate
9683,4249,paclitaxel-albumine
9684,4250,Méclozine chlorhydrate
9685,4250,méclozine chlorhydrate
9686,4251,Diphénhydramine di-acéfylline
9687,4251,diphénhydramine diacéfylline
9688,4252,vinorelbine ditartrate
9689,4254,procarbazine chlorhydrate
9690,4255,Trinitrine
9691,4255,trinitrine
9692,4256,sodium thiosulfate
9693,4257,Indapamide
9694,4257,Amlodipine
9695,4257,indapamide
9696,4257,amlodipine bésilate
9697,4258,Diménhydrinate
9698,4258,diménhydrinate
9699,4259,Calcium carbonate
9700,4259,Colécalciférol (vitamine D3)
9701,4259,calcium carbonate
9702,4259,colécalciférol
9703,4260,natamycine
9704,4261,Tartrate neutre de potassium
9705,4261,potassium tartrate neutre
9706,4262,Mométasone furoate
9707,4262,mométasone furoate monohydrate
9708,4263,Triamcinolone acétonide
9709,4263,triamcinolone acétonide
9710,4264,phénelzine
9711,4265,phénelzine sulfate
9712,4266,ropivacaïne chlorhydrate monohydrate
9713,4268,naloxone chlorhydrate
9714,4269,Naratriptan
9715,4269,naratriptan chlorhydrate
9716,4270,Naratriptan
9717,4270,naratriptan chlorhydrate
9718,4271,Éthinylestradiol
9719,4271,Norgestimate
9720,4271,norgestimate
9721,4271,éthinylestradiol
9722,4272,Naratriptan
9723,4272,naratriptan chlorhydrate
9724,4273,Naratriptan
9725,4273,naratriptan chlorhydrate
9726,4274,Naratriptan
9727,4274,naratriptan chlorhydrate
9728,4275,Naratriptan
9729,4275,naratriptan chlorhydrate
9730,4276,Naratriptan
9731,4276,naratriptan chlorhydrate
9732,4277,Naratriptan
9733,4277,naratriptan chlorhydrate
9734,4278,Naratriptan
9735,4278,naratriptan chlorhydrate
9736,4279,Naproxène sel de sodium
9737,4279,naproxène sel de Na
9738,4280,Naproxène sel de sodium
9739,4280,naproxène sel de Na
9740,4281,Naproxène sel de sodium
9741,4281,naproxène sel de Na
9742,4282,Naproxène
9743,4282,naproxène
9744,4283,albumine humaine particules de nanocolloïdes
9745,4284,rhénium sulfure
9746,4285,mexilétine chlorhydrate
9747,4286,Naltrexone chlorhydrate
9748,4286,naltrexone chlorhydrate
9749,4288,naltrexone chlorhydrate
9750,4289,nalbuphine chlorhydrate
9751,4290,naloxone chlorhydrate
9752,4291,naloxone chlorhydrate dihydrate
9753,4292,Fénoprofène
9754,4292,fénoprofène calcique
9755,4293,Nalbuphine chlorhydrate
9756,4293,nalbuphine chlorhydrate
9757,4294,nalbuphine chlorhydrate
9758,4295,galsulfase
9759,4296,sulprostone
9760,4297,Naftidrofuryl oxalate
9761,4297,naftidrofuryl oxalate
9762,4298,Naftidrofuryl oxalate
9763,4298,naftidrofuryl oxalate
9764,4299,Naftidrofuryl oxalate
9765,4299,naftidrofuryl oxalate
9766,4300,sodium fluorure 18F
9767,4301,Nabumétone
9768,4301,nabumétone
9769,4302,"Acide spaglumique, sel de sodium"
9770,4302,acide spaglumique sel de Na
9771,4303,"Acide spaglumique (acide N-acétyl aspartyl glutamique), sel de sodium"
9772,4303,acide spaglumique sel de Na
9773,4304,sildénafil citrate
9774,4305,alglucosidase alfa
9775,4306,Primidone
9776,4306,primidone
9777,4307,lanréotide acétate
9778,4308,tétrofosmine
9779,4309,béthanechol chlorure
9780,4310,gemtuzumab ozogamicine
9781,4311,Minocycline
9782,4311,minocycline chlorhydrate
9783,4312,busulfan
9784,4313,Tropicamide
9785,4313,tropicamide
9786,4314,mycophénolate mofétil
9787,4315,mycophénolate sodique
9788,4316,Éconazole nitrate
9789,4316,éconazole nitrate
9790,4317,tropicamide
9791,4317,phényléphrine chlorhydrate
9792,4318,tropicamide
9793,4318,phényléphrine chlorhydrate
9794,4318,lidocaïne chlorhydrate monohydrate
9795,4319,Nystatine
9796,4319,nystatine
9797,4320,Ciclopirox olamine
9798,4320,ciclopirox olamine
9799,4321,Ciclopirox olamine
9800,4321,ciclopirox
9801,4321,ciclopirox olamine
9802,4322,mycophénolate mofétil
9803,4323,Éconazole nitrate
9804,4323,éconazole nitrate
9805,4324,mycophénolate mofétil
9806,4325,mycophénolate mofétil
9807,4326,mycophénolate mofétil
9808,4327,mycophénolate mofétil
9809,4328,Ciclopirox
9810,4328,ciclopirox
9811,4329,rifabutine
9812,4330,Clotrimazole
9813,4330,clotrimazole
9814,4331,Éconazole nitrate
9815,4331,éconazole nitrate
9816,4332,bévacizumab
9817,4333,Ambroxol chlorhydrate
9818,4333,ambroxol chlorhydrate
9819,4334,métréleptine
9820,4335,micafungine sodique
9821,4336,éthambutol chlorhydrate
9822,4337,Mupirocine
9823,4337,mupirocine
9824,4338,Mupirocine
9825,4338,mupirocine
9826,4339,Mupirocine
9827,4339,mupirocine
9828,4340,Mupirocine
9829,4340,mupirocine
9830,4341,Mupirocine
9831,4341,mupirocine
9832,4342,Mupirocine
9833,4342,mupirocine
9834,4343,fotémustine
9835,4344,Cromoglycate de sodium
9836,4344,acide cromoglicique sel de Na
9837,4345,"acide gadobénique, sel de diméglumine"
9838,4346,Dronédarone
9839,4346,dronédarone chlorhydrate
9840,4347,calcium chlorure dihydrate
9841,4347,magnésium chlorure hexahydrate
9842,4347,glucose monohydrate
9843,4347,sodium chlorure
9844,4347,bicarbonate de sodium
9845,4347,potassium chlorure
9846,4348,Diacétylcistéinate de méthyle
9847,4348,dacistéine méthyle
9848,4349,"Primevère, extrait sec de racine"
9849,4349,"Thym, extrait sec de parties aériennes"
9850,4349,primevère racine extrait sec
9851,4349,thym partie aérienne extrait
9852,4350,Acétylcystéine
9853,4350,acétylcystéine
9854,4351,Carbocistéine
9855,4351,carbocistéine
9856,4352,Acétylcystéine
9857,4352,acétylcystéine
9858,4354,ARNm modifié codant la glycoprotéine F du virus respiratoire syncytial VRS-A
9859,4355,plérixafor
9860,4356,Aluminium hydroxyde
9861,4356,Magnésium hydroxyde
9862,4356,Alumine phosphate
9863,4356,Gomme guar
9864,4356,oxyde d'aluminium hydraté
9865,4356,aluminium phosphate
9866,4356,magnésium hydroxyde
9867,4356,gomme guar enrobée
9868,4356,aluminium phosphate hydrate
9869,4357,Moxonidine
9870,4357,moxonidine
9871,4358,Moxifloxacine
9872,4358,moxifloxacine chlorhydrate
9873,4359,Moxifloxacine
9874,4359,moxifloxacine chlorhydrate
9875,4360,Moxonidine
9876,4360,moxonidine
9877,4361,Moxonidine
9878,4361,moxonidine
9879,4362,Moxonidine
9880,4362,moxonidine
9881,4363,Moxifloxacine
9882,4363,moxifloxacine chlorhydrate
9883,4364,Moxifloxacine
9884,4364,moxifloxacine chlorhydrate
9885,4365,Moxifloxacine
9886,4365,moxifloxacine chlorhydrate
9887,4366,Moxifloxacine
9888,4366,moxifloxacine chlorhydrate
9889,4367,Tériparatide
9890,4367,tériparatide
9891,4368,Macrogol 3350
9892,4368,Chlorure de potassium
9893,4368,Chlorure de sodium
9894,4368,Bicarbonate de sodium
9895,4368,macrogol 3350
9896,4368,bicarbonate de sodium
9897,4368,potassium chlorure
9898,4368,sodium chlorure
9899,4369,Naloxégol
9900,4369,naloxégol oxalate
9901,4370,Macrogol (polyéthylèneglycol) 3350
9902,4370,Sulfate de sodium anhydre
9903,4370,Chlorure de sodium
9904,4370,Chlorure de potassium
9905,4370,Acide ascorbique
9906,4370,Ascorbate de sodium
9907,4370,macrogol 3350
9908,4370,sodium sulfate anhydre
9909,4370,sodium chlorure
9910,4370,potassium chlorure
9911,4370,acide ascorbique
9912,4370,sodium ascorbate
9913,4371,morphine chlorhydrate
9914,4372,morphine sulfate
9915,4373,Morphine sulfate
9916,4373,morphine sulfate
9917,4374,Dompéridone
9918,4374,dompéridone
9919,4375,Tirzépatide
9920,4375,tirzépatide
9921,4376,Morphine chlorhydrate trihydraté
9922,4376,morphine chlorhydrate
9923,4377,Morphine chlorhydrate
9924,4377,morphine chlorhydrate
9925,4378,Morphine chlorhydrate
9926,4378,morphine chlorhydrate
9927,4379,Oméprazole
9928,4379,oméprazole magnésium
9929,4380,Oméprazole
9930,4380,oméprazole
9931,4381,Montélukast
9932,4381,montélukast sel de Na
9933,4382,Montélukast
9934,4382,montélukast sel de Na
9935,4383,Fosfomycine
9936,4383,fosfomycine trométamol
9937,4384,Montélukast
9938,4384,montélukast sel de Na
9939,4385,Montélukast
9940,4385,montélukast sel de Na
9941,4386,Montélukast
9942,4386,montélukast sel de Na
9943,4387,Montélukast
9944,4387,montélukast sel de Na
9945,4388,montélukast sel de Na
9946,4389,Montélukast
9947,4389,montélukast sel de Na
9948,4390,Montélukast
9949,4390,montélukast sel de Na
9950,4391,Montélukast
9951,4391,montélukast sel de Na
9952,4392,Montélukast
9953,4392,montélukast sel de Na
9954,4393,Montélukast
9955,4393,montélukast sel de Na
9956,4394,Montélukast
9957,4394,montélukast sel de Na
9958,4395,Montélukast
9959,4395,montélukast sel de Na
9960,4396,Montélukast
9961,4396,montélukast sel de Na
9962,4397,Montélukast
9963,4397,montélukast sel de Na
9964,4398,Montélukast
9965,4398,montélukast sel de Na
9966,4399,monoxyde d'azote
9967,4400,Céthexonium bromure
9968,4400,céthexonium bromure
9969,4401,monoxyde d'azote
9970,4402,Latanoprost
9971,4402,latanoprost
9972,4403,Ofloxacine
9973,4403,ofloxacine
9974,4404,Ofloxacine
9975,4404,ofloxacine
9976,4405,Kétotifène
9977,4405,kétotifène fumarate
9978,4406,Tramadol chlorhydrate
9979,4406,tramadol chlorhydrate
9980,4407,Tramadol chlorhydrate
9981,4407,tramadol chlorhydrate
9982,4408,Sertaconazole nitrate
9983,4408,sertaconazole nitrate
9984,4409,Diltiazem chlorhydrate
9985,4409,diltiazem chlorhydrate
9986,4410,Mométasone furoate
9987,4410,mométasone furoate monohydrate
9988,4411,Mométasone furoate
9989,4411,mométasone furoate monohydrate
9990,4412,Mométasone furoate
9991,4412,mométasone furoate monohydrate
9992,4413,Mométasone furoate
9993,4413,mométasone furoate monohydrate
9994,4414,Mométasone furoate
9995,4414,mométasone furoate monohydrate
9996,4415,Mométasone furoate
9997,4415,mométasone furoate monohydrate
9998,4416,Mométasone furoate
9999,4416,mométasone furoate monohydrate
10000,4417,Mométasone furoate
10001,4417,mométasone furoate monohydrate
10002,4418,Mométasone furoate
10003,4418,mométasone furoate monohydrate
10004,4419,Mométasone furoate
10005,4419,mométasone furoate monohydrate
10006,4420,Molsidomine
10007,4420,molsidomine
10008,4421,Molsidomine
10009,4421,molsidomine
10010,4422,Molsidomine
10011,4422,molsidomine
10012,4423,Molsidomine
10013,4423,molsidomine
10014,4424,Timolol maléate
10015,4424,Hydrochlorothiazide
10016,4424,Amiloride chlorhydrate
10017,4424,timolol maléate
10018,4424,amiloride chlorhydrate
10019,4424,hydrochlorothiazide
10020,4425,Nitrazépam
10021,4425,nitrazépam
10022,4426,Hydrochlorothiazide
10023,4426,Amiloride chlorhydrate
10024,4426,amiloride chlorhydrate dihydrate
10025,4426,hydrochlorothiazide
10026,4427,Modafinil
10027,4427,modafinil
10028,4428,Lévodopa
10029,4428,Bensérazide
10030,4428,lévodopa
10031,4428,bensérazide chlorhydrate
10032,4429,"Séné, extrait sec"
10033,4429,Pantothénate de calcium (vitamine B5)
10034,4429,séné extrait sec alcoolique
10035,4429,calcium pantothénate
10036,4430,Amiloride chlorhydrate
10037,4430,amiloride chlorhydrate dihydrate
10038,4432,modafinil
10039,4433,tacrolimus monohydrate
10040,4434,Modafinil
10041,4434,modafinil
10042,4435,Modafinil
10043,4435,modafinil
10044,4436,Modafinil
10045,4436,modafinil
10046,4437,Modafinil
10047,4437,modafinil
10048,4438,Moclobémide
10049,4438,moclobémide
10050,4439,Mizolastine
10051,4439,mizolastine
10052,4440,Mizolastine
10053,4440,mizolastine
10054,4441,Virus vivants atténués de la rougeole (souche Edmonston Enders)
10055,4441,Virus vivants atténués des oreillons (souche Jeryl Lynn)
10056,4441,Virus vivants atténués de la rubéole (souche Wistar RA 27/3)
10057,4441,virus vivants atténués de la rougeole souche Edmonston Enders
10058,4441,virus vivants atténués des oreillons souche Jeryl Lynn
10059,4441,virus vivants atténués de la rubéole souche Wistar RA 27/3 M
10060,4442,Méloxicam
10061,4442,méloxicam
10062,4443,Insuline humaine biogénétique
10063,4443,insuline humaine
10064,4443,insuline humaine isophane
10065,4444,mitoxantrone chlorhydrate
10066,4445,mivacurium chlorure
10067,4447,mitomycine
10068,4448,mitomycine
10069,4449,mitomycine
10070,4450,misoprostol
10071,4451,mitomycine
10072,4452,Diénogest
10073,4452,Éthinylestradiol
10074,4452,diénogest
10075,4452,éthinylestradiol
10076,4454,Brimonidine
10077,4454,brimonidine tartrate
10078,4455,Mirtazapine
10079,4455,mirtazapine
10080,4456,Mirtazapine
10081,4456,mirtazapine
10082,4457,Mirtazapine
10083,4457,mirtazapine
10084,4458,Mirtazapine
10085,4458,mirtazapine
10086,4459,Mirtazapine
10087,4459,mirtazapine
10088,4460,Mirtazapine
10089,4460,mirtazapine
10090,4461,Mirtazapine
10091,4461,mirtazapine
10092,4462,Mirtazapine
10093,4462,mirtazapine
10094,4463,mirtazapine
10095,4464,Mirtazapine
10096,4464,mirtazapine
10097,4465,Mirtazapine
10098,4465,mirtazapine
10099,4466,Mirtazapine
10100,4466,mirtazapine
10101,4467,Mirtazapine
10102,4467,mirtazapine
10103,4468,Lévonorgestrel
10104,4468,lévonorgestrel
10105,4469,carbachol
10106,4470,acétylcholine chlorure
10107,4471,Thiocolchicoside
10108,4471,thiocolchicoside
10109,4472,Méthoxy polyéthylène glycol-époétine bêta
10110,4472,méthoxy polyéthylène glycol-époétine bêta
10111,4473,Éthinylestradiol
10112,4473,Gestodène
10113,4473,gestodène
10114,4473,éthinylestradiol
10115,4474,Minoxidil
10116,4474,minoxidil
10117,4475,desmopressine acétate
10118,4476,Minoxidil
10119,4476,minoxidil
10120,4477,tafasitamab
10121,4478,Acénocoumarol
10122,4478,acénocoumarol
10123,4479,Minoxidil
10124,4479,minoxidil
10125,4480,Minoxidil
10126,4480,minoxidil
10127,4481,Minoxidil
10128,4481,minoxidil
10129,4482,Éthinylestradiol
10130,4482,Lévonorgestrel
10131,4482,lévonorgestrel
10132,4482,éthinylestradiol
10133,4483,Gestodène
10134,4483,Éthinylestradiol
10135,4483,gestodène
10136,4483,éthinylestradiol
10137,4485,Desmopressine acétate
10138,4485,desmopressine acétate trihydrate
10139,4485,desmopressine acétate
10140,4486,Desmopressine
10141,4486,desmopressine acétate
10142,4487,Cyprotérone acétate
10143,4487,Éthinylestradiol
10144,4487,cyprotérone acétate
10145,4487,éthinylestradiol
10146,4488,milrinone lactate
10147,4489,milrinone
10148,4490,milrinone
10149,4491,cinacalcet chlorhydrate
10150,4492,Milnacipran chlorhydrate
10151,4492,milnacipran chlorhydrate
10152,4493,"Millepertuis, extrait sec de sommités fleuries"
10153,4493,millepertuis extrait sec de sommité fleurie
10154,4494,Éthinylestradiol
10155,4494,Lévonorgestrel
10156,4494,lévonorgestrel
10157,4494,éthinylestradiol
10158,4495,Milnacipran chlorhydrate
10159,4495,milnacipran chlorhydrate
10160,4496,"Millepertuis, extrait sec de sommité fleurie"
10161,4496,millepertuis extrait sec de sommité fleurie
10162,4497,Acétylsalicylate de lysine
10163,4497,Métoclopramide
10164,4497,acétylsalicylate de lysine
10165,4497,métoclopramide chlorhydrate monohydrate
10166,4498,Budésonide
10167,4498,budésonide
10168,4499,miglustat
10169,4500,miglustat
10170,4501,miglustat
10171,4502,miglustat
10172,4503,mifépristone
10173,4504,Béclométasone dipropionate
10174,4504,béclométasone dipropionate
10175,4505,Budésonide
10176,4505,budésonide
10177,4507,midodrine chlorhydrate
10178,4508,midodrine chlorhydrate
10179,4509,midodrine chlorhydrate
10180,4510,midodrine chlorhydrate
10181,4511,midodrine chlorhydrate
10182,4512,midodrine chlorhydrate
10183,4513,midazolam
10184,4514,midazolam
10185,4515,midazolam
10186,4516,midazolam
10187,4517,midazolam
10188,4518,midazolam
10189,4519,midazolam
10190,4520,midazolam chlorhydrate
10191,4521,midazolam
10192,4522,midazolam
10193,4523,Lévonorgestrel
10194,4523,lévonorgestrel
10195,4524,midazolam
10196,4525,baryum sulfate
10197,4526,baryum sulfate
10198,4527,midazolam chlorhydrate
10199,4528,baryum sulfate
10200,4529,Telmisartan
10201,4529,telmisartan
10202,4530,Telmisartan
10203,4530,Hydrochlorothiazide
10204,4530,telmisartan
10205,4530,hydrochlorothiazide
10206,4531,Sorbitol (solution à 70 %)
10207,4531,Citrate de sodium
10208,4531,Laurylsulfoacétate de sodium
10209,4531,sorbitol à 70%
10210,4531,sodium citrate
10211,4531,sodium laurylsulfoacétate à 70%
10212,4532,Valproate de sodium
10213,4532,valproate de sodium
10214,4533,micafungine sodique
10215,4534,micafungine sodique
10216,4535,micafungine sodique
10217,4536,micafungine sodique
10218,4537,iobenguane
10219,4538,Miansérine chlorhydrate
10220,4538,miansérine chlorhydrate
10221,4539,Miansérine chlorhydrate
10222,4539,miansérine chlorhydrate
10223,4540,Miansérine chlorhydrate
10224,4540,miansérine chlorhydrate
10225,4541,Miansérine chlorhydrate
10226,4541,miansérine chlorhydrate
10227,4542,Miansérine chlorhydrate
10228,4542,miansérine chlorhydrate
10229,4543,Miansérine chlorhydrate
10230,4543,miansérine chlorhydrate
10231,4544,Miansérine chlorhydrate
10232,4544,miansérine chlorhydrate
10233,4545,Miansérine chlorhydrate
10234,4545,miansérine chlorhydrate
10235,4546,Calcitonine de synthèse
10236,4546,calcitonine synthétique de saumon
10237,4547,métyrapone
10238,4549,Aminolévulinate de méthyle
10239,4549,méthyle aminolévulinate chlorhydrate
10240,4550,Métronidazole
10241,4550,métronidazole
10242,4551,métronidazole
10243,4552,métronidazole
10244,4553,métronidazole
10245,4554,métronidazole
10246,4555,Métronidazole
10247,4555,métronidazole
10248,4556,métronidazole
10249,4557,Métoprolol tartrate
10250,4557,métoprolol tartrate
10251,4558,Méthotrexate
10252,4558,méthotrexate
10253,4559,Métoprolol tartrate
10254,4559,métoprolol tartrate
10255,4560,Métoprolol tartrate
10256,4560,métoprolol tartrate
10257,4561,Métoprolol tartrate
10258,4561,métoprolol tartrate
10259,4562,Métopimazine
10260,4562,métopimazine
10261,4563,Métopimazine
10262,4563,métopimazine micronisée
10263,4564,Métopimazine
10264,4564,métopimazine
10265,4565,Métopimazine
10266,4565,métopimazine
10267,4566,Métopimazine
10268,4566,métopimazine
10269,4567,Métoclopramide chlorhydrate anhydre
10270,4567,métoclopramide chlorhydrate
10271,4568,Métoclopramide chlorhydrate anhydre
10272,4568,métoclopramide chlorhydrate
10273,4569,Méthotrexate
10274,4569,méthotrexate
10275,4569,méthotrexate sodique
10276,4570,méthylprednisolone succinate sodique
10277,4571,méthylprednisolone succinate sodique
10278,4572,Méthylprednisolone
10279,4572,méthylprednisolone hémisuccinate
10280,4573,méthoxsalène
10281,4574,Méthylphénidate chlorhydrate
10282,4574,méthylphénidate chlorhydrate
10283,4575,Méthylphénidate chlorhydrate
10284,4575,méthylphénidate chlorhydrate
10285,4576,Méthylphénidate chlorhydrate
10286,4576,méthylphénidate chlorhydrate
10287,4577,Méthylphénidate chlorhydrate
10288,4577,méthylphénidate chlorhydrate
10289,4579,Méthotrexate
10290,4579,méthotrexate
10291,4579,méthotrexate sodique
10292,4580,Méthotrexate
10293,4580,méthotrexate
10294,4581,Méthotrexate
10295,4581,méthotrexate
10296,4582,méthotrexate
10297,4583,Méthocarbamol
10298,4583,méthocarbamol
10299,4584,Méthylergométrine maléate
10300,4584,méthylergométrine maléate
10301,4585,Metformine chlorhydrate
10302,4585,metformine chlorhydrate
10303,4586,Metformine chlorhydrate
10304,4586,metformine chlorhydrate
10305,4587,Méthadone chlorhydrate
10306,4587,méthadone chlorhydrate
10307,4588,metformine chlorhydrate
10308,4589,metformine chlorhydrate
10309,4590,Metformine chlorhydrate
10310,4590,metformine chlorhydrate
10311,4591,Metformine chlorhydrate
10312,4591,metformine chlorhydrate
10313,4592,Metformine chlorhydrate
10314,4592,metformine chlorhydrate
10315,4593,Metformine chlorhydrate
10316,4593,metformine chlorhydrate
10317,4594,Metformine chlorhydrate
10318,4594,metformine chlorhydrate
10319,4595,Metformine chlorhydrate
10320,4595,metformine chlorhydrate
10321,4596,Metformine chlorhydrate
10322,4596,metformine chlorhydrate
10323,4597,Metformine chlorhydrate
10324,4597,metformine chlorhydrate
10325,4598,Metformine chlorhydrate
10326,4598,metformine chlorhydrate
10327,4599,Metformine chlorhydrate
10328,4599,metformine chlorhydrate
10329,4600,Metformine chlorhydrate
10330,4600,metformine chlorhydrate
10331,4601,Metformine chlorhydrate
10332,4601,metformine chlorhydrate
10333,4602,Metformine chlorhydrate
10334,4602,metformine chlorhydrate
10335,4603,Metformine chlorhydrate
10336,4603,metformine chlorhydrate
10337,4604,Alvérine citrate
10338,4604,Siméticone
10339,4604,alvérine citrate
10340,4604,siméticone
10341,4605,fludésoxyglucose 18F
10342,4606,Siméticone exprimé en diméticone
10343,4606,Phloroglucinol hydraté
10344,4606,siméticone
10345,4606,phloroglucinol dihydrate
10346,4607,Metformine chlorhydrate
10347,4607,metformine chlorhydrate
10348,4608,sodium fluorure 18F
10349,4609,lidocaïne chlorhydrate
10350,4610,Pyridostigmine bromure
10351,4610,pyridostigmine bromure
10352,4611,ténectéplase
10353,4612,mesna
10354,4613,méropénem trihydrate
10355,4614,méropénem trihydrate
10356,4615,méropénem trihydrate
10357,4616,méropénem trihydrate
10358,4617,méropénem trihydrate
10359,4618,méropénem trihydrate
10360,4619,méropénem trihydrate
10361,4620,méropénem trihydrate
10362,4621,méropénem trihydrate
10363,4622,méropénem trihydrate
10364,4623,méropénem trihydrate
10365,4624,Benzalkonium chlorure
10366,4624,Chlorhexidine digluconate
10367,4624,benzalkonium chlorure
10368,4624,chlorhexidine gluconate
10369,4625,méropénem trihydrate
10370,4626,Mercurius solubilis 8 DH
10371,4626,Aurum muriaticum natronatum 8 DH
10372,4626,Kalium iodatum 4 DH
10373,4626,Natrum nitricum 3 DH
10374,4626,Natrum sulfuricum 2 DH
10375,4626,Kalium phosphoricum 3 DH
10376,4626,mercurius solubilis [H]
10377,4626,aurum muriaticum natronatum [H]
10378,4626,kalium iodatum [H]
10379,4626,natrum nitricum [H]
10380,4626,natrum sulfuricum [H]
10381,4626,kalium phosphoricum [H]
10382,4627,Benzalkonium chlorure
10383,4627,Chlorhexidine digluconate
10384,4627,benzalkonium chlorure
10385,4627,chlorhexidine gluconate
10386,4628,Éthinylestradiol
10387,4628,Désogestrel
10388,4628,désogestrel
10389,4628,éthinylestradiol
10390,4629,vestronidase alfa
10391,4630,Diménhydrinate
10392,4630,Caféine
10393,4630,diménhydrinate
10394,4630,caféine
10395,4632,mépivacaïne chlorhydrate
10396,4633,Neisseria meningitidis groupe A
10397,4633,Neisseria meningitidis groupe C
10398,4633,Neisseria meningitidis groupe W135
10399,4633,Neisseria meningitidis groupe Y
10400,4633,"Neisseria meningitidis gpe W135, oligoside"
10401,4633,Neisseria meningitidis gpe C oligoside
10402,4633,"Neisseria meningitidis gpe Y, oligoside"
10403,4633,protéine CRM-197 de Corynebacterium diphteriae
10404,4633,"Neisseria meningitidis gpe A, oligoside"
10405,4634,"Actée à grappes (Cimifuga racemosa), extrait sec de rhizome et de racine"
10406,4634,cimicifuga partie souterraine extrait sec
10407,4635,Ambra grisea 6 DH
10408,4635,Anamirta cocculus 4 DH
10409,4635,Conium maculatum 3 DH
10410,4635,Petroleum rectificatum 8 DH
10411,4635,ambra grisea [H]
10412,4635,cocculus indicus [H]
10413,4635,conium maculatum [H]
10414,4635,petroleum [H]
10415,4636,Polyoside de Neisseria meningitidis de groupe A
10416,4636,Polyoside de Neisseria meningitidis de groupe C
10417,4636,Polyoside de Neisseria meningitidis de groupe W
10418,4636,Polyoside de Neisseria meningitidis de groupe Y
10419,4636,"Neisseria meningitidis gpe A, polyoside"
10420,4636,"Neisseria meningitidis gpe C, polyoside"
10421,4636,"Neisseria meningitidis gpe W135, polyoside"
10422,4636,"Neisseria meningitidis gpe Y, polyoside"
10423,4637,Oligoside de Neisseria meningitidis (groupe C)
10424,4637,Neisseria meningitidis gpe C oligoside
10425,4637,protéine CRM-197 de Corynebacterium diphteriae
10426,4638,Mémantine chlorhydrate
10427,4638,mémantine chlorhydrate
10428,4639,Ménotropine exprimée en
10429,4639,Hormone folliculostimulante (FSH)
10430,4639,Hormone lutéinisante (LH)
10431,4639,ménotropine
10432,4640,Mémantine chlorhydrate
10433,4640,mémantine chlorhydrate
10434,4641,mémantine chlorhydrate
10435,4642,Mémantine chlorhydrate
10436,4642,mémantine chlorhydrate
10437,4643,Mémantine chlorhydrate
10438,4643,mémantine chlorhydrate
10439,4644,Mémantine chlorhydrate
10440,4644,mémantine chlorhydrate
10441,4645,Mémantine chlorhydrate
10442,4645,mémantine chlorhydrate
10443,4646,Mémantine chlorhydrate
10444,4646,mémantine chlorhydrate
10445,4647,melphalan chlorhydrate
10446,4648,Mémantine chlorhydrate
10447,4648,mémantine chlorhydrate
10448,4649,Mémantine chlorhydrate
10449,4649,mémantine chlorhydrate
10450,4650,Mémantine chlorhydrate
10451,4650,mémantine chlorhydrate
10452,4651,Mémantine chlorhydrate
10453,4651,mémantine chlorhydrate
10454,4652,melphalan chlorhydrate
10455,4653,Méloxicam
10456,4653,méloxicam
10457,4654,Méloxicam
10458,4654,méloxicam
10459,4655,Méloxicam
10460,4655,méloxicam
10461,4656,Méloxicam
10462,4656,méloxicam
10463,4657,Éthinylestradiol
10464,4657,Gestodène
10465,4657,gestodène
10466,4657,éthinylestradiol
10467,4658,Méloxicam
10468,4658,méloxicam
10469,4659,Gestodène
10470,4659,Éthinylestradiol
10471,4659,gestodène
10472,4659,éthinylestradiol
10473,4660,Lactulose (fructose + galactose)
10474,4660,Vaseline
10475,4660,Paraffine liquide
10476,4660,lactulose
10477,4660,vaseline
10478,4660,paraffine liquide
10479,4661,Mélatonine
10480,4661,mélatonine
10481,4662,Mélatonine
10482,4662,mélatonine
10483,4663,Lactulose (fructose + galactose)
10484,4663,Paraffine liquide
10485,4663,Vaseline
10486,4663,lactulose
10487,4663,paraffine liquide
10488,4663,vaseline
10489,4664,Mélatonine
10490,4664,mélatonine
10491,4665,Méthoxsalène
10492,4665,méthoxsalène
10493,4666,Mégestrol
10494,4666,mégestrol acétate
10495,4667,Magnésium aspartate
10496,4667,magnésium aspartate dihydrate
10497,4668,Méthylprednisolone
10498,4668,méthylprednisolone
10499,4669,tramétinib diméthylsulfoxyde
10500,4670,binimétinib
10501,4671,glucose monohydrate
10502,4671,triglycérides à chaîne moyenne
10503,4671,sodium hydroxyde
10504,4671,phosphate monosodique monohydrate
10505,4671,sodium chlorure
10506,4671,zinc acétate dihydrate
10507,4671,soja huile raffinée
10508,4671,magnésium acétate tétrahydrate
10509,4671,triglycérides d'acides oméga 3
10510,4671,calcium chlorure dihydrate
10511,4671,acides aminés
10512,4671,sodium acétate trihydrate
10513,4671,potassium acétate
10514,4671,azote
10515,4671,phosphate monosodique dihydrate
10516,4672,glucose monohydrate
10517,4672,phosphate monosodique dihydrate
10518,4672,zinc acétate dihydrate
10519,4672,soja huile
10520,4672,triglycérides à chaîne moyenne
10521,4672,acides aminés
10522,4672,sodium hydroxyde
10523,4672,sodium acétate
10524,4672,potassium acétate
10525,4672,sodium chlorure
10526,4672,magnésium acétate tétrahydrate
10527,4672,calcium chlorure
10528,4672,azote
10529,4673,glucose monohydrate
10530,4673,triglycérides à chaîne moyenne
10531,4673,phosphate monosodique dihydrate
10532,4673,sodium chlorure
10533,4673,zinc acétate dihydrate
10534,4673,soja huile raffinée
10535,4673,magnésium acétate tétrahydrate
10536,4673,acides aminés
10537,4673,calcium chlorure dihydrate
10538,4673,sodium hydroxyde
10539,4673,sodium acétate trihydrate
10540,4673,potassium acétate
10541,4673,azote
10542,4674,Diosmine
10543,4674,diosmine
10544,4675,Méthylphénidate chlorhydrate
10545,4675,méthylphénidate chlorhydrate
10546,4676,"Séné, foliole"
10547,4676,séné foliole
10548,4677,Fucus
10549,4677,Frêne
10550,4677,Maté
10551,4677,Piloselle
10552,4677,fucus
10553,4677,frêne feuille
10554,4677,maté
10555,4677,piloselle
10556,4678,Carbocistéine
10557,4678,carbocistéine
10558,4679,soja huile raffinée
10559,4679,triglycérides à chaîne moyenne
10560,4680,Urapidil
10561,4680,urapidil
10562,4681,Tamsulosine chlorhydrate
10563,4681,tamsulosine chlorhydrate
10564,4684,Mébévérine chlorhydrate
10565,4684,mébévérine chlorhydrate
10566,4685,Mébévérine chlorhydrate
10567,4685,mébévérine chlorhydrate
10568,4686,Dexaméthasone
10569,4686,dexaméthasone
10570,4687,Dexaméthasone
10571,4687,Néomycine sulfate
10572,4687,Polymyxine B sulfate
10573,4687,dexaméthasone
10574,4687,néomycine sulfate
10575,4687,polymyxine B sulfate
10576,4688,Rizatriptan
10577,4688,rizatriptan benzoate
10578,4689,Alpha-amylase (en U CEIP)
10579,4689,alpha-amylase
10580,4690,Rizatriptan
10581,4690,rizatriptan benzoate
10582,4691,Cladribine
10583,4691,cladribine
10584,4692,Glécaprévir
10585,4692,Pibrentasvir
10586,4692,glécaprévir
10587,4692,pibrentasvir
10588,4693,Névibolol
10589,4693,Hydrochlorothiazide
10590,4693,nébivolol chlorhydrate
10591,4693,hydrochlorothiazide
10592,4694,Fentanyl
10593,4694,fentanyl
10594,4698,dronabinol
10595,4699,Iproniazide
10596,4699,iproniazide phosphate
10597,4700,nifédipine
10598,4701,Aluminium hydroxyde
10599,4701,Magnésium hydroxyde
10600,4701,Calcium carbonate
10601,4701,oxyde d'aluminium hydraté
10602,4701,magnésium hydroxyde
10603,4701,calcium carbonate
10604,4702,Amantadine chlorhydrate
10605,4702,amantadine chlorhydrate
10606,4703,mannitol
10607,4704,maraviroc
10608,4705,Manidipine
10609,4705,manidipine chlorhydrate
10610,4706,Manidipine
10611,4706,manidipine chlorhydrate
10612,4707,Manidipine
10613,4707,manidipine chlorhydrate
10614,4708,mannitol
10615,4709,mannitol
10616,4710,Manidipine
10617,4710,manidipine chlorhydrate
10618,4711,Manidipine
10619,4711,manidipine chlorhydrate
10620,4712,Manidipine
10621,4712,manidipine chlorhydrate
10622,4713,Manidipine
10623,4713,manidipine chlorhydrate
10624,4714,Manidipine
10625,4714,manidipine chlorhydrate
10626,4715,Pyriméthamine
10627,4715,pyriméthamine
10628,4716,artésunate
10629,4717,glucose monohydrate
10630,4717,sodium chlorure
10631,4717,sodium acétate trihydrate
10632,4717,potassium chlorure
10633,4717,magnésium chlorure hexahydrate
10634,4719,Atovaquone
10635,4719,Proguanil chlorhydrate
10636,4719,atovaquone
10637,4719,proguanil chlorhydrate
10638,4720,Citrate de magnésium exprimé en magnésium
10639,4720,Pyridoxine chlorhydrate (vitamine B6)
10640,4720,magnésium citrate
10641,4720,pyridoxine chlorhydrate
10642,4721,Lactate de magnésium
10643,4721,magnésium lactate dihydrate
10644,4722,Lactate de magnésium
10645,4722,Pyridoxine chlorhydrate (vitamine B6)
10646,4722,magnésium lactate dihydrate
10647,4722,pyridoxine chlorhydrate
10648,4723,Lactate de magnésium
10649,4723,Pyridoxine chlorhydrate (vitamine B6)
10650,4723,magnésium lactate dihydrate
10651,4723,pyridoxine chlorhydrate
10652,4724,Magnésium
10653,4724,Glycine (glycocolle)
10654,4724,magnésium lactate dihydrate
10655,4724,glycine
10656,4725,magnésium chlorure hexahydrate
10657,4726,Oxyde de magnésium léger
10658,4726,oxyde de magnésium léger
10659,4727,Lactate de magnésium
10660,4727,Pyridoxine chlorhydrate (vitamine B6)
10661,4727,magnésium lactate dihydrate
10662,4727,pyridoxine chlorhydrate
10663,4728,Magnésium pidolate
10664,4728,magnésium pidolate
10665,4729,Magnésium hydroxyde
10666,4729,magnésium hydroxyde
10667,4730,Macrogol 4000
10668,4730,macrogol 4000
10669,4731,"Hydrocotyle (centella asiatica), extrait sec"
10670,4731,hydrocotyle extrait sec reconstitué
10671,4732,Magnésium carbonate
10672,4732,Magnésium pidolate
10673,4732,magnésium pidolate
10674,4732,magnésium carbonate
10675,4733,Macrogol 4000
10676,4733,macrogol 4000
10677,4734,Macrogol 4000
10678,4734,macrogol 4000
10679,4735,Macrogol 4000
10680,4735,macrogol 4000
10681,4736,Macrogol 4000
10682,4736,macrogol 4000
10683,4737,Macrogol 4000
10684,4737,macrogol 4000
10685,4738,Macrogol 4000
10686,4738,macrogol 4000
10687,4739,Macrogol 3350
10688,4739,Chlorure de potassium
10689,4739,Chlorure de sodium
10690,4739,Bicarbonate de sodium
10691,4739,macrogol 3350
10692,4739,bicarbonate de sodium
10693,4739,potassium chlorure
10694,4739,sodium chlorure
10695,4740,macrogol 3350
10696,4741,Macrogol 4000
10697,4741,macrogol 4000
10698,4742,rituximab
10699,4743,ceftobiprole médocaril sodique
10700,4744,maat013
10701,4745,Clodronate de sodium anhydre
10702,4745,acide clodronique sel disodique tétrahydrate
10703,4746,Alginate de sodium
10704,4746,Bicarbonate de sodium
10705,4746,sodium alginate
10706,4746,bicarbonate de sodium
10707,4747,Aluminium hydroxyde
10708,4747,Magnésium hydroxyde
10709,4747,aluminium hydroxyde
10710,4747,magnésium hydroxyde
10711,4748,futibatinib
10712,4749,Cétylpyridinium chlorure
10713,4749,Lysozyme chlorhydrate
10714,4749,cétylpyridinium chlorure
10715,4749,lysozyme chlorhydrate
10716,4750,mitotane
10717,4751,Lysozyme chlorhydrate
10718,4751,Pyridoxine chlorhydrate (vitamine B6)
10719,4751,pyridoxine chlorhydrate
10720,4751,lysozyme chlorhydrate
10721,4752,Ambroxol chlorhydrate
10722,4752,ambroxol chlorhydrate
10723,4753,Cétylpyridinium chlorure
10724,4753,Lysozyme chlorhydrate
10725,4753,cétylpyridinium chlorure
10726,4753,lysozyme chlorhydrate
10727,4754,arginine chlorhydrate
10728,4754,lysine chlorhydrate
10729,4755,tilmanocept
10730,4756,Olaparib
10731,4756,olaparib
10732,4757,Prazépam
10733,4757,prazépam
10734,4758,Prégabaline
10735,4758,prégabaline
10736,4759,géfapixant citrate
10737,4760,baclofène
10738,4762,Lymécycline
10739,4762,lymécycline
10740,4763,Calcifédiol (vitamine D3 hydroxylée)
10741,4763,calcifédiol monohydrate
10742,4764,gonadoréline acétate
10743,4765,Lutropine alfa ou hormone lutéinisante (LH) humaine recombinante
10744,4765,lutropine alfa
10745,4766,voretigène néparvovec
10746,4767,Chlormadinone acétate
10747,4767,chlormadinone acétate
10748,4768,lutécium-177 oxodotréotide
10749,4771,lutécium-177 vipivotide tétraxétan
10750,4772,Nomégestrol acétate
10751,4772,nomégestrol acétate
10752,4773,sotorasib
10753,4774,Brimonidine tartrate
10754,4774,brimonidine tartrate
10755,4775,monoxyde de carbone
10756,4775,méthane
10757,4775,acétylène
10758,4776,Bimatoprost
10759,4776,bimatoprost
10760,4777,Méthocarbamol
10761,4777,méthocarbamol
10762,4779,Éthinylestradiol
10763,4779,Lévonorgestrel
10764,4779,lévonorgestrel
10765,4779,éthinylestradiol
10766,4780,Salicylate de glycol
10767,4780,Camphre
10768,4780,Lévomenthol
10769,4780,Nicotinate de benzyle
10770,4780,glycol salicylate
10771,4780,camphre racémique
10772,4780,nicotinate de benzyle
10773,4780,lévomenthol
10774,4781,Maprotiline chlorhydrate
10775,4781,maprotiline chlorhydrate
10776,4783,Ranibizumab
10777,4783,ranibizumab
10778,4785,Nicardipine chlorhydrate
10779,4785,nicardipine chlorhydrate
10780,4786,Lévothyroxine sodique (L-T4)
10781,4786,lévothyroxine sodique
10782,4787,Lévothyroxine sodique (L-T4)
10783,4787,lévothyroxine sodique
10784,4788,Énoxaparine sodique
10785,4788,énoxaparine sodique
10786,4789,Loxapine
10787,4789,loxapine
10788,4789,loxapine succinate
10789,4790,loxapine succinate
10790,4791,Losartan potassique
10791,4791,Hydrochlorothiazide
10792,4791,losartan potassique
10793,4791,hydrochlorothiazide
10794,4792,Éthinylestradiol
10795,4792,Lévonorgestrel
10796,4792,éthinylestradiol
10797,4792,lévonorgestrel
10798,4793,Losartan potassique
10799,4793,Hydrochlorothiazide
10800,4793,losartan potassique
10801,4793,hydrochlorothiazide
10802,4794,Losartan potassique
10803,4794,Hydrochlorothiazide
10804,4794,losartan potassique
10805,4794,hydrochlorothiazide
10806,4795,Losartan potassique
10807,4795,Hydrochlorothiazide
10808,4795,losartan potassique
10809,4795,hydrochlorothiazide
10810,4796,Losartan potassique
10811,4796,Hydrochlorothiazide
10812,4796,losartan potassique
10813,4796,hydrochlorothiazide
10814,4797,losartan potassique
10815,4797,hydrochlorothiazide
10816,4798,Losartan potassique
10817,4798,Hydrochlorothiazide
10818,4798,losartan potassique
10819,4798,hydrochlorothiazide
10820,4799,Losartan potassique
10821,4799,Hydrochlorothiazide
10822,4799,losartan potassique
10823,4799,hydrochlorothiazide
10824,4800,Losartan potassique
10825,4800,Hydrochlorothiazide
10826,4800,losartan potassique
10827,4800,hydrochlorothiazide
10828,4801,losartan potassique
10829,4801,hydrochlorothiazide
10830,4802,Losartan potassique
10831,4802,Hydrochlorothiazide
10832,4802,losartan potassique
10833,4802,hydrochlorothiazide
10834,4803,Losartan potassique
10835,4803,Hydrochlorothiazide
10836,4803,losartan potassique
10837,4803,hydrochlorothiazide
10838,4804,Losartan potassique
10839,4804,Hydrochlorothiazide
10840,4804,losartan potassique
10841,4804,hydrochlorothiazide
10842,4805,Losartan potassique
10843,4805,losartan potassique
10844,4806,Losartan potassique
10845,4806,losartan potassique
10846,4807,Losartan potassique
10847,4807,losartan potassique
10848,4808,Losartan potassique
10849,4808,losartan potassique
10850,4809,Losartan potassique
10851,4809,losartan potassique
10852,4810,Losartan potassique
10853,4810,losartan potassique
10854,4811,Losartan potassique
10855,4811,losartan potassique
10856,4812,Losartan potassique
10857,4812,losartan potassique
10858,4813,losartan potassique
10859,4813,hydrochlorothiazide
10860,4814,Losartan potassique
10861,4814,losartan potassique
10862,4815,Losartan potassique
10863,4815,losartan potassique
10864,4816,Losartan potassique
10865,4816,losartan potassique
10866,4817,Losartan potassique
10867,4817,losartan potassique
10868,4818,Losartan potassique
10869,4818,losartan potassique
10870,4819,lorlatinib
10871,4820,Losartan potassique
10872,4820,losartan potassique
10873,4821,Losartan potassique
10874,4821,losartan potassique
10875,4822,lorazépam
10876,4823,lorazépam
10877,4824,Loratadine
10878,4824,loratadine
10879,4825,Lorazépam
10880,4825,lorazépam
10881,4826,Lormétazépam
10882,4826,lormétazépam
10883,4827,Loratadine
10884,4827,loratadine
10885,4828,Loratadine
10886,4828,loratadine
10887,4829,Loratadine
10888,4829,loratadine
10889,4830,Loratadine
10890,4830,loratadine
10891,4831,Loratadine
10892,4831,loratadine
10893,4832,Loratadine
10894,4832,loratadine
10895,4833,Loratadine
10896,4833,loratadine
10897,4834,Loratadine
10898,4834,loratadine
10899,4835,Loratadine
10900,4835,loratadine
10901,4836,Loratadine
10902,4836,loratadine
10903,4837,Loratadine
10904,4837,loratadine
10905,4838,Loratadine
10906,4838,loratadine
10907,4839,Loratadine
10908,4839,loratadine
10909,4840,Loratadine
10910,4840,loratadine
10911,4841,Loratadine
10912,4841,loratadine
10913,4842,Miconazole
10914,4842,miconazole
10915,4843,Métoprolol tartrate
10916,4843,métoprolol tartrate
10917,4844,Lopinavir
10918,4844,Ritonavir
10919,4844,lopinavir
10920,4844,ritonavir
10921,4845,Lopéramide chlorhydrate
10922,4845,lopéramide chlorhydrate
10923,4846,Lopéramide chlorhydrate
10924,4846,lopéramide chlorhydrate
10925,4847,Lopéramide chlorhydrate
10926,4847,lopéramide chlorhydrate
10927,4848,Lopéramide chlorhydrate
10928,4848,lopéramide chlorhydrate
10929,4849,Lopéramide chlorhydrate
10930,4849,lopéramide chlorhydrate
10931,4850,Lopéramide chlorhydrate
10932,4850,lopéramide chlorhydrate
10933,4851,Lopéramide chlorhydrate
10934,4851,lopéramide chlorhydrate
10935,4852,Lopéramide chlorhydrate
10936,4852,lopéramide chlorhydrate
10937,4853,Lopéramide chlorhydrate
10938,4853,lopéramide chlorhydrate
10939,4854,Lopéramide chlorhydrate
10940,4854,lopéramide chlorhydrate
10941,4855,lopéramide chlorhydrate
10942,4856,Lopéramide chlorhydrate
10943,4856,lopéramide chlorhydrate
10944,4857,Lopéramide chlorhydrate
10945,4857,lopéramide chlorhydrate
10946,4858,Lopéramide chlorhydrate
10947,4858,lopéramide chlorhydrate
10948,4859,Lopéramide chlorhydrate
10949,4859,lopéramide chlorhydrate
10950,4860,Lopéramide chlorhydrate
10951,4860,lopéramide chlorhydrate
10952,4861,Lopéramide chlorhydrate
10953,4861,lopéramide chlorhydrate
10954,4862,Lopéramide chlorhydrate
10955,4862,lopéramide chlorhydrate
10956,4863,Lopéramide chlorhydrate
10957,4863,lopéramide chlorhydrate
10958,4864,Lopéramide chlorhydrate
10959,4864,lopéramide chlorhydrate
10960,4865,Lopéramide chlorhydrate
10961,4865,lopéramide chlorhydrate
10962,4866,Lopéramide chlorhydrate
10963,4866,lopéramide chlorhydrate
10964,4867,Lopéramide chlorhydrate
10965,4867,lopéramide chlorhydrate
10966,4868,Turnera diffusa 4 DH
10967,4868,damiana [H]
10968,4869,lipegfilgrastim
10969,4871,Minoxidil
10970,4871,minoxidil
10971,4872,trifluridine
10972,4872,tipiracil chlorhydrate
10973,4873,lomustine
10974,4874,lomustine
10975,4875,Éthinylestradiol
10976,4875,Lévonorgestrel
10977,4875,lévonorgestrel
10978,4875,éthinylestradiol
10979,4876,Éthinylestradiol
10980,4876,Lévonorgestrel
10981,4876,lévonorgestrel
10982,4876,éthinylestradiol
10983,4877,Fenticonazole nitrate
10984,4877,fenticonazole nitrate
10985,4878,cyclosilicate de zirconium sodique
10986,4879,Furosémide
10987,4879,Amiloride chlorhydrate
10988,4879,furosémide
10989,4879,amiloride chlorhydrate
10990,4880,Lomitapide
10991,4880,lomitapide mésilate
10992,4881,Félodipine
10993,4881,Métoprolol succinate
10994,4881,félodipine
10995,4881,métoprolol succinate
10996,4882,Loméfloxacine
10997,4882,loméfloxacine chlorhydrate
10998,4883,Étodolac
10999,4883,étodolac
11000,4884,Bisoprolol umarate
11001,4884,Hydrochlorothiazide
11002,4884,bisoprolol fumarate
11003,4884,hydrochlorothiazide
11004,4885,acide clodronique sel disodique tétrahydrate
11005,4886,Amorolfine
11006,4886,amorolfine chlorhydrate
11007,4887,Amorolfine
11008,4887,amorolfine chlorhydrate
11009,4888,Désonide
11010,4888,désonide
11011,4889,Hydrocortisone 17-butyrate
11012,4889,hydrocortisone 17-butyrate micronisée
11013,4889,hydrocortisone 17-butyrate
11014,4890,Désonide
11015,4890,désonide
11016,4891,pegzilarginase
11017,4892,gozétotide
11018,4893,Méthionine
11019,4893,Cystéine chlorhydrate
11020,4893,DL-méthionine
11021,4893,cystéine chlorhydrate
11022,4895,maribavir
11023,4896,maralixibat chlorure
11024,4897,Tériparatide
11025,4897,tériparatide
11026,4898,Gluconate de lithium
11027,4898,lithium gluconate
11028,4899,Tibolone
11029,4899,tibolone
11030,4900,ritlécitinib tosilate
11031,4901,cladribine
11032,4902,Lisinopril anhydre
11033,4902,Hydrochlorothiazide
11034,4902,lisinopril dihydrate
11035,4902,hydrochlorothiazide
11036,4903,Lisinopril anhydre
11037,4903,Hydrochlorothiazide
11038,4903,lisinopril dihydrate
11039,4903,hydrochlorothiazide
11040,4904,Lisinopril
11041,4904,Hydrochlorothiazide
11042,4904,lisinopril dihydrate
11043,4904,hydrochlorothiazide
11044,4905,Lisinopril
11045,4905,Hydrochlorothiazide
11046,4905,lisinopril dihydrate
11047,4905,hydrochlorothiazide
11048,4906,Lisinopril
11049,4906,Hydrochlorothiazide
11050,4906,lisinopril dihydrate
11051,4906,hydrochlorothiazide
11052,4907,Lisinopril anhydre
11053,4907,Hydrochlorothiazide
11054,4907,lisinopril dihydrate
11055,4907,hydrochlorothiazide
11056,4908,Lisinopril
11057,4908,lisinopril dihydrate
11058,4909,Lisinopril
11059,4909,lisinopril dihydrate
11060,4910,Lisinopril
11061,4910,lisinopril dihydrate
11062,4911,Lisinopril anhydre
11063,4911,Hydrochlorothiazide
11064,4911,lisinopril dihydrate
11065,4911,hydrochlorothiazide
11066,4913,Lisinopril
11067,4913,lisinopril dihydrate
11068,4914,Lisinopril
11069,4914,lisinopril dihydrate
11070,4915,Lisinopril
11071,4915,lisinopril dihydrate
11072,4917,liraglutide
11073,4918,Gemfibrozil
11074,4918,gemfibrozil
11075,4919,Carbomère 980
11076,4919,carbomère
11077,4920,Pitavastatine
11078,4920,pitavastatine calcique
11079,4921,Ézétimibe
11080,4921,Atorvastatine
11081,4921,ézétimibe
11082,4921,atorvastatine calcique trihydrate
11083,4922,oeillette huile : esters éthyliques d'acides gras iodés
11084,4923,triglycérides à chaîne moyenne
11085,4923,soja huile raffinée
11086,4923,triglycérides d'acides oméga 3
11087,4924,Fénofibrate
11088,4924,fénofibrate
11089,4925,Atorvastatine
11090,4925,Périndopril
11091,4925,atorvastatine calcique trihydrate
11092,4925,périndopril arginine
11093,4926,Rosuvastatine
11094,4926,Ézétimibe
11095,4926,rosuvastatine zinc
11096,4926,ézétimibe
11097,4927,linézolide
11098,4928,linézolide
11099,4929,Ciprofibrate
11100,4929,ciprofibrate
11101,4930,linézolide
11102,4931,Baclofène
11103,4931,baclofène
11104,4932,linézolide
11105,4933,linézolide
11106,4934,linézolide
11107,4935,linézolide
11108,4936,Paracétamol
11109,4936,Codéine phosphate
11110,4936,paracétamol
11111,4936,codéine phosphate hémihydrate
11112,4937,clobazam
11113,4938,articaïne chlorhydrate
11114,4938,adrénaline tartrate
11115,4939,Latanoprost
11116,4939,latanoprost
11117,4940,"Lierre grimpant, extrait sec de feuille"
11118,4940,lierre grimpant feuille extrait sec
11119,4941,"Lierre grimpant, extrait sec de feuille"
11120,4941,lierre grimpant feuille extrait sec
11121,4942,"Lierre grimpant, extrait sec de feuille"
11122,4942,lierre grimpant feuille extrait sec
11123,4943,"Lierre grimpant, extrait sec de feuille"
11124,4943,lierre grimpant feuille extrait sec
11125,4944,"Lierre grimpant, extrait sec de feuille"
11126,4944,lierre grimpant feuille extrait sec
11127,4945,"Lierre grimpant, extrait sec de feuille"
11128,4945,lierre grimpant feuille extrait sec
11129,4946,Lidocaïne
11130,4946,Prilocaïne
11131,4946,lidocaïne
11132,4946,prilocaïne
11133,4947,Lidocaïne
11134,4947,Prilocaïne
11135,4947,lidocaïne
11136,4947,prilocaïne
11137,4948,Lidocaïne
11138,4948,Prilocaïne
11139,4948,lidocaïne
11140,4948,prilocaïne
11141,4949,lidocaïne chlorhydrate monohydrate
11142,4950,lidocaïne
11143,4950,prilocaïne
11144,4951,lidocaïne chlorhydrate monohydrate
11145,4952,lidocaïne chlorhydrate
11146,4953,lidocaïne chlorhydrate monohydrate
11147,4953,adrénaline tartrate
11148,4954,lidocaïne chlorhydrate
11149,4955,lidocaïne chlorhydrate monohydrate
11150,4955,lidocaïne chlorhydrate
11151,4956,cémiplimab
11152,4957,Doxylamine succinate
11153,4957,doxylamine succinate
11154,4958,lidocaïne
11155,4959,Clidinium bromure
11156,4959,Chlordiazépoxide
11157,4959,clidinium bromure
11158,4959,chlordiazépoxide
11159,4960,Adalimumab
11160,4960,adalimumab
11161,4961,atidarsagène autotemcel
11162,4962,Lévonorgestrel
11163,4962,lévonorgestrel
11164,4963,cannabidiol
11165,4963,dronabinol
11166,4964,Bromazépam
11167,4964,bromazépam
11168,4965,Oxitriptan
11169,4965,oxitriptan
11170,4966,lévosimendan
11171,4967,Lévonorgestrel
11172,4967,lévonorgestrel
11173,4968,lévosimendan
11174,4969,Lévothyroxine sodique (L-T4)
11175,4969,lévothyroxine sodique
11176,4970,lévosimendan
11177,4971,lévosimendan
11178,4972,lévosimendan
11179,4973,lévosimendan
11180,4974,Lévocabastine
11181,4974,lévocabastine chlorhydrate
11182,4975,Éthinylestradiol
11183,4975,Lévonorgestrel
11184,4975,lévonorgestrel
11185,4975,éthinylestradiol
11186,4976,Éthinylestradiol
11187,4976,Lévonorgestrel
11188,4976,lévonorgestrel
11189,4976,éthinylestradiol
11190,4977,Éthinylestradiol
11191,4977,Lévonorgestrel
11192,4977,lévonorgestrel
11193,4977,éthinylestradiol
11194,4978,Éthinylestradiol
11195,4978,Lévonorgestrel
11196,4978,lévonorgestrel
11197,4978,éthinylestradiol
11198,4979,Éthinylestradiol
11199,4979,Lévonorgestrel
11200,4979,lévonorgestrel
11201,4979,éthinylestradiol
11202,4980,Lévonorgestrel
11203,4980,lévonorgestrel
11204,4981,Lévonorgestrel
11205,4981,lévonorgestrel
11206,4982,Lévonorgestrel
11207,4982,lévonorgestrel
11208,4983,Éthinylestradiol
11209,4983,Lévonorgestrel
11210,4983,lévonorgestrel
11211,4983,éthinylestradiol
11212,4984,Lévonorgestrel
11213,4984,lévonorgestrel
11214,4985,Lévonorgestrel
11215,4985,lévonorgestrel
11216,4986,lévofolinate disodique
11217,4987,Lévocabastine
11218,4987,lévocabastine chlorhydrate
11219,4988,lévofolinate de calcium pentahydrate
11220,4989,Lévofloxacine
11221,4989,lévofloxacine hémihydrate
11222,4990,Lévofloxacine
11223,4990,lévofloxacine hémihydrate
11224,4991,Lévofloxacine
11225,4991,lévofloxacine hémihydrate
11226,4992,Lévofloxacine
11227,4992,lévofloxacine hémihydrate
11228,4993,Lévofloxacine
11229,4993,lévofloxacine hémihydrate
11230,4994,lévofloxacine hémihydrate
11231,4995,Lévofloxacine
11232,4995,lévofloxacine hémihydrate
11233,4996,Lévofloxacine
11234,4996,lévofloxacine hémihydrate
11235,4997,Lévofloxacine
11236,4997,lévofloxacine hémihydrate
11237,4998,Lévofloxacine
11238,4998,lévofloxacine hémihydrate
11239,4999,Lévofloxacine
11240,4999,lévofloxacine hémihydrate
11241,5000,Lévofloxacine
11242,5000,lévofloxacine hémihydrate
11243,5001,Lévofloxacine
11244,5001,lévofloxacine hémihydrate
11245,5002,lévofloxacine hémihydrate
11246,5003,Lévofloxacine
11247,5003,lévofloxacine hémihydrate
11248,5006,Lévofloxacine
11249,5006,lévofloxacine hémihydrate
11250,5007,Lévodopa
11251,5007,Carbidopa
11252,5007,Entacapone
11253,5007,lévodopa
11254,5007,carbidopa monohydrate
11255,5007,entacapone
11256,5008,Lévodopa
11257,5008,Carbidopa
11258,5008,lévodopa
11259,5008,carbidopa monohydrate
11260,5009,Lévodopa
11261,5009,Carbidopa
11262,5009,Entacapone
11263,5009,lévodopa
11264,5009,carbidopa
11265,5009,entacapone
11266,5010,Lévodopa
11267,5010,Carbidopa
11268,5010,Entacapone
11269,5010,lévodopa
11270,5010,carbidopa
11271,5010,entacapone
11272,5011,Lévodopa
11273,5011,Carbidopa
11274,5011,Entacapone
11275,5011,lévodopa
11276,5011,carbidopa
11277,5011,entacapone
11278,5012,Lévodopa
11279,5012,Carbidopa
11280,5012,Entacapone
11281,5012,lévodopa
11282,5012,carbidopa
11283,5012,entacapone
11284,5013,Lévocétirizine dichlorhydrate
11285,5013,lévocétirizine dichlorhydrate
11286,5014,Lévocétirizine dichlorhydrate
11287,5014,lévocétirizine dichlorhydrate
11288,5015,Lévocétirizine dichlorhydrate
11289,5015,lévocétirizine dichlorhydrate
11290,5016,Lévocétirizine dichlorhydrate
11291,5016,lévocétirizine dichlorhydrate
11292,5017,Lévodopa
11293,5017,Bensérazide
11294,5017,lévodopa
11295,5017,bensérazide chlorhydrate
11296,5018,Lévocétirizine dichlorhydrate
11297,5018,lévocétirizine dichlorhydrate
11298,5019,Lévocétirizine dichlorhydrate
11299,5019,lévocétirizine dichlorhydrate
11300,5020,Lévocétirizine dichlorhydrate
11301,5020,lévocétirizine dichlorhydrate
11302,5021,Lévocétirizine dichlorhydrate
11303,5021,lévocétirizine dichlorhydrate
11304,5022,Lévocétirizine dichlorhydrate
11305,5022,lévocétirizine dichlorhydrate
11306,5023,Lévocétirizine dichlorhydrate
11307,5023,lévocétirizine dichlorhydrate
11308,5024,Lévocétirizine dichlorhydrate
11309,5024,lévocétirizine dichlorhydrate
11310,5025,lévocarnitine
11311,5026,Amoxicilline
11312,5026,Acide clavulanique
11313,5026,amoxicilline sodique
11314,5026,acide clavulanique sel de K
11315,5027,lévobupivacaïne chlorhydrate
11316,5028,lévobupivacaïne chlorhydrate
11317,5029,Vardénafil
11318,5029,vardénafil chlorhydrate
11319,5030,Lévétiracétam
11320,5030,lévétiracétam
11321,5031,Lévétiracétam
11322,5031,lévétiracétam
11323,5032,Lévétiracétam
11324,5032,lévétiracétam
11325,5033,Lévétiracétam
11326,5033,lévétiracétam
11327,5034,lévétiracétam
11328,5035,lévétiracétam
11329,5036,lévétiracétam
11330,5037,lévétiracétam
11331,5038,Lévétiracétam
11332,5038,lévétiracétam
11333,5039,Lévétiracétam
11334,5039,lévétiracétam
11335,5040,lévétiracétam
11336,5041,lévétiracétam
11337,5042,lévétiracétam
11338,5043,Lévétiracétam
11339,5043,lévétiracétam
11340,5044,Lévétiracétam
11341,5044,lévétiracétam
11342,5045,Lévétiracétam
11343,5045,lévétiracétam
11344,5046,Lévétiracétam
11345,5046,lévétiracétam
11346,5047,Lévétiracétam
11347,5047,lévétiracétam
11348,5048,Lévétiracétam
11349,5048,lévétiracétam
11350,5049,lévétiracétam
11351,5050,Insuline détémir
11352,5050,insuline détémir
11353,5051,Lévétiracétam
11354,5051,lévétiracétam
11355,5052,Lévétiracétam
11356,5052,lévétiracétam
11357,5053,Lévétiracétam
11358,5053,lévétiracétam
11359,5054,cladribine
11360,5055,inolimomab
11361,5056,Méquinol
11362,5056,méquinol
11363,5057,toxine botulinique type A
11364,5058,Létrozole
11365,5058,létrozole
11366,5059,sargramostim
11367,5060,Létrozole
11368,5060,létrozole
11369,5061,Létrozole
11370,5061,létrozole
11371,5062,Létrozole
11372,5062,létrozole
11373,5063,Létrozole
11374,5063,létrozole
11375,5064,Létrozole
11376,5064,létrozole
11377,5065,Létrozole
11378,5065,létrozole
11379,5066,Létrozole
11380,5066,létrozole
11381,5067,Létrozole
11382,5067,létrozole
11383,5068,Létrozole
11384,5068,létrozole
11385,5069,Létrozole
11386,5069,létrozole
11387,5070,Létrozole
11388,5070,létrozole
11389,5071,Létrozole
11390,5071,létrozole
11391,5072,Létrozole
11392,5072,létrozole
11393,5073,Létrozole
11394,5073,létrozole
11395,5074,Létrozole
11396,5074,létrozole
11397,5076,Fluvastatine
11398,5076,fluvastatine sodique
11399,5077,allium cepa [H]
11400,5077,Euphrasia officinalis [H]
11401,5077,histaminum [H]
11402,5077,sabadilla [H]
11403,5077,arsenicum iodatum [H]
11404,5077,arundo donax [H]
11405,5078,Énalapril maléate
11406,5078,Lercanidipine chlorhydrate
11407,5078,énalapril maléate
11408,5078,lercanidipine chlorhydrate
11409,5079,Lercanidipine chlorhydrate
11410,5079,lercanidipine chlorhydrate
11411,5080,Lercanidipine chlorhydrate
11412,5080,lercanidipine chlorhydrate
11413,5081,Lercanidipine chlorhydrate
11414,5081,lercanidipine chlorhydrate
11415,5082,Lercanidipine chlorhydrate
11416,5082,lercanidipine chlorhydrate
11417,5083,Lercanidipine chlorhydrate
11418,5083,lercanidipine chlorhydrate
11419,5084,Lercanidipine chlorhydrate
11420,5084,lercanidipine chlorhydrate
11421,5085,Lercanidipine chlorhydrate
11422,5085,lercanidipine chlorhydrate
11423,5086,Lercanidipine chlorhydrate
11424,5086,lercanidipine chlorhydrate
11425,5087,Lercanidipine chlorhydrate
11426,5087,lercanidipine chlorhydrate
11427,5088,Lercanidipine chlorhydrate
11428,5088,lercanidipine chlorhydrate
11429,5089,Lercanidipine chlorhydrate
11430,5089,lercanidipine chlorhydrate
11431,5090,Lercanidipine chlorhydrate
11432,5090,lercanidipine chlorhydrate
11433,5091,Lercanidipine chlorhydrate
11434,5091,lercanidipine chlorhydrate
11435,5092,Lercanidipine chlorhydrate
11436,5092,lercanidipine chlorhydrate
11437,5093,Lercanidipine chlorhydrate
11438,5093,lercanidipine chlorhydrate
11439,5094,Leuproréline
11440,5094,leuproréline acétate
11441,5095,Tropatépine chlorhydrate
11442,5095,tropatépine chlorhydrate
11443,5096,Lévétiracétam
11444,5096,lévétiracétam
11445,5097,Clozapine
11446,5097,clozapine
11447,5098,lénalidomide
11448,5099,Lactobacillus casei variété rhamnosus
11449,5099,lactobacillus casei var rhamnosus
11450,5102,Lenvatinib mésilate
11451,5102,lenvatinib mésilate
11452,5103,lénalidomide
11453,5104,lénalidomide
11454,5105,lénalidomide chlorhydrate hydrate
11455,5106,lénalidomide
11456,5107,silibinine
11457,5108,Silymarine
11458,5108,chardon Marie extrait sec
11459,5109,Léflunomide
11460,5109,léflunomide
11461,5110,lénalidomide
11462,5111,lénalidomide
11463,5112,Léflunomide
11464,5112,léflunomide
11465,5113,Léflunomide
11466,5113,léflunomide
11467,5114,Léflunomide
11468,5114,léflunomide
11469,5115,Éthinylestradiol
11470,5115,Lévonorgestrel
11471,5115,lévonorgestrel
11472,5115,éthinylestradiol
11473,5116,Léflunomide
11474,5116,léflunomide
11475,5117,Éthinylestradiol
11476,5117,Lévonorgestrel
11477,5117,lévonorgestrel
11478,5117,éthinylestradiol
11479,5118,acide benzoicum [H]
11480,5118,cinchona succirubra [H]
11481,5118,colchicum autumnale [H]
11482,5118,ledum palustre [H]
11483,5118,ulmus campestris [H]
11484,5119,chlorméthine chlorhydrate
11485,5120,Bétahistine dichlorhydrate
11486,5120,bétahistine dichlorhydrate
11487,5121,Acide folinique
11488,5121,folinate de calcium
11489,5122,lévodopa
11490,5122,carbidopa
11491,5122,entacapone
11492,5123,Lactulose (fructose + galactose)
11493,5123,lactulose
11494,5124,Paraffine liquide
11495,5124,paraffine liquide
11496,5125,Uméclidinium bromure
11497,5125,Vilantérol
11498,5125,uméclidinium bromure
11499,5125,vilantérol trifénatate
11500,5126,Latanoprost
11501,5126,latanoprost
11502,5127,Latanoprost
11503,5127,Timolol
11504,5127,latanoprost
11505,5127,timolol maléate
11506,5128,Latanoprost
11507,5128,Timolol
11508,5128,latanoprost
11509,5128,timolol maléate
11510,5129,Latanoprost
11511,5129,Timolol
11512,5129,latanoprost
11513,5129,timolol maléate
11514,5130,Latanoprost
11515,5130,Timolol
11516,5130,latanoprost
11517,5130,timolol maléate
11518,5131,Latanoprost
11519,5131,latanoprost
11520,5132,Latanoprost
11521,5132,Timolol
11522,5132,latanoprost
11523,5132,timolol maléate
11524,5133,Latanoprost
11525,5133,Timolol
11526,5133,latanoprost
11527,5133,timolol maléate
11528,5134,Latanoprost
11529,5134,latanoprost
11530,5135,Latanoprost
11531,5135,latanoprost
11532,5136,Latanoprost
11533,5136,latanoprost
11534,5137,latanoprost
11535,5138,Latanoprost
11536,5138,latanoprost
11537,5139,latanoprost
11538,5140,Latanoprost
11539,5140,latanoprost
11540,5141,Acide ascorbique (vitamine C)
11541,5141,acide ascorbique
11542,5142,Amitriptyline
11543,5142,amitriptyline chlorhydrate
11544,5143,Furosémide
11545,5143,furosémide
11546,5144,furosémide
11547,5145,Chlorure de sodium
11548,5145,sodium chlorure
11549,5146,Chlorure de sodium
11550,5146,sodium chlorure
11551,5147,arginine chlorhydrate
11552,5148,Méfloquine
11553,5148,méfloquine chlorhydrate
11554,5149,Insuline glargine
11555,5149,insuline glargine
11556,5150,tioguanine
11557,5151,Lansoprazole
11558,5151,lansoprazole
11559,5152,Chlorpromazine
11560,5152,chlorpromazine chlorhydrate
11561,5153,Lansoprazole
11562,5153,lansoprazole
11563,5154,Paraffine liquide
11564,5154,paraffine liquide
11565,5155,Lansoprazole
11566,5155,lansoprazole
11567,5156,lanthane carbonate octahydrate
11568,5157,Lansoprazole
11569,5157,lansoprazole
11570,5158,Lansoprazole
11571,5158,lansoprazole
11572,5159,Lansoprazole
11573,5159,lansoprazole
11574,5160,Lansoprazole
11575,5160,lansoprazole
11576,5161,Lansoprazole
11577,5161,lansoprazole
11578,5162,Lansoprazole
11579,5162,lansoprazole
11580,5163,Lansoprazole
11581,5163,lansoprazole
11582,5164,Lansoprazole
11583,5164,lansoprazole
11584,5165,Lansoprazole
11585,5165,lansoprazole
11586,5166,Lansoprazole
11587,5166,lansoprazole
11588,5167,Lansoprazole
11589,5167,lansoprazole
11590,5168,Lansoprazole
11591,5168,lansoprazole
11592,5169,velmanase alfa
11593,5170,Lansoprazole
11594,5170,lansoprazole
11595,5172,clofazimine
11596,5173,Lamotrigine
11597,5173,lamotrigine
11598,5174,Lamotrigine
11599,5174,lamotrigine
11600,5175,Lamotrigine
11601,5175,lamotrigine
11602,5176,Lamotrigine
11603,5176,lamotrigine
11604,5177,lamotrigine
11605,5178,Lamivudine
11606,5178,Zidovudine
11607,5178,lamivudine
11608,5178,zidovudine
11609,5179,Lamivudine
11610,5179,Zidovudine
11611,5179,lamivudine
11612,5179,zidovudine
11613,5180,Lamivudine
11614,5180,Zidovudine
11615,5180,lamivudine
11616,5180,zidovudine
11617,5181,Lamotrigine
11618,5181,lamotrigine
11619,5182,Lamotrigine
11620,5182,lamotrigine
11621,5183,Terbinafine
11622,5183,terbinafine
11623,5184,Lamivudine
11624,5184,lamivudine
11625,5185,Lamivudine
11626,5185,lamivudine
11627,5186,Lamivudine
11628,5186,lamivudine
11629,5187,Lamivudine
11630,5187,lamivudine
11631,5188,Trolamine
11632,5188,trolamine
11633,5189,Lamotrigine
11634,5189,lamotrigine
11635,5190,Terbinafine
11636,5190,terbinafine chlorhydrate
11637,5191,Terbinafine chlorhydrate
11638,5191,terbinafine chlorhydrate
11639,5192,benznidazole
11640,5193,Lactulose (fructose + galactose)
11641,5193,lactulose
11642,5194,Paracétamol
11643,5194,"Opium, poudre"
11644,5194,"Opium, extrait"
11645,5194,Caféine
11646,5194,paracétamol
11647,5194,opium extrait sec
11648,5194,caféine
11649,5194,opium poudre
11650,5195,Lactulose (fructose + galactose)
11651,5195,lactulose
11652,5196,Lactulose (fructose + galactose)
11653,5196,lactulose
11654,5197,Lactulose (fructose + galactose)
11655,5197,lactulose
11656,5198,Lactulose (fructose + galactose)
11657,5198,lactulose
11658,5199,Lactulose (fructose + galactose)
11659,5199,lactulose
11660,5200,Lactulose (fructose + galactose)
11661,5200,lactulose
11662,5201,Lactulose (fructose + galactose)
11663,5201,lactulose
11664,5202,dexaméthasone
11665,5202,oxytétracycline
11666,5203,Carbomère 940
11667,5203,carbomère 980
11668,5204,Carbomère 974 P
11669,5204,carbomère 974 P
11670,5205,"Lactobacillus inactivés, nombre de germes"
11671,5205,lactobacillus LB inactivés
11672,5206,Carbomère (Carbopol 980)
11673,5206,carbomère 980 NF
11674,5207,Carbomère 980
11675,5207,carbomère 980
11676,5208,Lacosamide
11677,5208,lacosamide
11678,5209,Lacosamide
11679,5209,lacosamide
11680,5210,lacosamide
11681,5211,lacosamide
11682,5212,Lacosamide
11683,5212,lacosamide
11684,5213,Lacosamide
11685,5213,lacosamide
11686,5214,Lacosamide
11687,5214,lacosamide
11688,5215,lacosamide
11689,5216,lacosamide
11690,5217,Lacosamide
11691,5217,lacosamide
11692,5218,Lacosamide
11693,5218,lacosamide
11694,5219,Lacosamide
11695,5219,lacosamide
11696,5220,Apis mellifica 15 CH
11697,5220,Rhus toxicodendron 15 CH
11698,5220,Cantharis 15 CH
11699,5220,Mezereum 15 CH
11700,5220,apis mellifica [H]
11701,5220,rhus toxicodendron [H]
11702,5220,cantharis [H]
11703,5220,mezereum [H]
11704,5221,labétalol chlorhydrate
11705,5222,Aconitum napellus 3 DH
11706,5222,Arnica montana 3 DH
11707,5222,Belladonna 3 DH
11708,5222,Bryonia 3 DH
11709,5222,China rubra 3 DH
11710,5222,Drosera 2 DH
11711,5222,Eupatorium perfoliatum 3 DH
11712,5222,Gelsemium 6 DH
11713,5222,Senega 2 DH
11714,5222,Eucalyptus globulus TM
11715,5222,aconitum napellus [H]
11716,5222,arnica montana [H]
11717,5222,belladonna [H]
11718,5222,bryonia [H]
11719,5222,cinchona succirubra [H]
11720,5222,drosera [H]
11721,5222,eupatorium perfoliatum [H]
11722,5222,gelsemium sempervirens [H]
11723,5222,polygala senega [H]
11724,5222,eucalyptus globulus [H]
11725,5223,Asa foetida 6 DH
11726,5223,Avena sativa TM.
11727,5223,Chamomilla vulgaris 3 DH
11728,5223,Cicuta virosa 6 DH
11729,5223,Hyoscyamus niger 1 DH
11730,5223,Ignatia amara 3 DH
11731,5223,Nux vomica 3 DH
11732,5223,Staphysagria 4 DH
11733,5223,Sumbulus moschatus 6 DH
11734,5223,Valeriana officinalis 2 DH
11735,5223,asa foetida [H]
11736,5223,avena sativa [H]
11737,5223,chamomilla vulgaris [H]
11738,5223,cicuta virosa [H]
11739,5223,hyoscyamus niger [H]
11740,5223,ignatia amara [H]
11741,5223,nux vomica [H]
11742,5223,staphysagria [H]
11743,5223,sumbulus moschatus [H]
11744,5223,valeriana officinalis [H]
11745,5223,avena sativa teinture [H]
11746,5224,Lacosamide
11747,5224,lacosamide
11748,5225,Hamamelis virginiana TM
11749,5225,China rubra 4 DH
11750,5225,Adrenalinum 6 DH
11751,5225,Secale cornutum 4 DH
11752,5225,Vinca minor 3 DH
11753,5225,Hydrastis canadensis 4 DH
11754,5225,Carduus marianus TM
11755,5225,Trillium pendulum 6 DH
11756,5225,hamamelis virginiana teinture [H]
11757,5225,cinchona succirubra [H]
11758,5225,adrenalinum [H]
11759,5225,secale cornutum [H]
11760,5225,vinca minor [H]
11761,5225,hydrastis canadensis [H]
11762,5225,carduus marianus [H]
11763,5225,trillium pendulum [H]
11764,5226,Dolichos pruriens 6 DH
11765,5226,Nux vomica 3 DH
11766,5226,Lycopodium clavatum 3 DH
11767,5226,Podophyllum peltatum 4 DH
11768,5226,Leptandra virginica 6 DH
11769,5226,Carduus marianus 3 DH
11770,5226,Chelidonium majus 2 DH
11771,5226,Boldo 1 DH
11772,5226,dolichos pruriens [H]
11773,5226,nux vomica [H]
11774,5226,lycopodium clavatum [H]
11775,5226,podophyllum peltatum [H]
11776,5226,leptandra virginica [H]
11777,5226,carduus marianus [H]
11778,5226,chelidonium majus [H]
11779,5226,boldo
11780,5227,Arsenicum album 6 DH
11781,5227,Belladonna 3 DH
11782,5227,Chamomilla vulgaris 9 DH
11783,5227,China rubra 3 DH
11784,5227,Colocynthis 4 DH
11785,5227,Ipeca 4 DH
11786,5227,Mercurius corrosivus 6 DH
11787,5227,Nux vomica 4 DH
11788,5227,arsenicum album [H]
11789,5227,belladonna [H]
11790,5227,chamomilla vulgaris [H]
11791,5227,cinchona succirubra [H]
11792,5227,colocynthis [H]
11793,5227,ipéca [H]
11794,5227,mercurius corrosivus [H]
11795,5227,nux vomica [H]
11796,5228,viscum album [H]
11797,5228,hydrastis canadensis [H]
11798,5228,gossypium [H]
11799,5228,secale cornutum [H]
11800,5228,magnesia muriatica [H]
11801,5228,adrenalinum [H]
11802,5228,calcarea hypophosphorica [H]
11803,5228,senecio aureus [H]
11804,5228,aloe [H]
11805,5228,chamomilla [H]
11806,5228,cinchona succirubra [H]
11807,5228,cuprum sulfuricum [H]
11808,5228,cimicifuga [H]
11809,5228,senecio [H]
11810,5229,gonadoréline acétate
11811,5230,tisagenlecleucel
11812,5231,carfilzomib
11813,5232,Brodalumab
11814,5232,brodalumab
11815,5233,Lévonorgestrel
11816,5233,lévonorgestrel
11817,5234,saproptérine chlorhydrate
11818,5235,brexucabtagène autoleucel
11819,5237,rubidium
11820,5238,Tadalafil
11821,5238,tadalafil
11822,5239,adénosine
11823,5240,adagrasib
11824,5241,Kreosotum 3 DH
11825,5241,Chelidonium majus 3 DH
11826,5241,Terebinthina 3 DH
11827,5241,Stannum metallicum 8 DH
11828,5241,Silicea 8 DH
11829,5241,kreosotum [H]
11830,5241,chelidonium majus [H]
11831,5241,terebenthina [H]
11832,5241,stannum metallicum [H]
11833,5241,silicea [H]
11834,5242,octocog alfa
11835,5243,Carvédilol
11836,5243,carvédilol
11837,5244,Saxagliptine
11838,5244,Metformine chlorhydrate
11839,5244,saxagliptine chlorhydrate
11840,5244,metformine chlorhydrate
11841,5245,sélumétinib hydrogénosulfate
11842,5246,Paracétamol
11843,5246,Codéine phosphate
11844,5246,paracétamol
11845,5246,codéine phosphate hémihydrate
11846,5247,Paracétamol
11847,5247,Codéine phosphate
11848,5247,paracétamol
11849,5247,codéine phosphate hémihydrate
11850,5248,Estradiol 17-bêta
11851,5248,Noréthistérone acétate
11852,5248,estradiol hémihydrate
11853,5248,noréthistérone acétate
11854,5249,Macrogol (polyéthylèneglycol) 3 350
11855,5249,Sulfate de sodium anhydre
11856,5249,Bicarbonate de sodium
11857,5249,Sodium chlorure
11858,5249,Potassium chlorure
11859,5249,macrogol 3350
11860,5249,sodium sulfate
11861,5249,bicarbonate de sodium
11862,5249,sodium chlorure
11863,5249,potassium chlorure
11864,5250,Abacavir
11865,5250,Lamivudine
11866,5250,abacavir sulfate
11867,5250,lamivudine
11868,5251,ribociclib succinate
11869,5252,Travoprost
11870,5252,Timolol
11871,5252,travoprost
11872,5252,timolol maléate
11873,5253,Cholécalciférol (vitamine D3)
11874,5253,colécalciférol
11875,5254,immunoglobulines humaines normales
11876,5255,lenvatinib mésilate
11877,5256,monoxyde d'azote
11878,5257,Anakinra
11879,5257,anakinra
11880,5258,Vigabatrine
11881,5258,vigabatrine
11882,5259,tébentafusp
11883,5260,Latanoprost
11884,5260,Timolol
11885,5260,latanoprost
11886,5260,timolol maléate
11887,5261,témozolomide
11888,5262,asparaginase
11889,5263,pembrolizumab
11890,5265,Kétoprofène
11891,5265,kétoprofène
11892,5266,Sarilumab
11893,5266,sarilumab
11894,5267,Trétinoïne
11895,5267,trétinoïne
11896,5268,Kétotifène
11897,5268,kétotifène fumarate
11898,5269,DL-céto-isoleucine sel de Ca
11899,5269,cétoleucine sel de Ca
11900,5269,cétophénylalanine sel de Ca
11901,5269,cétovaline sel de Ca
11902,5269,DL-hydroxyméthionine sel de Ca
11903,5269,lysine monoacétate
11904,5269,thréonine
11905,5269,tryptophane
11906,5269,histidine
11907,5269,tyrosine
11908,5270,Kétoprofène
11909,5270,kétoprofène
11910,5271,Kétoprofène
11911,5271,kétoprofène
11912,5272,Kétoprofène
11913,5272,kétoprofène
11914,5273,Kétoprofène
11915,5273,kétoprofène
11916,5274,kétoprofène
11917,5275,Kétoprofène
11918,5275,kétoprofène
11919,5276,Kétoprofène
11920,5276,kétoprofène
11921,5277,Kétoprofène
11922,5277,kétoprofène
11923,5278,Kétoprofène
11924,5278,kétoprofène
11925,5279,Kétoprofène
11926,5279,kétoprofène
11927,5280,Kétoprofène
11928,5280,kétoprofène
11929,5281,kétoprofène
11930,5282,Kétoconazole
11931,5282,kétoconazole
11932,5283,Kétoconazole
11933,5283,kétoconazole
11934,5284,Kétoconazole
11935,5284,kétoconazole
11936,5285,Kétoconazole
11937,5285,kétoconazole
11938,5286,Kétoconazole
11939,5286,kétoconazole
11940,5287,kétoconazole
11941,5288,Kétoconazole
11942,5288,kétoconazole
11943,5289,Kétoconazole
11944,5289,kétoconazole
11945,5290,Kétoconazole
11946,5290,kétoconazole
11947,5291,dexkétoprofène trométamol
11948,5292,Kétoconazole
11949,5292,kétoconazole
11950,5293,Kétoconazole
11951,5293,kétoconazole
11952,5294,Kétotifène
11953,5294,kétotifène fumarate
11954,5295,kétamine chlorhydrate
11955,5296,Ébastine
11956,5296,ébastine
11957,5297,kétamine chlorhydrate
11958,5298,kétamine chlorhydrate
11959,5299,Ébastine
11960,5299,ébastine
11961,5300,Acide salicylique
11962,5300,Acide lactique
11963,5300,acide salicylique
11964,5300,acide lactique
11965,5301,Ofatumumab
11966,5301,ofatumumab
11967,5302,Bétaxolol chlorhydrate
11968,5302,bétaxolol chlorhydrate
11969,5304,cangrélor tétrasodique
11970,5305,Aciclovir
11971,5305,aciclovir
11972,5306,Candésartan cilexetil
11973,5306,candésartan cilexétil
11974,5307,Lévétiracétam
11975,5307,lévétiracétam
11976,5308,plasminogène humain
11977,5309,odévixibat sesquihydrate
11978,5310,Céfalexine
11979,5310,céfalexine monohydrate
11980,5310,céfalexine
11981,5311,Triamcinolone acétonide
11982,5311,triamcinolone acétonide
11983,5312,Sucralfate
11984,5312,sucralfate
11985,5313,sipavibart
11986,5314,propranolol chlorhydrate
11987,5316,Acétylsalicylate de lysine
11988,5316,acétylsalicylate de lysine
11989,5317,Polystyrène sulfonate de sodium
11990,5317,polystyrène sulfonate de sodium
11991,5318,sébélipase alfa
11992,5319,facteur II humain
11993,5319,facteur VII humain
11994,5319,facteur IX humain
11995,5319,facteur X humain
11996,5319,protéine C humaine
11997,5319,protéine S humaine
11998,5320,trastuzumab
11999,5321,ivacaftor
12000,5322,difélikéfaline acétate
12001,5323,"Pélargonium racine, extrait fluide séché"
12002,5323,pélargonium racine extrait sec
12003,5325,Conium maculatum 4 DH
12004,5325,Argentum metallicum 8 DH
12005,5325,Kalmia latifolia 3 DH
12006,5325,Helleborus niger 6 DH
12007,5325,Arsenicum album 6 DH
12008,5325,conium maculatum [H]
12009,5325,argentum metallicum [H]
12010,5325,kalmia latifolia [H]
12011,5325,helleborus [H]
12012,5325,arsenicum album [H]
12013,5326,protoxyde d'azote
12014,5326,oxygène
12015,5327,kalium phosphoricum [H]
12016,5327,ferrum phosphoricum [H]
12017,5327,ambra grisea [H]
12018,5327,nux vomica [H]
12019,5327,phosphoricum acidum [H]
12020,5328,Chlorure de potassium
12021,5328,potassium chlorure
12022,5329,Lopinavir
12023,5329,Ritonavir
12024,5329,lopinavir
12025,5329,ritonavir
12026,5330,iptacopan chlorhydrate
12027,5331,rubidium
12028,5332,trastuzumab emtansine
12029,5333,acides aminés
12030,5333,glucose monohydrate
12031,5333,calcium chlorure dihydrate
12032,5333,magnésium sulfate heptahydrate
12033,5333,sodium glycérophosphate
12034,5333,potassium chlorure
12035,5333,sodium acétate trihydrate
12036,5333,azote
12037,5333,soja huile purifiée
12038,5334,ivacaftor
12039,5334,tezacaftor
12040,5334,élexacaftor
12041,5335,dexaméthasone
12042,5337,Béclométasone dipropionate
12043,5337,béclométasone dipropionate
12044,5338,Ustékinumab
12045,5338,ustékinumab
12046,5339,Glipizide
12047,5339,glipizide
12048,5340,rozanolixizumab
12049,5342,Propafénone
12050,5342,propafénone chlorhydrate
12051,5343,lidocaïne chlorhydrate
12052,5344,Disopyramide
12053,5344,disopyramide phosphate
12054,5344,disopyramide
12055,5345,rélugolix
12056,5345,estradiol hémihydrate
12057,5345,noréthistérone acétate
12058,5346,midostaurine
12059,5347,amivantamab
12060,5348,rituximab
12061,5349,Rupatadine
12062,5349,rupatadine fumarate
12063,5350,Mométasone furoate
12064,5350,Olopatadine
12065,5350,mométasone furoate monohydrate
12066,5350,olopatadine
12067,5351,Rupatadine
12068,5351,rupatadine fumarate
12069,5352,Rupatadine
12070,5352,rupatadine fumarate
12071,5353,Rupatadine
12072,5353,rupatadine fumarate
12073,5354,Rupatadine
12074,5354,rupatadine fumarate
12075,5355,Roxithromycine
12076,5355,roxithromycine
12077,5356,fostemsavir trométamol
12078,5357,conestat alfa
12079,5358,Rucaparib
12080,5358,rucaparib camsilate
12081,5359,Zinc gluconate exprimé en Zinc
12082,5359,zinc gluconate
12083,5360,Métronidazole
12084,5360,métronidazole
12085,5362,Métronidazole
12086,5362,métronidazole
12087,5363,Métronidazole
12088,5363,métronidazole
12089,5364,Roxithromycine
12090,5364,roxithromycine
12091,5365,Roxithromycine
12092,5365,roxithromycine
12093,5366,Roxithromycine
12094,5366,roxithromycine
12095,5367,Roxithromycine
12096,5367,roxithromycine
12097,5368,Roxithromycine
12098,5368,roxithromycine
12099,5369,Roxithromycine
12100,5369,roxithromycine
12101,5370,Roxithromycine
12102,5370,roxithromycine
12103,5371,Valganciclovir
12104,5371,valganciclovir chlorhydrate
12105,5372,Spiramycine
12106,5372,spiramycine adipate
12107,5372,spiramycine
12108,5373,Mésalazine
12109,5373,mésalazine
12110,5374,"Rotavirus humains vivants atténués (souches G1, G2, G3, G4, P1A(8))"
12111,5374,rotavirus type G1
12112,5374,rotavirus type G2
12113,5374,rotavirus type G3
12114,5374,rotavirus type G4
12115,5374,rotavirus type P1A[8]
12116,5375,albumine humaine particules de nanocolloïdes
12117,5376,Rotavirus humain vivant atténué (souche RIX4414)
12118,5376,rotavirus humain vivant atténué souche RIX4414
12119,5377,Rosuvastatine
12120,5377,rosuvastatine calcique
12121,5378,Rosuvastatine
12122,5378,rosuvastatine calcique
12123,5379,Rosuvastatine
12124,5379,rosuvastatine calcique
12125,5380,Rosuvastatine
12126,5380,rosuvastatine calcique
12127,5381,Rosuvastatine
12128,5381,rosuvastatine calcique
12129,5382,Rosuvastatine
12130,5382,rosuvastatine calcique
12131,5383,Rosuvastatine
12132,5383,rosuvastatine calcique
12133,5384,Rosuvastatine
12134,5384,rosuvastatine calcique
12135,5385,Rosuvastatine
12136,5385,rosuvastatine calcique
12137,5386,Rosuvastatine
12138,5386,rosuvastatine calcique
12139,5387,Rosuvastatine
12140,5387,rosuvastatine calcique
12141,5388,Rosuvastatine
12142,5388,rosuvastatine calcique
12143,5389,Rosuvastatine
12144,5389,rosuvastatine calcique
12145,5390,Rosuvastatine
12146,5390,rosuvastatine calcique
12147,5391,Rosuvastatine
12148,5391,rosuvastatine calcique
12149,5392,Rosuvastatine
12150,5392,rosuvastatine zinc
12151,5394,ropivacaïne chlorhydrate
12152,5395,ropivacaïne chlorhydrate monohydrate
12153,5396,ropivacaïne chlorhydrate
12154,5397,Rosuvastatine
12155,5397,rosuvastatine calcique
12156,5398,Ropinirole
12157,5398,ropinirole chlorhydrate
12158,5399,Ropinirole
12159,5399,ropinirole chlorhydrate
12160,5400,Ropinirole
12161,5400,ropinirole chlorhydrate
12162,5401,ropivacaïne chlorhydrate monohydrate
12163,5402,ropivacaïne chlorhydrate monohydrate
12164,5403,Ropinirole
12165,5403,ropinirole chlorhydrate
12166,5404,Ropinirole
12167,5404,ropinirole chlorhydrate
12168,5405,Ropinirole
12169,5405,ropinirole chlorhydrate
12170,5406,Ropinirole
12171,5406,ropinirole chlorhydrate
12172,5407,Ropinirole
12173,5407,ropinirole chlorhydrate
12174,5408,Arnica montana 8 DH
12175,5408,Aurum muriaticum 8 DH
12176,5408,Avena sativa 1 DH
12177,5408,Cactus grandiflorus 2 DH
12178,5408,Camphora 5 DH
12179,5408,Crataegus oxyacantha 2 DH
12180,5408,Ignatia amara 8 DH
12181,5408,Kalium carbonicum 3 DH
12182,5408,Natrum muriaticum 3 DH
12183,5408,arnica montana [H]
12184,5408,aurum muriaticum [H]
12185,5408,avena sativa [H]
12186,5408,cactus grandiflorus [H]
12187,5408,camphora [H]
12188,5408,crataegus oxyacantha [H]
12189,5408,ignatia amara [H]
12190,5408,kalium carbonicum [H]
12191,5408,natrum muriaticum [H]
12192,5409,Spiramycine
12193,5409,Métronidazole
12194,5409,spiramycine
12195,5409,métronidazole
12196,5410,rocuronium bromure
12197,5411,Ropinirole
12198,5411,ropinirole chlorhydrate
12199,5412,Ropinirole
12200,5412,ropinirole chlorhydrate
12201,5413,rocuronium bromure
12202,5414,rocuronium bromure
12203,5415,rocuronium bromure
12204,5416,rocuronium bromure
12205,5417,rocuronium bromure
12206,5418,rocuronium bromure
12207,5419,rocuronium bromure
12208,5420,Aluminium hydroxyde
12209,5420,oxyde d'aluminium hydraté
12210,5421,rocuronium bromure
12211,5422,Latanoprost
12212,5422,latanoprost
12213,5422,nétarsudil mésilate
12214,5423,Ceftriaxone
12215,5423,ceftriaxone sodique
12216,5424,Calcitriol (vitamine D3 hydroxylée)
12217,5424,calcitriol
12218,5425,Isotrétinoïne
12219,5425,isotrétinoïne
12220,5426,Tocilizumab
12221,5426,tocilizumab
12222,5427,Rizatriptan
12223,5427,rizatriptan benzoate
12224,5428,Rizatriptan
12225,5428,rizatriptan benzoate
12226,5429,Rizatriptan
12227,5429,rizatriptan benzoate
12228,5430,naldémédine tosilate
12229,5431,Rizatriptan
12230,5431,rizatriptan benzoate
12231,5432,Rizatriptan
12232,5432,rizatriptan benzoate
12233,5433,rituximab
12234,5434,Clonazépam
12235,5434,clonazépam
12236,5435,nonacog gamma
12237,5436,Rizatriptan
12238,5436,rizatriptan benzoate
12239,5438,Rivastigmine libérée/24 h
12240,5438,rivastigmine
12241,5439,Rivastigmine libérée/24 h
12242,5439,rivastigmine
12243,5439,rivastigmine hydrogénotartrate
12244,5440,Rivastigmine libérée/24 h
12245,5440,rivastigmine
12246,5441,Rivastigmine
12247,5441,rivastigmine
12248,5441,rivastigmine hydrogénotartrate
12249,5442,rivaroxaban
12250,5443,Rivastigmine
12251,5443,rivastigmine
12252,5443,rivastigmine hydrogénotartrate
12253,5444,Rivastigmine libérée/24 h
12254,5444,rivastigmine
12255,5444,rivastigmine hydrogénotartrate
12256,5445,Rivastigmine libérée/24 h
12257,5445,rivastigmine
12258,5446,Rivastigmine libérée/24 h
12259,5446,rivastigmine
12260,5447,rivaroxaban
12261,5448,Rivaroxaban
12262,5448,rivaroxaban
12263,5449,Rivaroxaban
12264,5449,rivaroxaban
12265,5450,Rivaroxaban
12266,5450,rivaroxaban
12267,5451,Rivaroxaban
12268,5451,rivaroxaban
12269,5452,Rivaroxaban
12270,5452,rivaroxaban
12271,5453,Rivaroxaban
12272,5453,rivaroxaban
12273,5454,rivaroxaban
12274,5455,Rivaroxaban
12275,5455,rivaroxaban
12276,5456,Rivaroxaban
12277,5456,rivaroxaban
12278,5457,ritonavir
12279,5458,Ritonavir
12280,5458,ritonavir
12281,5459,Méthylphénidate chlorhydrate
12282,5459,méthylphénidate chlorhydrate
12283,5460,rivaroxaban
12284,5461,rivaroxaban
12285,5462,Rispéridone
12286,5462,rispéridone
12287,5463,Rispéridone
12288,5463,rispéridone
12289,5464,Rispéridone
12290,5464,rispéridone
12291,5465,Rispéridone
12292,5465,rispéridone
12293,5466,Rispéridone
12294,5466,rispéridone
12295,5467,Rispéridone
12296,5467,rispéridone
12297,5468,Rispéridone
12298,5468,rispéridone
12299,5469,Rispéridone
12300,5469,rispéridone
12301,5470,Rispéridone
12302,5470,rispéridone
12303,5471,rispéridone
12304,5472,Rispéridone
12305,5472,rispéridone
12306,5473,Rispéridone
12307,5473,rispéridone
12308,5474,Rispéridone
12309,5474,rispéridone
12310,5475,Rispéridone
12311,5475,rispéridone
12312,5476,Isosorbide dinitrate
12313,5476,isosorbide dinitrate
12314,5477,Rispéridone
12315,5477,rispéridone
12316,5478,Rispéridone
12317,5478,rispéridone
12318,5479,Risédronate sodique
12319,5479,risédronate sodique hémipentahydraté
12320,5480,Risédronate sodique
12321,5480,risédronate sodique
12322,5481,Risédronate monosodique
12323,5481,risédronate sodique
12324,5482,Risédronate monosodique
12325,5482,risédronate sodique
12326,5483,risédronate sodique
12327,5484,Risédronate sodique
12328,5484,risédronate sodique
12329,5484,risédronate sodique hémipentahydraté
12330,5485,Risédronate sodique
12331,5485,risédronate sodique hémipentahydraté
12332,5486,Risédronate sodique
12333,5486,risédronate sodique
12334,5487,Risédronate sodique
12335,5487,risédronate sodique
12336,5487,risédronate sodique hémipentahydraté
12337,5488,Risédronate monosodique
12338,5488,risédronate sodique hémipentahydraté
12339,5489,Risédronate sodique
12340,5489,risédronate sodique
12341,5490,Risédronate sodique
12342,5490,risédronate sodique hémipentahydraté
12343,5491,Risédronate sodique
12344,5491,risédronate sodique
12345,5492,Risédronate sodique
12346,5492,risédronate sodique hémipentahydraté
12347,5493,risdiplam
12348,5494,sodium chlorure
12349,5494,potassium chlorure
12350,5494,calcium chlorure dihydrate
12351,5494,sodium lactate
12352,5495,Upadacitinib
12353,5495,upadacitinib hémihydrate
12354,5496,Béclométasone dipropionate
12355,5496,béclométasone dipropionate
12356,5497,Risédronate sodique
12357,5497,risédronate sodique
12358,5498,sodium chlorure
12359,5498,potassium chlorure
12360,5498,calcium chlorure
12361,5498,sodium lactate
12362,5499,sodium chlorure
12363,5499,potassium chlorure
12364,5499,calcium chlorure dihydrate
12365,5499,sodium lactate
12366,5500,sodium chlorure
12367,5500,potassium chlorure
12368,5500,calcium chlorure dihydrate
12369,5500,sodium lactate
12370,5501,sodium chlorure
12371,5501,potassium chlorure
12372,5501,calcium chlorure dihydrate
12373,5501,sodium lactate
12374,5502,sodium chlorure
12375,5502,potassium chlorure
12376,5502,calcium chlorure dihydrate
12377,5503,sodium chlorure
12378,5503,potassium chlorure
12379,5503,calcium chlorure dihydrate
12380,5503,sodium lactate
12381,5504,sodium chlorure
12382,5504,potassium chlorure
12383,5504,calcium chlorure dihydrate
12384,5505,sodium chlorure
12385,5505,potassium chlorure
12386,5505,calcium chlorure dihydrate
12387,5506,ranibizumab
12388,5507,diméthylsulfoxyde
12389,5508,Riluzole
12390,5508,riluzole
12391,5509,Riluzole
12392,5509,riluzole
12393,5510,Rifampicine
12394,5510,rifampicine
12395,5511,Isoniazide (INH)
12396,5511,isoniazide
12397,5512,Riluzole
12398,5512,riluzole
12399,5513,Riluzole
12400,5513,riluzole
12401,5514,Riluzole
12402,5514,riluzole
12403,5515,Riluzole
12404,5515,riluzole
12405,5516,Riluzole
12406,5516,riluzole
12407,5517,Rilménidine
12408,5517,rilménidine phosphate
12409,5518,Rilménidine
12410,5518,rilménidine phosphate
12411,5519,Rilménidine
12412,5519,rilménidine phosphate
12413,5520,Rilménidine
12414,5520,rilménidine phosphate
12415,5521,Riluzole
12416,5521,riluzole
12417,5522,Rilménidine
12418,5522,rilménidine phosphate
12419,5523,Rilménidine
12420,5523,rilménidine phosphate
12421,5524,Rilménidine
12422,5524,rilménidine phosphate
12423,5525,Rilménidine
12424,5525,rilménidine phosphate
12425,5526,Rilménidine
12426,5526,rilménidine phosphate
12427,5527,Rilménidine
12428,5527,rilménidine phosphate
12429,5528,Rilmenidine
12430,5528,rilménidine phosphate
12431,5529,Isoniazide
12432,5529,Rifampicine
12433,5529,rifampicine
12434,5529,isoniazide
12435,5530,Rifampicine
12436,5530,Isoniazide
12437,5530,Pyrazinamide
12438,5530,rifampicine
12439,5530,isoniazide
12440,5530,pyrazinamide
12441,5531,Rifamycine sodique
12442,5531,rifamycine sodique
12443,5532,ricinus communis [H]
12444,5532,citrullus colocynthis [H]
12445,5532,berberis vulgaris [H]
12446,5532,hydrastis canadensis [H]
12447,5532,lithium carbonicum [H]
12448,5532,ptelea trifoliata [H]
12449,5532,podophyllum peltatum [H]
12450,5532,chamomilla vulgaris [H]
12451,5533,ribes nigrum bourgeons macérat glycériné [H]
12452,5534,Ribavirine
12453,5534,ribavirine
12454,5536,Rifampicine
12455,5536,rifampicine sel de Na
12456,5536,rifampicine
12457,5537,fibrinogène humain
12458,5538,Artéméther
12459,5538,Luméfantrine
12460,5538,artéméther
12461,5538,luméfantrine
12462,5539,ribavirine
12463,5540,Pseudoéphédrine chlorhydrate
12464,5540,Paracétamol
12465,5540,paracétamol
12466,5540,pseudoéphédrine chlorhydrate
12467,5541,rhus toxicodendron [H]
12468,5541,urtica urens [H]
12469,5541,acide benzoicum [H]
12470,5541,acidum formicum [H]
12471,5541,berberis vulgaris [H]
12472,5541,ranunculus [H]
12473,5541,lithium carbonicum [H]
12474,5541,ranunculus bulbosus [H]
12475,5542,rhubarbe racine extrait sec
12476,5543,Acide ténoïque sel d'éthanolamine
12477,5543,acide ténoïque sel d'éthanolamine
12478,5544,Acétylcystéine
12479,5544,Tuaminoheptane sulfate
12480,5544,Benzalkonium chlorure
12481,5544,acétylcystéine
12482,5544,tuaminoheptane sulfate
12483,5544,benzalkonium chlorure
12484,5545,Béclométasone dipropionate
12485,5545,béclométasone dipropionate
12486,5546,immunoglobulines humaines anti-D
12487,5547,Éphédrine chlorhydrate
12488,5547,Thiosulfate de sodium
12489,5547,éphédrine chlorhydrate
12490,5547,sodium thiosulfate
12491,5548,Budésonide
12492,5548,budésonide
12493,5549,Paracétamol
12494,5549,Phénamine maléate
12495,5549,Acide ascorbique (vitamine C)
12496,5549,paracétamol
12497,5549,acide ascorbique
12498,5549,phéniramine maléate
12499,5550,Benzododécinium bromure
12500,5550,benzododécinium bromure
12501,5551,Ibuprofène
12502,5551,Pseudoéphédrine chlorhydrate
12503,5551,ibuprofène
12504,5551,pseudoéphédrine
12505,5552,Ibuprofène
12506,5552,Pseudoéphédrine chlorhydrate
12507,5552,ibuprofène
12508,5552,pseudoéphédrine chlorhydrate
12509,5553,solanum dulcamara [H]
12510,5553,atropa belladonna [H]
12511,5553,sambucus nigra [H]
12512,5554,allium cepa [H]
12513,5554,ambrosia artemisia folia [H]
12514,5554,Euphrasia officinalis [H]
12515,5554,histaminum muriaticum [H]
12516,5554,sabadilla [H]
12517,5554,solidago virga aurea [H]
12518,5555,Tixocortol pivalate
12519,5555,Chlorhexidine digluconate
12520,5555,tixocortol pivalate
12521,5555,chlorhexidine gluconate solution
12522,5556,rézafungine acétate
12523,5559,Troxérutine
12524,5559,troxérutine
12525,5561,Calcarea carbonica ostrearum 2 DH
12526,5561,Calcarea iodata 4 DH
12527,5561,Calcarea phosphorica 2 DH
12528,5561,Ferrum phosphoricum 2 DH
12529,5561,Juglans regia 4 DH
12530,5561,Magnesia phosphorica 2 DH
12531,5561,Natrum phosphoricum 2 DH
12532,5561,Natrum sulfuricum 3 DH
12533,5561,Rubia tinctoria 3 DH
12534,5561,Silicea 3 DH
12535,5561,calcarea carbonica ostrearum [H]
12536,5561,calcarea iodata [H]
12537,5561,calcarea phosphorica [H]
12538,5561,ferrum phosphoricum [H]
12539,5561,juglans regia [H]
12540,5561,magnesia phosphorica [H]
12541,5561,natrum phosphoricum [H]
12542,5561,natrum sulfuricum [H]
12543,5561,rubia tinctoria [H]
12544,5561,silicea [H]
12545,5562,eltrombopag olamine
12546,5564,Atazanavir
12547,5564,atazanavir sulfate
12548,5565,Aspartate magnésium
12549,5565,L-Lysine
12550,5565,L-Leucine
12551,5565,L-Phénylalanine
12552,5565,L-Valine
12553,5565,Acide ascorbique (vitamine C)
12554,5565,magnésium aspartate dihydrate
12555,5565,L-leucine
12556,5565,L-lysine monochlorhydrate
12557,5565,L-phénylalanine
12558,5565,L-valine
12559,5565,sodium ascorbate
12560,5566,Fluticasone furoate
12561,5566,Vilantérol
12562,5566,fluticasone furoate
12563,5566,vilantérol trifénatate
12564,5567,téduglutide
12565,5568,lénalidomide
12566,5569,argipressine acétate
12567,5571,Anatoxine diphtérique
12568,5571,Anatoxine tétanique
12569,5571,"Vaccins poliomyélitiques inactivés de type 1, 2 et 3"
12570,5571,anatoxine diphtérique
12571,5571,anatoxine tétanique
12572,5571,virus poliomyélitique inactivé type 1
12573,5571,virus poliomyélitique inactivé type 2
12574,5571,virus poliomyélitique inactivé type 3
12575,5572,Époétine zêta
12576,5572,époétine zêta
12577,5573,Zidovudine
12578,5573,zidovudine
12579,5574,sildénafil citrate
12580,5575,selpercatinib
12581,5576,hydroxyéthylamidon 130000
12582,5576,sodium chlorure
12583,5577,prucalopride succinate
12584,5578,alpha-1-antitrypsine humaine
12585,5579,Paraffine liquide
12586,5579,"Estragon, essence déterpénée"
12587,5579,"Noisette, arôme"
12588,5579,paraffine liquide
12589,5580,Trétinoïne
12590,5580,trétinoïne
12591,5581,Polystyrène sulfonate de sodium
12592,5581,polystyrène sulfonate de calcium
12593,5582,Ropinirole
12594,5582,ropinirole chlorhydrate
12595,5583,Ézétimibe
12596,5583,Atorvastatine
12597,5583,ézétimibe
12598,5583,atorvastatine calcique trihydrate
12599,5584,Acide acétylsalicylique (aspirine)
12600,5584,acide acétylsalicylique
12601,5585,agalsidase alfa
12602,5586,Anatoxine diphtérique purifiée
12603,5586,Anatoxine tétanique purifiée
12604,5586,Antigènes coquelucheux
12605,5586,"Virus poliomyélitiques inactivés de type 1, 2 et 3"
12606,5586,anatoxine diphtérique
12607,5586,anatoxine tétanique
12608,5586,anatoxine de Bordetella pertussis
12609,5586,hémagglutinine filamenteuse de Bordetella pertussis
12610,5586,pertactine de Bordetella pertussis
12611,5586,fimbriae types 2 + 3 de Bordetella pertussis
12612,5586,virus poliomyélitique inactivé type 1
12613,5586,virus poliomyélitique inactivé type 2
12614,5586,virus poliomyélitique inactivé type 3
12615,5588,Evolocumab
12616,5588,évolocumab
12617,5589,Aescine
12618,5589,Diéthylamine salicylate
12619,5589,aescine
12620,5589,diéthylamine salicylate
12621,5590,Répaglinide
12622,5590,répaglinide
12623,5591,Répaglinide
12624,5591,répaglinide
12625,5592,Répaglinide
12626,5592,répaglinide
12627,5593,Répaglinide
12628,5593,répaglinide
12629,5594,Répaglinide
12630,5594,répaglinide
12631,5595,Répaglinide
12632,5595,répaglinide
12633,5596,Répaglinide
12634,5596,répaglinide
12635,5597,Répaglinide
12636,5597,répaglinide
12637,5598,Répaglinide
12638,5598,répaglinide
12639,5600,Sévélamer carbonate
12640,5600,sévélamer carbonate
12641,5601,Répaglinide
12642,5601,répaglinide
12643,5602,Répaglinide
12644,5602,répaglinide
12645,5603,Répaglinide
12646,5603,répaglinide
12647,5604,Hydrotalcite
12648,5604,hydrotalcite
12649,5605,succimer
12650,5606,Carbonate de calcium
12651,5606,Carbonate de magnésium lourd
12652,5606,Diméticone activée
12653,5606,calcium carbonate
12654,5606,magnésium carbonate lourd
12655,5606,siméticone
12656,5607,Calcium carbonate
12657,5607,Magnésium carbonate lourd
12658,5607,calcium carbonate
12659,5607,magnésium carbonate lourd
12660,5608,Calcium carbonate
12661,5608,calcium carbonate
12662,5609,Chlorhydrate de sévélamer
12663,5609,sévélamer chlorhydrate
12664,5610,Galantamine
12665,5610,galantamine bromhydrate
12666,5611,tréprostinil sodique
12667,5612,Infliximab
12668,5612,infliximab
12669,5613,Énalapril maléate
12670,5613,énalapril maléate
12671,5614,Infliximab
12672,5614,infliximab
12673,5616,Élétriptan
12674,5616,élétriptan bromhydrate
12675,5617,rémifentanil chlorhydrate
12676,5618,Fluticasone furoate
12677,5618,Vilantérol
12678,5618,fluticasone furoate
12679,5618,vilantérol trifénatate
12680,5619,méthylnaltrexone bromure
12681,5620,toxine botulinique type A
12682,5621,rilpivirine
12683,5623,follitropine delta
12684,5624,sodium chlorure
12685,5624,sodium citrate
12686,5625,Alcool polyvinylique
12687,5625,Povidone
12688,5625,alcool polyvinylique
12689,5625,povidone
12690,5626,"Bile de bœuf, extrait"
12691,5626,bile extrait fluide
12692,5626,bile de boeuf extrait fluide
12693,5626,eau purifiée
12694,5626,bile de boeuf extrait
12695,5627,Quinisocaïne chlorhydrate
12696,5627,Cétrimide
12697,5627,quinisocaïne chlorhydrate
12698,5627,cétrimide
12699,5628,moroctocog alfa
12700,5629,Trinitrate de glycéryle (trinitrine)
12701,5629,trinitrine
12702,5630,Arnica montana 6 DH
12703,5630,Cuprum metallicum 8 DH
12704,5630,Rhus toxicodendron 8 DH
12705,5630,Silicea naturale 6 DH
12706,5630,Magnesia phosphorica 15 DH
12707,5630,arnica montana [H]
12708,5630,cuprum metallicum [H]
12709,5630,rhus toxicodendron [H]
12710,5630,silicea [H]
12711,5630,magnesia phosphorica [H]
12712,5631,Hydrogénophosphate de sodium
12713,5631,Dihydrogénophosphate de sodium
12714,5631,phosphate monosodique dihydrate
12715,5631,phosphate disodique dodécahydrate
12716,5632,imipénem monohydrate
12717,5632,cilastatine sodique
12718,5632,rélébactam monohydrate
12719,5633,Fentanyl
12720,5633,fentanyl citrate
12721,5634,luspatercept
12722,5635,Ribavirine
12723,5635,ribavirine
12724,5636,glucose monohydrate
12725,5636,triglycérides à chaîne moyenne
12726,5636,soja huile raffinée
12727,5636,sodium chlorure
12728,5636,phosphate monosodique dihydrate
12729,5636,triglycérides d'acides oméga 3
12730,5636,zinc acétate dihydrate
12731,5636,acides aminés
12732,5636,sodium hydroxyde
12733,5636,sodium acétate trihydrate
12734,5636,potassium acétate
12735,5636,magnésium acétate tétrahydrate
12736,5636,calcium chlorure dihydrate
12737,5636,azote
12738,5637,Interféron bêta-1a
12739,5637,interféron bêta-1a
12740,5638,soja huile
12741,5638,glucose monohydrate
12742,5638,triglycérides à chaîne moyenne
12743,5638,acides aminés
12744,5638,azote
12745,5639,glucose monohydrate
12746,5639,sodium hydroxyde
12747,5639,triglycérides à chaîne moyenne
12748,5639,phosphate monosodique dihydrate
12749,5639,zinc acétate dihydrate
12750,5639,sodium acétate trihydrate
12751,5639,potassium acétate
12752,5639,soja huile raffinée
12753,5639,acides aminés
12754,5639,sodium chlorure
12755,5639,magnésium acétate tétrahydrate
12756,5639,calcium chlorure dihydrate
12757,5639,azote
12758,5640,idébénone
12759,5641,Cétirizine dichlorhydrate
12760,5641,cétirizine dichlorhydrate
12761,5642,glycérol phénylbutyrate
12762,5643,Rasagiline
12763,5643,rasagiline bésilate
12764,5644,Rasagiline
12765,5644,rasagiline tartrate
12766,5645,Rasagiline
12767,5645,rasagiline tartrate
12768,5646,filgrastim
12769,5647,Rasagiline
12770,5647,rasagiline tartrate
12771,5648,Rasagiline
12772,5648,rasagiline mésilate
12773,5649,Rasagiline
12774,5649,rasagiline tartrate
12775,5650,Rasagiline
12776,5650,rasagiline tartrate
12777,5651,Rasagiline
12778,5651,rasagiline tartrate
12779,5652,Rasagiline
12780,5652,rasagiline tartrate
12781,5653,Rasagiline
12782,5653,rasagiline tartrate
12783,5654,Rasagiline
12784,5654,rasagiline tartrate
12785,5655,rasagiline tartrate
12786,5656,rasagiline tartrate
12787,5657,régadénoson
12788,5658,ranibizumab
12789,5659,sirolimus
12790,5660,landiolol chlorhydrate
12791,5661,alfentanil chlorhydrate
12792,5662,Ramipril
12793,5662,Hydrochlorothiazide
12794,5662,ramipril
12795,5662,hydrochlorothiazide
12796,5663,Ramipril
12797,5663,Hydrochlorothiazide
12798,5663,ramipril
12799,5663,hydrochlorothiazide
12800,5664,Ramipril
12801,5664,Hydrochlorothiazide
12802,5664,ramipril
12803,5664,hydrochlorothiazide
12804,5665,Ramipril
12805,5665,Hydrochlorothiazide
12806,5665,ramipril
12807,5665,hydrochlorothiazide
12808,5666,ranolazine
12809,5667,Ramipril
12810,5667,Hydrochlorothiazide
12811,5667,ramipril
12812,5667,hydrochlorothiazide
12813,5668,Ramipril
12814,5668,Hydrochlorothiazide
12815,5668,ramipril
12816,5668,hydrochlorothiazide
12817,5669,Ramipril
12818,5669,Hydrochlorothiazide
12819,5669,ramipril
12820,5669,hydrochlorothiazide
12821,5670,Ramipril
12822,5670,ramipril
12823,5671,Ramipril
12824,5671,ramipril
12825,5672,Ramipril
12826,5672,ramipril
12827,5673,Ramipril
12828,5673,ramipril
12829,5674,Ramipril
12830,5674,ramipril
12831,5675,Ramipril
12832,5675,ramipril
12833,5676,Ramipril
12834,5676,ramipril
12835,5677,Ramipril
12836,5677,ramipril
12837,5678,Ramipril
12838,5678,ramipril
12839,5679,Ramipril
12840,5679,ramipril
12841,5680,Cuivre sulfate
12842,5680,Zinc sulfate
12843,5680,cuivre sulfate
12844,5680,zinc sulfate
12845,5681,Ramipril
12846,5681,ramipril
12847,5682,Ramipril
12848,5682,ramipril
12849,5683,Ramipril
12850,5683,ramipril
12851,5684,raltégravir potassique
12852,5685,raltégravir potassique
12853,5686,Raloxifène chlorhydrate
12854,5686,raloxifène chlorhydrate
12855,5687,Raloxifène chlorhydrate
12856,5687,raloxifène chlorhydrate
12857,5688,Raloxifène chlorhydrate
12858,5688,raloxifène chlorhydrate
12859,5689,Raloxifène chlorhydrate
12860,5689,raloxifène chlorhydrate
12861,5690,Raloxifène chlorhydrate
12862,5690,raloxifène chlorhydrate
12863,5691,Raloxifène chlorhydrate
12864,5691,raloxifène chlorhydrate
12865,5692,Raloxifène chlorhydrate
12866,5692,raloxifène chlorhydrate
12867,5693,Raloxifène chlorhydrate
12868,5693,raloxifène chlorhydrate
12869,5694,méglumine amidotrizoate
12870,5694,sodium amidotrizoate
12871,5697,bleu de Prusse
12872,5698,PSMA-1007 18F
12873,5699,Racécadotril
12874,5699,racécadotril
12875,5700,Racécadotril
12876,5700,racécadotril
12877,5701,Racécadotril
12878,5701,racécadotril
12879,5702,Racécadotril
12880,5702,racécadotril
12881,5703,Racécadotril
12882,5703,racécadotril
12883,5704,Virus rabiques inactivés
12884,5704,virus rabique inactivé souche Flury LEP
12885,5705,Rabéprazole sodique
12886,5705,rabéprazole sodique
12887,5706,Rabéprazole sodique
12888,5706,rabéprazole sodique
12889,5707,Rabéprazole sodique
12890,5707,rabéprazole sodique
12891,5708,Rabéprazole sodique
12892,5708,rabéprazole sodique
12893,5709,Rabéprazole sodique
12894,5709,rabéprazole sodique
12895,5710,Rabéprazole sodique
12896,5710,rabéprazole sodique
12897,5711,Rabéprazole sodique
12898,5711,rabéprazole sodique
12899,5712,Rabéprazole sodique
12900,5712,rabéprazole sodique
12901,5713,Rabéprazole sodique
12902,5713,rabéprazole sodique
12903,5714,rabéprazole sodique
12904,5715,Rabéprazole sodique
12905,5715,rabéprazole sodique
12906,5716,Rabéprazole sodique
12907,5716,rabéprazole sodique
12908,5717,Rabéprazole sodique
12909,5717,rabéprazole sodique monohydrate
12910,5718,Rabéprazole sodique
12911,5718,rabéprazole sodique
12912,5719,capsaïcine
12913,5720,daridorexant chlorhydrate
12914,5721,Quinisocaïne chlorhydrate
12915,5721,quinisocaïne chlorhydrate
12916,5722,Béclométasone dipropionate
12917,5722,béclométasone dipropionate
12918,5723,Rabéprazole sodique
12919,5723,rabéprazole sodique
12920,5724,délafloxacine méglumine
12921,5725,Doxépine
12922,5725,doxépine chlorhydrate
12923,5726,Ofloxacine
12924,5726,ofloxacine
12925,5727,quinine chlorhydrate
12926,5728,Quinapril
12927,5728,Hydrochlorothiazide
12928,5728,quinapril chlorhydrate
12929,5728,hydrochlorothiazide
12930,5729,Quinapril
12931,5729,Hydrochlorothiazide
12932,5729,quinapril chlorhydrate
12933,5729,hydrochlorothiazide
12934,5730,Quinapril
12935,5730,quinapril chlorhydrate
12936,5731,Quinine
12937,5731,Quinidine
12938,5731,Cinchonine
12939,5731,Cinchonidine
12940,5731,quinine gluconate
12941,5731,quinidine gluconate
12942,5731,cinchonine chlorhydrate
12943,5731,cinchonidine chlorhydrate
12944,5731,quinine chlorhydrate
12945,5731,quinidine chlorhydrate
12946,5732,chamomilla vulgaris [H]
12947,5732,gelsemium sempervirens [H]
12948,5732,hyoscyamus niger [H]
12949,5732,kalium bromatum [H]
12950,5732,passiflora incarnata [H]
12951,5732,stramonium [H]
12952,5733,Rosuvastatine
12953,5733,Ézétimibe
12954,5733,rosuvastatine calcique
12955,5733,ézétimibe
12956,5734,Quétiapine
12957,5734,quétiapine fumarate
12958,5735,Quétiapine
12959,5735,quétiapine fumarate
12960,5736,Quétiapine
12961,5736,quétiapine fumarate
12962,5737,Quétiapine
12963,5737,quétiapine fumarate
12964,5738,Quétiapine
12965,5738,quétiapine fumarate
12966,5739,Quétiapine
12967,5739,quétiapine fumarate
12968,5740,Quétiapine
12969,5740,quétiapine fumarate
12970,5741,Quétiapine
12971,5741,quétiapine fumarate
12972,5742,Quétiapine
12973,5742,quétiapine fumarate
12974,5743,Quétiapine
12975,5743,quétiapine fumarate
12976,5744,Quétiapine
12977,5744,quétiapine fumarate
12978,5745,Quétiapine
12979,5745,quétiapine fumarate
12980,5746,Colestyramine
12981,5746,colestyramine
12982,5747,Quétiapine
12983,5747,quétiapine fumarate
12984,5748,Méthylphénidate chlorhydrate
12985,5748,méthylphénidate chlorhydrate
12986,5749,Quétiapine
12987,5749,quétiapine fumarate
12988,5750,p-aminosalicylate de sodium
12989,5750,p-aminosalicylate de sodium dihydrate
12990,5751,samarium 153Sm lexidronam pentasodique
12991,5752,Estradiol valérate
12992,5752,Diénogest
12993,5752,estradiol valérate
12994,5752,diénogest
12995,5753,riprétinib
12996,5754,Éthinylestradiol
12997,5754,Lévonorgestrel
12998,5754,lévonorgestrel
12999,5754,éthinylestradiol
13000,5755,dinutuximab bêta
13001,5756,tofersen
13002,5757,virus de la dengue sérotype 1
13003,5757,virus de la dengue sérotype 2
13004,5757,virus de la dengue sérotype 3
13005,5757,virus de la dengue sérotype 4
13006,5759,pyridoxine chlorhydrate
13007,5760,pyridostigmine bromure
13008,5761,piflufolastat 18F
13009,5762,Pristinamycine
13010,5762,pristinamycine
13011,5763,Sous-citrate de bismuth potassique
13012,5763,Métronidazole
13013,5763,Tétracycline chlorhydrate
13014,5763,bismuth subcitrate potassium
13015,5763,métronidazole
13016,5763,tétracycline chlorhydrate
13017,5764,"Rhubarbe, extrait de racine"
13018,5764,Acide salicylique
13019,5764,rhubarbe racine extrait sec hydroalcoolique sodé et purifié
13020,5764,acide salicylique
13021,5765,"Sennosides calciques, extraits de Cassia augustifolia et acutifolia"
13022,5765,sennosides calciques
13023,5766,Épinastine chlorhydrate
13024,5766,épinastine chlorhydrate
13025,5767,dornase alfa
13026,5768,Follitropine bêta (FSH)
13027,5768,follitropine bêta
13028,5769,Mercaptopurine
13029,5769,mercaptopurine
13030,5770,Codéine
13031,5770,Gaïacol
13032,5770,codéine
13033,5770,gaïacol
13034,5771,Benzoate de sodium
13035,5771,Terpine
13036,5771,Guaïfénésine
13037,5771,Cinéole (eucalyptol)
13038,5771,terpine
13039,5771,cinéole
13040,5771,sodium benzoate
13041,5771,guaïfénésine
13042,5772,graphite
13043,5773,albumine humaine d'origine plasmatique
13044,5774,Dextrométhorphane bromhydrate
13045,5774,dextrométhorphane bromhydrate
13046,5775,psyllium graine
13047,5776,Psyllium
13048,5776,ispaghul tégument de graine
13049,5778,Fluoxétine
13050,5778,fluoxétine chlorhydrate
13051,5779,Budésonide
13052,5779,budésonide micronisé
13053,5779,budésonide
13054,5780,protoxyde d'azote
13055,5781,protoxyde d'azote
13056,5782,protoxyde d'azote
13057,5783,Estradiol
13058,5783,estradiol
13059,5783,estradiol hémihydrate
13060,5784,protoxyde d'azote
13061,5785,protoxyde d'azote
13062,5786,protéine C humaine
13063,5787,Tacrolimus
13064,5787,tacrolimus monohydrate
13065,5788,Dosulépine chlorhydrate
13066,5788,dosulépine chlorhydrate
13067,5789,Protamine sulfate
13068,5789,protamine sulfate
13069,5790,alprostadil
13070,5791,Néostigmine méthylsulfate
13071,5791,néostigmine méthylsulfate
13072,5792,dinoprostone
13073,5793,fluorocholine 18F
13074,5794,"Millepertuis, extrait sec de sommités fleuries"
13075,5794,millepertuis extrait sec de sommité fleurie
13076,5795,Benzododécinium bromure
13077,5795,Polysorbate 80
13078,5795,polysorbate 80
13079,5795,benzododécinium bromure monohydrate
13080,5796,"Lierre grimpant, extrait de feuille"
13081,5796,lierre grimpant feuille extrait sec hydroalcoolique
13082,5797,Propylthiouracile
13083,5797,propylthiouracile
13084,5798,Propranolol chlorhydrate
13085,5798,propranolol chlorhydrate
13086,5800,Propranolol chlorhydrate
13087,5800,propranolol chlorhydrate
13088,5801,propranolol chlorhydrate
13089,5802,Propranolol chlorhydrate
13090,5802,propranolol chlorhydrate
13091,5803,Propranolol chlorhydrate
13092,5803,propranolol chlorhydrate
13093,5804,propranolol chlorhydrate
13094,5806,propofol
13095,5807,Fluticasone propionate
13096,5807,Salmétérol
13097,5807,fluticasone propionate
13098,5807,salmétérol xinafoate
13099,5808,propofol
13100,5809,propofol
13101,5810,propofol
13102,5811,Fluticasone propionate
13103,5811,Salmétérol
13104,5811,fluticasone propionate
13105,5811,salmétérol xinafoate
13106,5812,Fluticasone propionate
13107,5812,Salmétérol
13108,5812,fluticasone propionate
13109,5812,salmétérol xinafoate
13110,5813,fluticasone propionate
13111,5813,salmétérol xinafoate
13112,5814,Fluticasone propionate
13113,5814,Salmétérol
13114,5814,fluticasone propionate
13115,5814,salmétérol xinafoate
13116,5815,Fluticasone propionate
13117,5815,Salmétérol
13118,5815,fluticasone propionate
13119,5815,salmétérol xinafoate
13120,5816,Fluticasone propionate
13121,5816,Salmétérol
13122,5816,fluticasone propionate
13123,5816,salmétérol xinafoate
13124,5817,Fluticasone propionate
13125,5817,Salmétérol
13126,5817,fluticasone propionate
13127,5817,salmétérol xinafoate
13128,5818,Fluticasone propionate
13129,5818,Salmétérol
13130,5818,fluticasone propionate
13131,5818,salmétérol xinafoate
13132,5819,Fluticasone propionate
13133,5819,fluticasone propionate
13134,5820,dinoprostone
13135,5821,Finastéride
13136,5821,finastéride
13137,5822,propafénone chlorhydrate
13138,5823,Paracétamol
13139,5823,Codéine phosphate
13140,5823,Caféine
13141,5823,paracétamol
13142,5823,caféine
13143,5823,codéine phosphate hémihydrate
13144,5824,Paracétamol
13145,5824,Caféine
13146,5824,paracétamol
13147,5824,caféine
13148,5825,aldesleukine
13149,5826,Dénosumab
13150,5826,dénosumab
13151,5827,alpha-1-antitrypsine humaine
13152,5828,Métoclopramide chlorhydrate
13153,5828,métoclopramide chlorhydrate
13154,5829,diazoxide
13155,5830,Estradiol valérate
13156,5830,estradiol valérate
13157,5831,tacrolimus
13158,5832,gadotéridol
13159,5833,Progestérone
13160,5833,progestérone
13161,5834,Progestérone
13162,5834,progestérone
13163,5835,Progestérone
13164,5835,progestérone
13165,5836,progestérone
13166,5837,diazoxide
13167,5838,hydroxyprogestérone caproate
13168,5839,Progestérone
13169,5839,progestérone
13170,5840,Progestérone
13171,5840,progestérone
13172,5841,Kétoprofène
13173,5841,kétoprofène
13174,5842,fosphénytoïne sodique
13175,5843,Kétoprofène
13176,5843,kétoprofène
13177,5844,"Palmier de Floride (Serenoa repens), extrait sec"
13178,5844,serenoa repens fruit extrait
13179,5845,Isotrétinoïne
13180,5845,isotrétinoïne
13181,5846,mercaptamine bitartrate
13182,5847,immunoglobulines humaines normales
13183,5848,procaïne chlorhydrate
13184,5849,Telmisartan
13185,5849,Hydrochlorothiazide
13186,5849,telmisartan
13187,5849,hydrochlorothiazide
13188,5850,Ivabradine
13189,5850,ivabradine chlorhydrate
13190,5853,Virus vivants atténués de la rougeole (souche Schwartz)
13191,5853,Virus vivants atténués des oreillons (souche RIT 4385)
13192,5853,Virus vivants atténués de la rubéole (souche Wistar RA 27/3)
13193,5853,virus vivants atténués de la rougeole souche Schwarz
13194,5853,virus vivants atténués des oreillons souche Jeryl Lynn
13195,5853,virus vivants atténués de la rubéole souche Wistar RA 27/3 M
13196,5854,calcium chlorure dihydrate
13197,5854,magnésium chlorure hexahydrate
13198,5854,glucose monohydrate
13199,5854,acide lactique
13200,5854,sodium chlorure
13201,5854,bicarbonate de sodium
13202,5854,potassium chlorure
13203,5855,Telmisartan
13204,5855,telmisartan
13205,5856,Thiamine nitrate (vitamine B1)
13206,5856,Pyridoxine chlorhydrate (vitamine B6)
13207,5856,thiamine nitrate
13208,5856,pyridoxine chlorhydrate
13209,5857,acides aminés
13210,5857,azote
13211,5858,acide gadoxétique sel disodique
13212,5859,primaquine diphosphate
13213,5860,Métoclopramide chlorhydrate anhydre
13214,5860,métoclopramide chlorhydrate
13215,5860,métoclopramide
13216,5861,articaïne chlorhydrate
13217,5861,adrénaline tartrate
13218,5862,Dapoxétine
13219,5862,dapoxétine chlorhydrate
13220,5863,Méquitazine
13221,5863,méquitazine
13222,5865,pridopidine
13223,5866,ziconotide acétate
13224,5867,Chlorhexidine digluconate
13225,5867,chlorhexidine gluconate solution
13226,5868,Darunavir
13227,5868,darunavir éthanolate
13228,5869,"Polyosides de 13 types différents de Streptococcus pneumoniae (sérotypes 1, 3, 4, 5, 6A, 6B, 7F, 9V, 14, 18C, 19A, 19F et 23F)"
13229,5869,polyoside pneumococcique sérotype 1
13230,5869,polyoside pneumococcique sérotype 3
13231,5869,polyoside pneumococcique sérotype 4
13232,5869,polyoside pneumococcique sérotype 5
13233,5869,polyoside pneumococcique sérotype 6A
13234,5869,polyoside pneumococcique sérotype 6B
13235,5869,polyoside pneumococcique sérotype 7F
13236,5869,polyoside pneumococcique sérotype 9V
13237,5869,polyoside pneumococcique sérotype 14
13238,5869,polyoside pneumococcique sérotype 18C
13239,5869,polyoside pneumococcique sérotype 19A
13240,5869,polyoside pneumococcique sérotype 19F
13241,5869,polyoside pneumococcique sérotype 23F
13242,5869,protéine CRM-197 de Corynebacterium diphteriae
13243,5870,Fluindione
13244,5870,fluindione
13245,5871,"Polyosides de 20 types différents de Streptococcus pneumoniae (sérotypes 1, 3, 4, 5, 6A, 6B, 7F, 8, 9V, 10A, 11A, 12F, 14, 15B, 18C, 19A, 19F, 22F, 23F et 35F)"
13246,5871,polyoside pneumococcique sérotype 1
13247,5871,polyoside pneumococcique sérotype 3
13248,5871,polyoside pneumococcique sérotype 4
13249,5871,polyoside pneumococcique sérotype 5
13250,5871,polyoside pneumococcique sérotype 6A
13251,5871,polyoside pneumococcique sérotype 6B
13252,5871,polyoside pneumococcique sérotype 7F
13253,5871,polyoside pneumococcique sérotype 8
13254,5871,polyoside pneumococcique sérotype 9V
13255,5871,polyoside pneumococcique sérotype 10A
13256,5871,polyoside pneumococcique sérotype 11A
13257,5871,polyoside pneumococcique sérotype 12F
13258,5871,polyoside pneumococcique sérotype 14
13259,5871,polyoside pneumococcique sérotype 15B
13260,5871,polyoside pneumococcique sérotype 18C
13261,5871,polyoside pneumococcique sérotype 19A
13262,5871,polyoside pneumococcique sérotype 19F
13263,5871,polyoside pneumococcique sérotype 22F
13264,5871,polyoside pneumococcique sérotype 23F
13265,5871,polyoside pneumococcique sérotype 33F
13266,5871,protéine CRM-197 de Corynebacterium diphteriae
13267,5872,létermovir
13268,5873,Méthotrexate
13269,5873,méthotrexate
13270,5874,périndopril arginine
13271,5874,indapamide
13272,5875,Périndopril arginine
13273,5875,Indapamide
13274,5875,périndopril arginine
13275,5875,indapamide
13276,5876,dinoprostone
13277,5877,Hydrochlorothiazide
13278,5877,Triamtérène
13279,5877,triamtérène
13280,5877,hydrochlorothiazide
13281,5878,apis mellifica [H]
13282,5878,pollens [H]
13283,5878,poumon histamine [H]
13284,5879,Naloxone
13285,5879,naloxone chlorhydrate dihydrate
13286,5880,Ramipril
13287,5880,Amlodipine
13288,5880,ramipril
13289,5880,amlodipine bésilate
13290,5881,Prégabaline
13291,5881,prégabaline
13292,5882,prégabaline
13293,5883,Prégabaline
13294,5883,prégabaline
13295,5884,Prégabaline
13296,5884,prégabaline
13297,5885,Prégabaline
13298,5885,prégabaline
13299,5886,Prégabaline
13300,5886,prégabaline
13301,5887,Prégabaline
13302,5887,prégabaline
13303,5888,Prégabaline
13304,5888,prégabaline
13305,5889,Prégabaline
13306,5889,prégabaline
13307,5890,Prégabaline
13308,5890,prégabaline
13309,5891,Prégabaline
13310,5891,prégabaline
13311,5892,Prégabaline
13312,5892,prégabaline
13313,5893,Prégabaline
13314,5893,prégabaline
13315,5894,Prégabaline
13316,5894,prégabaline
13317,5895,Prégabaline
13318,5895,prégabaline
13319,5896,Prégabaline
13320,5896,prégabaline
13321,5897,Prégabaline
13322,5897,prégabaline
13323,5898,5-méthyltétrahydrofolate de calcium
13324,5899,prednisone
13325,5900,Prednisone
13326,5900,prednisone
13327,5901,Prednisone
13328,5901,prednisone
13329,5902,Prednisone
13330,5902,prednisone
13331,5903,prednisolone m-sulfobenzoate sel de Na
13332,5904,Prednisolone
13333,5904,prednisolone m-sulfobenzoate sel de Na
13334,5905,Prednisone
13335,5905,prednisone
13336,5906,Prednisone
13337,5906,prednisone
13338,5907,Prednisone
13339,5907,prednisone
13340,5908,Prednisolone
13341,5908,prednisolone m-sulfobenzoate sel de Na
13342,5909,Prednisolone
13343,5909,prednisolone m-sulfobenzoate sel de Na
13344,5910,Prednisolone
13345,5910,prednisolone m-sulfobenzoate sel de Na
13346,5911,Prednisolone
13347,5911,prednisolone m-sulfobenzoate sel de Na
13348,5912,Prednisolone
13349,5912,prednisolone m-sulfobenzoate sel de Na
13350,5913,prednisolone
13351,5914,Prednisolone
13352,5914,prednisolone m-sulfobenzoate sel de Na
13353,5915,Prednisolone
13354,5915,prednisolone m-sulfobenzoate sel de Na
13355,5916,Prednisolone
13356,5916,prednisolone m-sulfobenzoate sel de Na
13357,5917,prednisolone
13358,5918,prednisolone acétate
13359,5919,Prazépam
13360,5919,prazépam
13361,5920,articaïne chlorhydrate
13362,5920,adrénaline tartrate
13363,5921,Prazépam
13364,5921,prazépam
13365,5922,Prazépam
13366,5922,prazépam
13367,5923,idarucizumab
13368,5924,Pravastatine sodique
13369,5924,pravastatine sodique
13370,5925,Pravastatine sodique
13371,5925,pravastatine sodique
13372,5926,Pravastatine sodique
13373,5926,pravastatine sodique
13374,5927,pravastatine sodique
13375,5928,pravastatine sodique
13376,5929,Pravastatine sodique
13377,5929,pravastatine sodique
13378,5930,Pravastatine sodique
13379,5930,pravastatine sodique
13380,5931,Pravastatine sodique
13381,5931,pravastatine sodique
13382,5932,Pravastatine sodique
13383,5932,pravastatine sodique
13384,5933,Pravastatine sodique
13385,5933,pravastatine sodique
13386,5934,pravastatine sodique
13387,5935,Pravastatine sodique
13388,5935,pravastatine sodique
13389,5936,Pravastatine sodique
13390,5936,pravastatine sodique
13391,5937,Pravastatine sodique
13392,5937,pravastatine sodique
13393,5938,Prasugrel
13394,5938,prasugrel bromhydrate
13395,5939,prasugrel chlorhydrate
13396,5940,Prasugrel
13397,5940,prasugrel bésilate
13398,5941,Pravastatine sodique
13399,5941,pravastatine sodique
13400,5942,Pravastatine sodique
13401,5942,pravastatine sodique
13402,5943,Prasugrel
13403,5943,prasugrel
13404,5944,Prasugrel
13405,5944,prasugrel chlorhydrate
13406,5945,Prasugrel
13407,5945,prasugrel bromhydrate
13408,5946,prasugrel bromhydrate
13409,5947,Prasugrel
13410,5947,prasugrel
13411,5948,Prasugrel
13412,5948,prasugrel bromhydrate
13413,5949,Pramocaïne chlorhydrate
13414,5949,pramocaïne chlorhydrate
13415,5950,Pramocaïne chlorhydrate
13416,5950,pramocaïne chlorhydrate
13417,5951,Prasugrel
13418,5951,prasugrel bromhydrate
13419,5952,Pramipexole
13420,5952,pramipexole dichlorhydrate monohydrate
13421,5953,Pramipexole
13422,5953,pramipexole dichlorhydrate monohydrate
13423,5954,Pramipexole
13424,5954,pramipexole dichlorhydrate monohydrate
13425,5955,Pramipexole
13426,5955,pramipexole dichlorhydrate monohydrate
13427,5956,Pramipexole
13428,5956,pramipexole dichlorhydrate monohydrate
13429,5957,Pramipexole
13430,5957,pramipexole dichlorhydrate monohydrate
13431,5958,Pramipexole
13432,5958,pramipexole dichlorhydrate monohydrate
13433,5960,Dabigatran étexilate
13434,5960,dabigatran étexilate mésilate
13435,5961,Alirocumab
13436,5961,alirocumab
13437,5963,Povidone iodée
13438,5963,povidone iodée
13439,5964,mogamulizumab
13440,5965,Chlorure de potassium
13441,5965,Glycérophosphate de potassium (50 %)
13442,5965,potassium chlorure
13443,5965,potassium glycérophosphate
13444,5966,povidone iodée
13445,5967,Gluconate de potassium
13446,5967,Potassium
13447,5967,potassium gluconate
13448,5968,potassium aminobenzoate
13449,5969,posaconazole
13450,5970,posaconazole
13451,5971,posaconazole
13452,5972,posaconazole
13453,5973,posaconazole
13454,5974,posaconazole
13455,5975,ponésimod
13456,5976,posaconazole
13457,5977,méropénem trihydrate
13458,5978,Acide salicylique
13459,5978,acide salicylique
13460,5979,Acide méfénamique
13461,5979,acide méfénamique
13462,5980,Arnica Montana teinture mère
13463,5980,arnica montana teinture [H]
13464,5981,cipaglucosidase alfa
13465,5982,pomalidomide
13466,5983,pomalidomide
13467,5984,pomalidomide
13468,5985,pomalidomide
13469,5986,Polystyrène sulfonate de sodium
13470,5986,polystyrène sulfonate de sodium
13471,5987,pomalidomide
13472,5988,pomalidomide
13473,5989,polystyrène sulfonate de sodium
13474,5990,glucose monohydrate
13475,5990,sodium chlorure
13476,5990,potassium chlorure
13477,5991,Diméticone
13478,5991,diméticone
13479,5992,Aluminium hydroxyde
13480,5992,Siméticone
13481,5992,siméticone
13482,5992,aluminium hydroxyde
13483,5993,Gomme karaya
13484,5993,Crospovidone
13485,5993,sterculia gomme
13486,5993,crospovidone
13487,5994,glucose monohydrate
13488,5994,sodium chlorure
13489,5994,potassium chlorure
13490,5994,calcium gluconate
13491,5995,glucose monohydrate
13492,5995,sodium chlorure
13493,5995,potassium chlorure
13494,5996,Néomycine sulfate
13495,5996,Polymyxine B sulfate
13496,5996,Dexaméthasone métasulfobenzoate sodique
13497,5996,néomycine sulfate
13498,5996,polymyxine B sulfate
13499,5996,dexaméthasone m-sulfobenzoate sel de Na
13500,5997,Néomycine sulfate
13501,5997,Polymyxine B sulfate
13502,5997,Nystatine
13503,5997,néomycine sulfate
13504,5997,polymyxine B sulfate
13505,5997,nystatine
13506,5998,potassium chlorure
13507,5998,sodium chlorure
13508,5998,glucose monohydrate
13509,5999,oxybutynine chlorhydrate
13510,6001,Polyosides de 23 sérotypes de Streptococcus pneumoniae
13511,6001,polyoside pneumococcique
13512,6002,Codéine
13513,6002,"Érysimum, extrait fluide"
13514,6002,codéine
13515,6002,erysimum extrait hydroalcoolique fluide
13516,6003,Dexchlorphéniramine maléate
13517,6003,dexchlorphéniramine maléate
13518,6004,lutécium-177 vipivotide tétraxétan
13519,6005,plérixafor
13520,6006,plérixafor
13521,6007,plérixafor
13522,6008,Alizapride
13523,6008,alizapride chlorhydrate
13524,6009,plérixafor
13525,6010,plérixafor
13526,6011,plérixafor
13527,6012,macrogol 3350
13528,6012,sodium chlorure
13529,6012,potassium chlorure
13530,6012,sodium ascorbate
13531,6012,acide ascorbique
13532,6012,sodium sulfate anhydre
13533,6013,Peginterféron bêta-1a
13534,6013,peginterféron bêta-1a
13535,6014,gélatine fluide modifiée
13536,6014,sodium chlorure
13537,6014,magnésium chlorure hexahydrate
13538,6014,potassium chlorure
13539,6014,sodium lactate
13540,6015,sodium chlorure
13541,6015,calcium chlorure
13542,6015,magnésium chlorure
13543,6015,potassium chlorure
13544,6016,sodium chlorure
13545,6016,potassium chlorure
13546,6016,magnésium chlorure hexahydrate
13547,6016,sodium acétate trihydrate
13548,6016,sodium gluconate
13549,6017,Clopidogrel
13550,6017,clopidogrel hydrogénosulfate
13551,6018,Hydroxychloroquine sulfate
13552,6018,hydroxychloroquine sulfate
13553,6019,pixantrone dimaléate
13554,6020,gadobutrol
13555,6021,Tixocortol pivalate
13556,6021,tixocortol pivalate
13557,6022,protoxyde d'azote
13558,6022,oxygène
13559,6023,Piroxicam
13560,6023,piroxicam
13561,6024,Piroxicam
13562,6024,piroxicam
13563,6025,Piroxicam
13564,6025,piroxicam
13565,6026,Piroxicam
13566,6026,piroxicam
13567,6027,Piroxicam
13568,6027,piroxicam
13569,6028,Pyrazinamide
13570,6028,pyrazinamide
13571,6029,pirfénidone
13572,6030,pirfénidone
13573,6031,pirfénidone
13574,6032,pirfénidone
13575,6033,pirfénidone
13576,6034,pirfénidone
13577,6035,pirfénidone
13578,6036,Piracétam
13579,6036,piracétam
13580,6037,pirfénidone
13581,6038,Piracétam
13582,6038,piracétam
13583,6039,Piracétam
13584,6039,piracétam
13585,6040,alpélisib
13586,6041,Piracétam
13587,6041,piracétam
13588,6042,Piracétam
13589,6042,piracétam
13590,6043,pipéracilline sodique
13591,6043,tazobactam sodique
13592,6044,Pipotiazine
13593,6044,Pipotiazine palmitate
13594,6044,pipotiazine
13595,6045,pipéracilline sodique
13596,6045,tazobactam sodique
13597,6046,pipéracilline sodique
13598,6046,tazobactam sodique
13599,6047,Pipotiazine
13600,6047,Pipotiazine palmitate
13601,6047,pipotiazine palmitate
13602,6048,pipéracilline sodique
13603,6048,tazobactam sodique
13604,6049,pipéracilline sodique
13605,6049,tazobactam sodique
13606,6050,pipéracilline sodique
13607,6050,tazobactam sodique
13608,6051,pipéracilline sodique
13609,6051,tazobactam sodique
13610,6052,pipéracilline sodique
13611,6052,tazobactam sodique
13612,6053,Pinavérium bromure
13613,6053,pinavérium bromure
13614,6054,Pinavérium bromure
13615,6054,pinavérium bromure
13616,6055,pipéracilline sodique
13617,6056,pipéracilline sodique
13618,6056,tazobactam sodique
13619,6057,pipéracilline sodique
13620,6057,tazobactam sodique
13621,6058,Pinavérium bromure
13622,6058,pinavérium bromure
13623,6059,Pinavérium bromure
13624,6059,pinavérium bromure
13625,6060,Pinavérium bromure
13626,6060,pinavérium bromure
13627,6061,Pinavérium bromure
13628,6061,pinavérium bromure
13629,6062,Pilocarpine nitrate
13630,6062,pilocarpine nitrate
13631,6063,Doravirine
13632,6063,doravirine
13633,6064,sodium picosulfate
13634,6064,oxyde de magnésium léger
13635,6064,acide citrique
13636,6065,"Ipécacuanha, extrait concentré pour sirop"
13637,6065,"Baume de Tolu, extrait concentré pour sirop"
13638,6065,baume de Tolu extrait concentré p sirop
13639,6065,desessartz extrait concentré p sirop
13640,6066,Insaponifiables d'huile d'avocat
13641,6066,Insaponifiables d'huile de soja
13642,6066,insaponifiables d'huile d'avocat
13643,6066,insaponifiables d'huile de soja
13644,6067,sodium phytate anhydre
13645,6068,calcium
13646,6068,magnésium
13647,6068,sodium
13648,6068,chlorure
13649,6068,hydrogénophosphate
13650,6068,bicarbonate
13651,6068,potassium
13652,6068,calcium chlorure dihydrate
13653,6068,magnésium chlorure hexahydrate
13654,6068,sodium chlorure
13655,6068,bicarbonate de sodium
13656,6068,potassium chlorure
13657,6068,phosphate disodique dihydrate
13658,6069,Estriol
13659,6069,estriol
13660,6070,Moxonidine
13661,6070,moxonidine
13662,6071,glucose monohydrate
13663,6071,bicarbonate de sodium
13664,6071,sodium chlorure
13665,6071,calcium chlorure dihydrate
13666,6071,magnésium chlorure hexahydrate
13667,6071,sodium lactate solution
13668,6073,calcium acétate
13669,6074,Acide phosphorique concentré
13670,6074,Bisdihydrogénophosphate de calcium
13671,6074,Phosphate disodique
13672,6074,Glycérophosphate de magnésium
13673,6074,acide phosphorique concentré
13674,6074,phosphate monocalcique
13675,6074,phosphate disodique
13676,6074,magnésium glycérophosphate
13677,6076,phosphate monopotassique
13678,6077,phosphate dipotassique
13679,6078,Gel de phosphate d'aluminium colloïdal
13680,6078,aluminium phosphate gel colloïdal à 20%
13681,6079,Guaïfénésine
13682,6079,Cinéole (eucalyptol)
13683,6079,Bismuth sous-succinate
13684,6079,guaïfénésine
13685,6079,bismuth sous-succinate
13686,6079,cinéole
13687,6080,Pholcodine
13688,6080,pholcodine monohydrate
13689,6081,glucose-1-phosphate disodique tétrahydrate
13690,6082,phloroglucinol dihydrate
13691,6082,triméthylphloroglucinol
13692,6083,Phloroglucinol
13693,6083,phloroglucinol
13694,6084,Phloroglucinol
13695,6084,phloroglucinol
13696,6085,Phloroglucinol
13697,6085,phloroglucinol
13698,6085,phloroglucinol dihydrate
13699,6086,Phloroglucinol
13700,6086,phloroglucinol
13701,6086,phloroglucinol dihydrate
13702,6087,Phloroglucinol
13703,6087,phloroglucinol
13704,6088,Phloroglucinol
13705,6088,phloroglucinol
13706,6089,Phloroglucinol hydraté
13707,6089,phloroglucinol
13708,6090,Phloroglucinol
13709,6090,phloroglucinol
13710,6091,Phloroglucinol
13711,6091,phloroglucinol
13712,6092,Éthinylestradiol
13713,6092,Drospirénone
13714,6092,éthinylestradiol
13715,6092,drospirénone
13716,6093,phényléphrine chlorhydrate
13717,6094,phényléphrine chlorhydrate
13718,6095,Pertuzumab
13719,6095,trastuzumab
13720,6096,phényléphrine chlorhydrate
13721,6097,phénoxyméthylpénicilline
13722,6098,phénobarbital
13723,6099,melphalan chlorhydrate
13724,6100,Prométhazine
13725,6100,prométhazine
13726,6100,prométhazine chlorhydrate
13727,6101,sodium phénylbutyrate
13728,6102,Éconazole nitrate
13729,6102,Triamcinolone acétonide
13730,6102,éconazole nitrate
13731,6102,triamcinolone acétonide
13732,6103,Cyclamen europaeum 6 DH
13733,6103,Gelsemium 4 DH
13734,6103,Chelidonium majus 3 DH
13735,6103,Ruta graveolens 8 DH
13736,6103,Iris versicolor 3 DH
13737,6103,Sanguinaria canadensis 4 DH
13738,6103,Argentum nitricum 6 DH
13739,6103,Actaea racemosa 4 DH
13740,6103,Digitalis purpurea 3 DH
13741,6103,Melilotus officinalis 2 DH
13742,6103,cyclamen europeaum [H]
13743,6103,gelsemium sempervirens [H]
13744,6103,chelidonium majus [H]
13745,6103,ruta graveolens [H]
13746,6103,iris versicolor [H]
13747,6103,sanguinaria canadensis [H]
13748,6103,argentum nitricum [H]
13749,6103,cimicifuga [H]
13750,6103,digitalis purpurea [H]
13751,6103,melilotus [H]
13752,6104,Éconazole nitrate
13753,6104,éconazole nitrate
13754,6105,Benzalkonium chlorure
13755,6105,benzalkonium chlorure
13756,6106,"Romarin, huile essentielle"
13757,6106,"Thym rouge, huile essentielle"
13758,6106,"Lavande, huile essentielle"
13759,6106,Thymol
13760,6106,lavande essence
13761,6106,thym rouge essence
13762,6106,romarin essence
13763,6106,thymol
13764,6107,Belladonna 3 DH
13765,6107,China rubra 3 DH
13766,6107,Coccus cacti 8 DH
13767,6107,Drosera rotundifolia 1 DH
13768,6107,Ipecacuanha 3 DH
13769,6107,Mephitis putorius 8 DH
13770,6107,Veratrum album 3 DH
13771,6107,belladonna [H]
13772,6107,cinchona succirubra [H]
13773,6107,coccus cacti [H]
13774,6107,drosera [H]
13775,6107,ipéca [H]
13776,6107,mephitis putorius [H]
13777,6107,veratrum album [H]
13778,6108,éthosuximide
13779,6109,Dipyridamole
13780,6109,dipyridamole
13781,6110,Oxymétazoline chlorhydrate
13782,6110,oxymétazoline chlorhydrate
13783,6111,Éthinylestradiol
13784,6111,Gestodène
13785,6111,gestodène
13786,6111,éthinylestradiol
13787,6112,povidone iodée
13788,6112,alcool isopropylique
13789,6113,Pertuzumab
13790,6114,"Palmier de Floride (Serenoa repens), extrait de fruit"
13791,6114,serenoa repens fruit extrait
13792,6115,sodium chlorure
13793,6115,potassium chlorure
13794,6115,magnésium chlorure hexahydrate
13795,6115,calcium chlorure dihydrate
13796,6115,histidine
13797,6115,histidine chlorhydrate monohydrate
13798,6115,tryptophane
13799,6115,mannitol
13800,6115,acide cétoglutarique
13801,6116,acides aminés
13802,6116,olive huile raffinée
13803,6116,soja huile raffinée
13804,6116,sodium acétate trihydrate
13805,6116,sodium glycérophosphate hydrate
13806,6116,potassium chlorure
13807,6116,magnésium chlorure hexahydrate
13808,6116,azote
13809,6116,glucose monohydrate
13810,6116,calcium chlorure dihydrate
13811,6117,glucose monohydrate
13812,6117,triglycérides à chaîne moyenne
13813,6117,acides aminés
13814,6117,soja huile raffinée
13815,6117,sodium chlorure
13816,6117,phosphate monosodique dihydrate
13817,6117,triglycérides d'acides oméga 3
13818,6117,zinc acétate dihydrate
13819,6117,magnésium acétate tétrahydrate
13820,6117,sodium hydroxyde
13821,6117,sodium acétate trihydrate
13822,6117,potassium acétate
13823,6117,calcium chlorure dihydrate
13824,6117,azote
13825,6118,Périndopril tert-butylamine
13826,6118,Indapamide
13827,6118,périndopril tert-butylamine
13828,6118,indapamide
13829,6119,Périndopril tert-butylamine
13830,6119,Indapamide
13831,6119,périndopril tert-butylamine
13832,6119,indapamide
13833,6120,Périndopril tert-butylamine
13834,6120,Indapamide
13835,6120,périndopril tert-butylamine
13836,6120,indapamide
13837,6121,Périndopril tert-butylamine
13838,6121,Indapamide
13839,6121,périndopril tert-butylamine
13840,6121,indapamide
13841,6122,Périndopril tert-butylamine
13842,6122,Indapamide
13843,6122,périndopril tert-butylamine
13844,6122,indapamide
13845,6123,Périndopril tert-butylamine
13846,6123,Indapamide
13847,6123,périndopril tert-butylamine
13848,6123,indapamide
13849,6124,Périndopril tert-butylamine
13850,6124,Indapamide
13851,6124,périndopril tert-butylamine
13852,6124,indapamide
13853,6125,Perindopril tert-butylamine
13854,6125,périndopril tert-butylamine
13855,6126,périndopril tert-butylamine
13856,6126,amlodipine bésilate
13857,6127,Périndopril tert-butylamine
13858,6127,Amlodipine
13859,6127,périndopril tert-butylamine
13860,6127,amlodipine bésilate
13861,6128,Périndopril tert-butylamine
13862,6128,Indapamide
13863,6128,périndopril tert-butylamine
13864,6128,indapamide
13865,6129,Périndopril tosilate
13866,6129,périndopril tosilate
13867,6130,périndopril tosilate
13868,6130,amlodipine bésilate
13869,6131,Périndopril tosilate
13870,6131,Indapamide
13871,6131,périndopril tosilate
13872,6131,indapamide
13873,6132,Perindopril tert-butylamine
13874,6132,périndopril tert-butylamine
13875,6133,Périndopril tert-butylamine
13876,6133,Amlodipine
13877,6133,périndopril tert-butylamine
13878,6133,amlodipine bésilate
13879,6134,Périndopril tert-butylamine
13880,6134,Amlodipine
13881,6134,périndopril tert-butylamine
13882,6134,amlodipine bésilate
13883,6135,Perindopril tert-butylamine
13884,6135,périndopril tert-butylamine
13885,6136,Périndopril tosilate
13886,6136,périndopril tosilate
13887,6137,Perindopril tert-butylamine
13888,6137,périndopril tert-butylamine
13889,6138,Perindopril tert-butylamine
13890,6138,périndopril tert-butylamine
13891,6139,Perindopril tert-butylamine
13892,6139,périndopril tert-butylamine
13893,6140,Périndopril tert-butylamine
13894,6140,Amlodipine
13895,6140,périndopril tert-butylamine
13896,6140,amlodipine bésilate
13897,6141,Périndopril tert-butylamine
13898,6141,Amlodipine
13899,6141,périndopril tert-butylamine
13900,6141,amlodipine bésilate
13901,6142,Perindopril tert-butylamine
13902,6142,périndopril tert-butylamine
13903,6143,périndopril tert-butylamine
13904,6144,Perindopril tert-butylamine
13905,6144,périndopril tert-butylamine
13906,6145,Perindopril tert-butylamine
13907,6145,périndopril tert-butylamine
13908,6146,Perindopril tert-butylamine
13909,6146,périndopril tert-butylamine
13910,6147,périndopril arginine
13911,6147,amlodipine bésilate
13912,6148,Périndopril arginine
13913,6148,Indapamide
13914,6148,périndopril arginine
13915,6148,indapamide
13916,6149,périndopril arginine
13917,6149,amlodipine bésilate
13918,6150,Périndopril arginine
13919,6150,Indapamide
13920,6150,périndopril arginine
13921,6150,indapamide
13922,6151,Périndopril arginine
13923,6151,Indapamide
13924,6151,périndopril arginine
13925,6151,indapamide
13926,6152,Périndopril arginine
13927,6152,périndopril arginine
13928,6153,Périndopril arginine
13929,6153,périndopril arginine
13930,6154,Périndopril arginine
13931,6154,périndopril arginine
13932,6155,Périndopril arginine
13933,6155,périndopril arginine
13934,6156,Périndopril arginine
13935,6156,périndopril arginine
13936,6157,Cyproheptadine
13937,6157,cyproheptadine chlorhydrate
13938,6158,énoximone
13939,6159,acides aminés
13940,6159,calcium chlorure dihydrate
13941,6159,sodium glycérophosphate anhydre
13942,6159,magnésium sulfate heptahydrate
13943,6159,potassium chlorure
13944,6159,sodium acétate trihydrate
13945,6159,soja huile purifiée
13946,6159,glucose monohydrate
13947,6159,azote
13948,6160,paracétamol
13949,6161,Follitropine alfa ou hormone folliculostimulante humaine (FSH) recombinante
13950,6161,Lutropine alfa ou hormone lutéinisante humaine (LH) recombinante
13951,6161,follitropine alfa
13952,6161,lutropine alfa
13953,6162,Caféine
13954,6162,caféine
13955,6163,Diméticone
13956,6163,Gaïazulène
13957,6163,diméticone
13958,6163,gaïazulène
13959,6164,Pentoxyvérine citrate
13960,6164,pentoxyvérine citrate
13961,6165,Pentoxifylline
13962,6165,pentoxifylline
13963,6166,Pentoxifylline
13964,6166,pentoxifylline
13965,6167,Pentoxifylline
13966,6167,pentoxifylline
13967,6168,méthoxyflurane
13968,6169,indium-111 pentétate
13969,6170,Anatoxine diphtérique purifiée
13970,6170,Anatoxine tétanique purifiée
13971,6170,Antigènes coquelucheux
13972,6170,"Virus poliomyélitiques inactivés de type 1, 2 et 3"
13973,6170,Polyoside Haemophilus influenzae type b conjugué à la protéine tétanique
13974,6170,anatoxine diphtérique
13975,6170,protéine tétanique
13976,6170,anatoxine tétanique
13977,6170,anatoxine de Bordetella pertussis
13978,6170,hémagglutinine filamenteuse de Bordetella pertussis
13979,6170,virus poliomyélitique inactivé type 1
13980,6170,virus poliomyélitique inactivé type 2
13981,6170,virus poliomyélitique inactivé type 3
13982,6170,haemophilus influenzae type b polyoside
13983,6171,pentamidine isétionate
13984,6172,Mésalazine
13985,6172,mésalazine
13986,6174,pentétate de calcium trisodique
13987,6175,pentamidine isétionate
13988,6176,pémétrexed diarginine
13989,6177,pemigatinib
13990,6178,benzylpénicilline sodique
13991,6179,pémétrexed diarginine
13992,6180,pémétrexed disodique heptahydrate
13993,6181,pémétrexed diarginine
13994,6182,pémétrexed ditrométhamine dihydrate
13995,6183,pémétrexed disodique
13996,6184,pémétrexed diacide
13997,6185,pémétrexed disodique
13998,6186,pémétrexed disodique hémipentahydrate
13999,6187,pémétrexed disodique hémipentahydrate
14000,6188,pémétrexed disodique hémipentahydrate
14001,6189,pegfilgrastim
14002,6190,pemigatinib
14003,6191,pegfilgrastim
14004,6192,"Pélargonium, extrait sec de racine"
14005,6192,pélargonium racine extrait sec
14006,6194,glucose monohydrate
14007,6194,calcium gluconate
14008,6194,sodium chlorure
14009,6194,magnésium lactate dihydrate
14010,6194,acides aminés
14011,6194,phosphate dipotassique
14012,6194,phosphate monopotassique
14013,6194,azote
14014,6194,potassium chlorure
14015,6194,zinc acétate dihydrate
14016,6194,fluorure de sodium
14017,6194,manganèse chlorure tétrahydrate
14018,6194,sulfate ferreux heptahydrate
14019,6194,ammonium molybdate tétrahydrate
14020,6194,calcium gluconate monohydrate
14021,6194,cuivre sulfate pentahydrate
14022,6194,sélénium dioxyde
14023,6194,potassium iodure
14024,6194,chrome chlorure hexahydrate
14025,6194,cobalt chlorure hexahydrate
14026,6194,potassium hydroxyde
14027,6195,Peginterféron alfa-2a recombinant
14028,6195,peginterféron alfa-2a
14029,6197,ibuprofène
14030,6198,isoniazide
14031,6200,pazopanib chlorhydrate
14032,6201,Fentanyl
14033,6201,fentanyl citrate
14034,6202,pazopanib chlorhydrate
14035,6203,pazopanib chlorhydrate
14036,6204,pazopanib chlorhydrate
14037,6205,pazopanib chlorhydrate
14038,6206,paclitaxel-albumine
14039,6207,Nirmatrelvir
14040,6207,Ritonavir
14041,6207,ritonavir
14042,6207,nirmatrelvir
14043,6208,Oxéladine citrate
14044,6208,oxéladine citrate
14045,6209,pazopanib chlorhydrate
14046,6210,aflibercept
14047,6211,aconitum napellus [H]
14048,6211,bryonia [H]
14049,6211,drosera [H]
14050,6211,ipéca [H]
14051,6212,"Passiflore, extrait fluide"
14052,6212,"Aubépine, teinture"
14053,6212,passiflore extrait fluide
14054,6212,aubépine teinture
14055,6213,"Sambucus nigra, teinture mère"
14056,6213,sambucus nigra teinture
14057,6214,passiflora incarnata [H]
14058,6214,avena sativa [H]
14059,6214,atropa belladonna [H]
14060,6214,secale cornutum [H]
14061,6214,valeriana officinalis [H]
14062,6215,Aconitum napellus 1 DH
14063,6215,Atropa belladonna 1 DH
14064,6215,Drosera 1 DH
14065,6215,Bryonia dioica 1 DH
14066,6215,Coccus cacti 1 DH
14067,6215,Ipeca 1 DH
14068,6215,aconitum napellus [H]
14069,6215,belladonna [H]
14070,6215,bryonia [H]
14071,6215,coccus cacti [H]
14072,6215,drosera [H]
14073,6215,ipéca [H]
14074,6215,atropa belladonna [H]
14075,6215,bryonia dioica [H]
14076,6216,Passiflora incarnataTM
14077,6216,passiflora incarnata teinture
14078,6217,Sulfogaïacol
14079,6217,Benzoate de sodium
14080,6217,sulfogaïacol
14081,6217,sodium benzoate
14082,6218,Passiflora incarnata 1 DH
14083,6218,Avena sativa 1 DH
14084,6218,Belladonna 5 DH
14085,6218,Secale cornutum 4 DH
14086,6218,Valeriana officinalis 1 DH
14087,6218,passiflora incarnata [H]
14088,6218,avena sativa [H]
14089,6218,belladonna [H]
14090,6218,secale cornutum [H]
14091,6218,valeriana officinalis [H]
14092,6219,coffea cruda [H]
14093,6219,ignatia amara [H]
14094,6219,magnesium metallicum [H]
14095,6219,nyckterinia capensis [H]
14096,6219,palladium metallicum [H]
14097,6219,passiflora incarnata [H]
14098,6219,phosphoricum acidum [H]
14099,6219,tellurium metallicum [H]
14100,6219,nyckterinia [H]
14101,6220,acide aminosalicylique
14102,6221,Paroxétine
14103,6221,paroxétine chlorhydrate hémihydrate
14104,6222,Paroxétine
14105,6222,paroxétine chlorhydrate
14106,6223,Paroxétine
14107,6223,paroxétine chlorhydrate
14108,6224,ételcalcétide chlorhydrate
14109,6225,Paroxétine
14110,6225,paroxétine chlorhydrate
14111,6226,Paroxétine
14112,6226,paroxétine chlorhydrate hémihydrate
14113,6227,Paroxétine
14114,6227,paroxétine chlorhydrate
14115,6228,Paroxétine
14116,6228,paroxétine chlorhydrate
14117,6229,Paroxétine
14118,6229,paroxétine chlorhydrate
14119,6230,Paroxétine
14120,6230,paroxétine chlorhydrate hémihydrate
14121,6231,Paroxétine
14122,6231,paroxétine chlorhydrate
14123,6232,Paroxétine
14124,6232,paroxétine chlorhydrate hémihydrate
14125,6233,paroxétine chlorhydrate
14126,6234,Paroxétine
14127,6234,paroxétine chlorhydrate
14128,6235,Paroxétine
14129,6235,paroxétine chlorhydrate
14130,6236,Paroxétine
14131,6236,paroxétine chlorhydrate
14132,6237,Chlorhexidine digluconate
14133,6237,chlorhexidine gluconate
14134,6238,minocycline chlorhydrate
14135,6239,Paroxétine
14136,6239,paroxétine chlorhydrate
14137,6241,Rabéprazole sodique
14138,6241,rabéprazole sodique
14139,6242,"Ispaghul, tégument de graines"
14140,6242,Paraffine liquide légère
14141,6242,ispaghul tégument de graine poudre
14142,6242,paraffine liquide légère
14143,6243,Trihexyphénidyle chlorhydrate
14144,6243,trihexyphénidyle chlorhydrate
14145,6244,Bromocriptine
14146,6244,bromocriptine mésilate
14147,6245,Paracétamol
14148,6245,paracétamol
14149,6246,arnica montana [H]
14150,6246,belladonna [H]
14151,6246,eupatorium perfoliatum [H]
14152,6246,gelsemium sempervirens [H]
14153,6246,sulfur [H]
14154,6247,Paracétamol
14155,6247,Phéniramine maléate
14156,6247,Acide ascorbique (vitamine C)
14157,6247,paracétamol
14158,6247,acide ascorbique
14159,6247,phéniramine maléate
14160,6248,Paracétamol
14161,6248,Codéine phosphate
14162,6248,paracétamol
14163,6248,codéine phosphate hémihydrate
14164,6249,Paracétamol
14165,6249,Phéniramine maléate
14166,6249,Acide ascorbique (vitamine C)
14167,6249,paracétamol
14168,6249,acide ascorbique
14169,6249,phéniramine maléate
14170,6250,Paracétamol
14171,6250,Codéine phosphate
14172,6250,paracétamol
14173,6250,codéine phosphate hémihydrate
14174,6251,Paracétamol
14175,6251,Codéine phosphate
14176,6251,paracétamol
14177,6251,codéine phosphate hémihydrate
14178,6252,Paracétamol
14179,6252,Caféine
14180,6252,Codéine phosphate
14181,6252,paracétamol
14182,6252,caféine
14183,6252,codéine phosphate hémihydrate
14184,6253,Paracétamol
14185,6253,Caféine
14186,6253,Codéine phosphate
14187,6253,paracétamol
14188,6253,caféine anhydre
14189,6253,codéine phosphate hémihydrate
14190,6254,Paracétamol
14191,6254,Caféine
14192,6254,Codéine phosphate
14193,6254,paracétamol
14194,6254,caféine anhydre
14195,6254,codéine phosphate hémihydrate
14196,6255,paracétamol
14197,6256,Paracétamol
14198,6256,paracétamol
14199,6257,Paracétamol
14200,6257,paracétamol
14201,6258,paracétamol
14202,6259,paracétamol
14203,6260,paracétamol
14204,6261,Paracétamol
14205,6261,paracétamol
14206,6262,Paracétamol
14207,6262,paracétamol
14208,6263,Paracétamol
14209,6263,paracétamol
14210,6264,Paracétamol
14211,6264,paracétamol
14212,6265,Paracétamol
14213,6265,paracétamol
14214,6266,Paracétamol
14215,6266,paracétamol
14216,6267,Paracétamol
14217,6267,paracétamol
14218,6268,Paracétamol
14219,6268,paracétamol
14220,6269,paracétamol
14221,6270,paracétamol
14222,6271,paracétamol
14223,6272,Paracétamol
14224,6272,paracétamol
14225,6273,Paracétamol
14226,6273,paracétamol
14227,6274,Paracétamol
14228,6274,paracétamol
14229,6275,Paracétamol
14230,6275,paracétamol
14231,6276,Paracétamol
14232,6276,paracétamol
14233,6277,Paracétamol
14234,6277,paracétamol
14235,6278,Paracétamol
14236,6278,Codéine phosphate
14237,6278,paracétamol
14238,6278,codéine phosphate hémihydrate
14239,6279,Paracétamol
14240,6279,Codéine phosphate
14241,6279,paracétamol
14242,6279,codéine phosphate hémihydrate
14243,6280,Paracétamol
14244,6280,paracétamol
14245,6281,Paracétamol
14246,6281,paracétamol
14247,6281,paracétamol compap PVP 3
14248,6282,paracétamol
14249,6283,Paracétamol
14250,6283,Codéine phosphate
14251,6283,paracétamol
14252,6283,codéine phosphate hémihydrate
14253,6284,Paracétamol
14254,6284,Codéine phosphate
14255,6284,paracétamol
14256,6284,codéine phosphate hémihydrate
14257,6285,Paracétamol
14258,6285,paracétamol
14259,6286,Paracétamol
14260,6286,paracétamol
14261,6287,paracétamol
14262,6288,paracétamol
14263,6289,Paracétamol
14264,6289,paracétamol
14265,6290,Paracétamol
14266,6290,paracétamol
14267,6291,Paracétamol
14268,6291,paracétamol
14269,6292,Paracétamol
14270,6292,paracétamol
14271,6293,paracétamol
14272,6294,paracétamol
14273,6295,Paracétamol
14274,6295,paracétamol
14275,6296,Paracétamol
14276,6296,paracétamol
14277,6297,papavérine chlorhydrate
14278,6298,Pantoprazole
14279,6298,pantoprazole sel de Na sesquihydrate
14280,6299,Pantoprazole
14281,6299,pantoprazole sel de Na sesquihydrate
14282,6300,Pantoprazole
14283,6300,pantoprazole sel de Na sesquihydrate
14284,6301,Pantoprazole
14285,6301,pantoprazole sel de Na sesquihydrate
14286,6302,pantoprazole sel de Na sesquihydrate
14287,6303,Pantoprazole
14288,6303,pantoprazole sel de Na sesquihydrate
14289,6304,Pantoprazole
14290,6304,pantoprazole sel de Na sesquihydrate
14291,6305,Pantoprazole
14292,6305,pantoprazole sel de Na sesquihydrate
14293,6306,Pantoprazole
14294,6306,pantoprazole sel de Na sesquihydrate
14295,6307,pantoprazole sel de Na sesquihydrate
14296,6308,pantoprazole sel de Na sesquihydrate
14297,6309,Pantoprazole
14298,6309,pantoprazole sel de Na sesquihydrate
14299,6310,Pantoprazole
14300,6310,pantoprazole sel de Na sesquihydrate
14301,6311,pantoprazole sel de Na sesquihydrate
14302,6312,Pantoprazole
14303,6312,pantoprazole sel de Na sesquihydrate
14304,6313,Pantoprazole
14305,6313,pantoprazole sel de Na sesquihydrate
14306,6314,pantoprazole sel de Na sesquihydrate
14307,6315,Pantoprazole
14308,6315,pantoprazole sel de Na sesquihydrate
14309,6316,pantoprazole sel de Na sesquihydrate
14310,6317,Pantoprazole
14311,6317,pantoprazole sel de Na sesquihydrate
14312,6318,Pantoprazole
14313,6318,pantoprazole sel de Na sesquihydrate
14314,6319,Pantoprazole
14315,6319,pantoprazole sel de Na sesquihydrate
14316,6320,Pantoprazole
14317,6320,pantoprazole sel de Na sesquihydrate
14318,6321,Pantoprazole
14319,6321,pantoprazole sel de Na sesquihydrate
14320,6322,Pantoprazole
14321,6322,pantoprazole sel de Na sesquihydrate
14322,6323,Pantoprazole
14323,6323,pantoprazole sel de Na sesquihydrate
14324,6324,pantoprazole sel de Na sesquihydrate
14325,6325,Pantoprazole
14326,6325,pantoprazole sel de Na sesquihydrate
14327,6326,Pantoprazole
14328,6326,pantoprazole sel de Na sesquihydrate
14329,6327,Pantoprazole
14330,6327,pantoprazole sel de Na sesquihydrate
14331,6328,Pantoprazole
14332,6328,pantoprazole sel de Na sesquihydrate
14333,6329,Testostérone undécanoate
14334,6329,testostérone undécanoate
14335,6330,Choline salicylate
14336,6330,Cétalkonium chlorure
14337,6330,choline salicylate
14338,6330,cétalkonium chlorure
14339,6332,Polymyxine B sulfate
14340,6332,Néomycine sulfate
14341,6332,Lidocaïne chlorhydrate
14342,6332,Fludrocortisone acétate
14343,6332,polymyxine B sulfate
14344,6332,néomycine sulfate
14345,6332,fludrocortisone acétate
14346,6332,lidocaïne chlorhydrate
14347,6334,Cellulase fongique
14348,6334,cellulase fongique
14349,6335,acide pamidronique sel disodique
14350,6336,acide pamidronique sel disodique
14351,6337,palonosétron chlorhydrate
14352,6338,palonosétron chlorhydrate
14353,6339,palonosétron chlorhydrate
14354,6340,"Palmier de Floride (Serenoa repens), extrait mou de fruit"
14355,6340,serenoa repens fruit extrait mou
14356,6341,arachide graine poudre allégée en graisses
14357,6342,Palipéridone
14358,6342,palipéridone palmitate
14359,6343,Palipéridone
14360,6343,palipéridone palmitate
14361,6344,aconitum napellus [H]
14362,6344,arnica montana [H]
14363,6344,belladonna [H]
14364,6344,bryonia [H]
14365,6345,paclitaxel
14366,6346,enfortumab védotine
14367,6347,Codéine phosphate
14368,6347,codéine phosphate hémihydrate
14369,6348,tapentadol chlorhydrate
14370,6349,paclitaxel
14371,6350,paclitaxel
14372,6351,paclitaxel
14373,6352,paclitaxel
14374,6353,paclitaxel
14375,6354,Éthinylestradiol
14376,6354,Lévonorgestrel
14377,6354,lévonorgestrel
14378,6354,éthinylestradiol
14379,6355,carbétocine
14380,6356,midazolam
14381,6357,pitolisant chlorhydrate
14382,6358,Sémaglutide
14383,6358,sémaglutide
14384,6359,bévacizumab
14385,6360,oxytocine
14386,6361,oxytocine
14387,6362,oxytocine
14388,6363,Oxyde de zinc
14389,6363,Ichthyolammonium
14390,6363,ichthyolammonium
14391,6363,zinc oxyde
14392,6364,Oxyde de zinc
14393,6364,zinc oxyde
14394,6365,oxycodone chlorhydrate
14395,6365,naloxone chlorhydrate dihydrate
14396,6366,protoxyde d'azote
14397,6366,oxygène
14398,6367,oxygène
14399,6368,Oxycodone chlorhydrate
14400,6368,oxycodone chlorhydrate
14401,6369,Oxycodone chlorhydrate
14402,6369,oxycodone chlorhydrate
14403,6370,oxygène
14404,6371,oxygène
14405,6372,oxygène
14406,6373,oxygène
14407,6374,oxygène
14408,6375,oxygène
14409,6376,oxygène
14410,6377,oxygène
14411,6378,oxygène
14412,6379,oxygène
14413,6380,oxygène
14414,6381,oxygène
14415,6382,oxygène
14416,6383,oxygène
14417,6384,oxygène
14418,6385,oxygène
14419,6386,oxygène
14420,6387,oxygène
14421,6388,oxygène
14422,6389,oxygène
14423,6390,oxycodone chlorhydrate
14424,6391,Oxycodone chlorhydrate
14425,6391,oxycodone chlorhydrate
14426,6392,oxygène
14427,6393,oxycodone chlorhydrate
14428,6394,oxycodone chlorhydrate
14429,6395,oxycodone chlorhydrate
14430,6396,Oxycodone chlorhydrate
14431,6396,oxycodone chlorhydrate
14432,6397,Oxycodone chlorhydrate
14433,6397,oxycodone chlorhydrate
14434,6398,oxycodone chlorhydrate
14435,6399,Oxycodone chlorhydrate
14436,6399,oxycodone chlorhydrate
14437,6400,Oxycodone chlorhydrate
14438,6400,oxycodone chlorhydrate
14439,6401,oxycodone chlorhydrate
14440,6402,Oxycodone chlorhydrate
14441,6402,oxycodone chlorhydrate
14442,6403,Oxybutynine chlorhydrate
14443,6403,oxybutynine chlorhydrate
14444,6404,Oxybutynine chlorhydrate
14445,6404,oxybutynine chlorhydrate
14446,6405,Oxybutynine chlorhydrate
14447,6405,oxybutynine chlorhydrate
14448,6406,Oxybutynine chlorhydrate
14449,6406,oxybutynine chlorhydrate
14450,6407,oxycodone chlorhydrate
14451,6408,oxybate de sodium
14452,6409,oxybate de sodium
14453,6410,Oxybutynine chlorhydrate
14454,6410,oxybutynine chlorhydrate
14455,6411,oxycodone chlorhydrate
14456,6411,naloxone chlorhydrate dihydrate
14457,6412,Boldine
14458,6412,Sulfate de sodium
14459,6412,Dihydrogénophosphate de sodium
14460,6412,boldine
14461,6412,sodium sulfate
14462,6412,phosphate monosodique
14463,6412,sodium sulfate anhydre
14464,6413,Oxomémazine
14465,6413,oxomémazine
14466,6414,Oxomémazine
14467,6414,oxomémazine
14468,6415,Oxomémazine
14469,6415,oxomémazine
14470,6416,Oxomémazine
14471,6416,oxomémazine
14472,6417,Oxomémazine
14473,6417,oxomémazine
14474,6418,Oxomémazine
14475,6418,oxomémazine
14476,6419,Oxomémazine
14477,6419,oxomémazine
14478,6420,Oxomémazine
14479,6420,oxomémazine
14480,6421,Oxomémazine
14481,6421,oxomémazine
14482,6422,Oxomémazine
14483,6422,oxomémazine
14484,6423,Oxomémazine
14485,6423,oxomémazine
14486,6424,lumasiran sodium
14487,6425,ornithine oxoglurate monohydrate
14488,6426,Oxomémazine
14489,6426,oxomémazine
14490,6427,Oxomémazine
14491,6427,oxomémazine
14492,6428,indium-111 oxinate
14493,6429,voxélotor
14494,6430,Bambutérol chlorhydrate
14495,6430,bambutérol chlorhydrate
14496,6431,Oxcarbazépine
14497,6431,oxcarbazépine
14498,6432,Oxcarbazépine
14499,6432,oxcarbazépine
14500,6433,oxandrolone
14501,6435,Oxazépam
14502,6435,oxazépam
14503,6436,Oxazépam
14504,6436,oxazépam
14505,6437,oxazépam
14506,6438,oxaliplatine
14507,6439,oxaliplatine
14508,6440,oxaliplatine
14509,6441,oxaliplatine
14510,6442,oxaliplatine
14511,6443,oxaliplatine
14512,6444,oxaliplatine
14513,6445,oxaliplatine
14514,6446,oxaliplatine
14515,6447,Choriogonadotropine alfa
14516,6447,choriogonadotropine alfa
14517,6448,Procaïne chlorhydrate
14518,6448,Tétracaïne chlorhydrate
14519,6448,Phénol
14520,6448,Éphédrine chlorhydrate
14521,6448,procaïne chlorhydrate
14522,6448,tétracaïne chlorhydrate
14523,6448,phénol
14524,6448,éphédrine chlorhydrate
14525,6449,Follitropine alfa (FSH recombinante)
14526,6449,follitropine alfa
14527,6450,Ustékinumab
14528,6450,ustékinumab
14529,6451,Rifamycine
14530,6451,rifamycine sodique
14531,6452,Lidocaïne chlorhydrate
14532,6452,Phénazone
14533,6452,phénazone
14534,6452,lidocaïne chlorhydrate
14535,6453,calcium acétate
14536,6453,magnésium carbonate lourd
14537,6454,Aprémilast
14538,6454,aprémilast
14539,6455,Dénosumab
14540,6455,dénosumab
14541,6456,Calcarea carbonica ostrearum 3 DH
14542,6456,Calcarea fluorica 3 DH
14543,6456,Calcarea phosphorica 3 DH
14544,6456,Sulfur iodatum 4 CH
14545,6456,calcarea carbonica ostrearum [H]
14546,6456,calcarea fluorica [H]
14547,6456,calcarea phosphorica [H]
14548,6456,sulfur iodatum [H]
14549,6457,Extrait d'os total (complexe osséine-hydroxyapatite)
14550,6457,complexe osséine-hydroxyapatite
14551,6458,acide oxidronique sel de Na
14552,6459,Mésalazine
14553,6459,mésalazine
14554,6460,sultiame
14555,6461,Sulfate de magnésium
14556,6461,Lidocaïne chlorhydrate
14557,6461,lidocaïne chlorhydrate
14558,6461,magnésium sulfate
14559,6462,dénosumab
14560,6463,Oseltamivir
14561,6463,oséltamivir phosphate
14562,6464,Glucosamine
14563,6464,glucosamine sulfate de chlorure de sodium
14564,6465,anas barbariae foie et coeur autolysat filtré [H]
14565,6467,Extrait allergénique standardisé d'acariens de poussière de maison (Dermatophagoides pteronyssinus et Dermatophagoides farinae)
14566,6467,acariens de la poussière de maison extrait allergénique
14567,6468,Tramadol chlorhydrate
14568,6468,tramadol chlorhydrate
14569,6469,Céfixime
14570,6469,céfixime trihydrate
14571,6470,Estradiol
14572,6470,estradiol hémihydrate
14573,6471,Fluconazole
14574,6471,fluconazole
14575,6472,acide cholique
14576,6473,Buprénorphine
14577,6473,buprénorphine chlorhydrate
14578,6474,Carbonate de calcium
14579,6474,calcium carbonate
14580,6475,Orlistat
14581,6475,orlistat
14582,6476,Calcium
14583,6476,Colécalciférol (vitamine D3)
14584,6476,colécalciférol concentré pulvérulent
14585,6476,calcium carbonate
14586,6477,bérotralstat dichlorhydrate
14587,6478,Rélugolix
14588,6478,rélugolix
14589,6479,danaparoïde sodique
14590,6480,ganirélix
14591,6481,lumacaftor
14592,6481,ivacaftor
14593,6482,Cefpodoxime
14594,6482,cefpodoxime proxétil
14595,6483,Abatacept
14596,6483,abatacept
14597,6484,nitisinone
14598,6485,Azithromycine
14599,6485,azithromycine dihydrate
14600,6486,Cloxacilline
14601,6486,cloxacilline sodique monohydrate
14602,6487,Famciclovir
14603,6487,famciclovir
14604,6488,phentolamine mésilate
14605,6489,lidocaïne
14606,6489,prilocaïne
14607,6490,"Extrait allergénique standardisé de pollens de graminées (dactyle aggloméré, flouve odorant, ivraie vivace, pâturin des prés, fléole des prés)"
14608,6490,pollen extrait allergénique de graminées
14609,6491,Phénoxyméthylpénicilline
14610,6491,phénoxyméthylpénicilline benzathine lécithinée
14611,6491,phénoxyméthylpénicilline
14612,6492,Pimozide
14613,6492,pimozide
14614,6493,Morphine sulfate
14615,6493,morphine sulfate
14616,6494,articaïne chlorhydrate
14617,6494,adrénaline tartrate
14618,6495,ioversol
14619,6496,Ruxolitinib
14620,6496,ruxolitinib phosphate
14621,6497,Raloxifène chlorhydrate
14622,6497,raloxifène chlorhydrate
14623,6498,Désogestrel
14624,6498,désogestrel
14625,6499,Éthinylestradiol
14626,6499,Lévonorgestrel
14627,6499,éthinylestradiol
14628,6499,lévonorgestrel
14629,6500,Éthinylestradiol
14630,6500,Norgestimate
14631,6500,norgestimate
14632,6500,éthinylestradiol
14633,6501,ioversol
14634,6502,Éthinylestradiol
14635,6502,Lévonorgestrel
14636,6502,éthinylestradiol
14637,6502,lévonorgestrel
14638,6503,lidocaïne chlorhydrate
14639,6504,Timolol
14640,6504,timolol maléate
14641,6505,Pramipexole
14642,6505,pramipexole dichlorhydrate monohydrate
14643,6506,Cromoglicate de sodium
14644,6506,acide cromoglicique sel de Na
14645,6507,Cromoglycate de sodium
14646,6507,acide cromoglicique sel de Na
14647,6508,nivolumab
14648,6508,rélatlimab
14649,6509,Cromoglicate de sodium
14650,6509,acide cromoglicique sel de Na
14651,6510,miglustat
14652,6512,Olopatadine chlorhydrate
14653,6512,olopatadine chlorhydrate
14654,6513,Benzydamine chlorhydrate
14655,6513,benzydamine chlorhydrate
14656,6514,Ciclopirox
14657,6514,ciclopirox
14658,6515,azacitidine
14659,6516,nivolumab
14660,6517,patisiran sodique
14661,6518,irinotécan sucrosofate liposomal pégylé
14662,6519,Saxagliptine
14663,6519,saxagliptine chlorhydrate
14664,6520,Cénobamate
14665,6520,cénobamate
14666,6521,trastuzumab
14667,6522,Ondansétron
14668,6522,ondansétron chlorhydrate dihydrate
14669,6523,opicapone
14670,6524,ondansétron chlorhydrate dihydrate
14671,6525,Ondansétron
14672,6525,ondansétron chlorhydrate dihydrate
14673,6525,ondansétron
14674,6526,Ondansétron
14675,6526,ondansétron chlorhydrate dihydrate
14676,6526,ondansétron
14677,6527,ondansétron chlorhydrate dihydrate
14678,6528,ondansétron chlorhydrate
14679,6529,Ondansétron
14680,6529,ondansétron
14681,6530,Ondansétron
14682,6530,ondansétron chlorhydrate dihydrate
14683,6530,ondansétron
14684,6531,Ondansétron
14685,6531,ondansétron chlorhydrate dihydrate
14686,6531,ondansétron
14687,6532,ondansétron chlorhydrate dihydrate
14688,6533,Vincristine sulfate
14689,6533,vincristine sulfate
14690,6534,Ondansétron
14691,6534,ondansétron chlorhydrate dihydrate
14692,6534,ondansétron
14693,6535,Hydrocortisone acétate
14694,6535,Méfénidramium méthylsulfate
14695,6535,Lidocaïne chlorhydrate
14696,6535,hydrocortisone acétate
14697,6535,lidocaïne chlorhydrate
14698,6535,méfénidramium méthylsulfate
14699,6536,Méfénidramium méthylsulfate
14700,6536,Lidocaïne chlorhydrate
14701,6536,lidocaïne chlorhydrate
14702,6536,méfénidramium méthylsulfate
14703,6537,pégaspargase
14704,6538,Aconitum napellus 1 DH
14705,6538,Bryonia 1 DH
14706,6538,Eucalyptus globulus 1 DH
14707,6538,Eupatorium perfoliatum 1 DH
14708,6538,Ferrum phosphoricum 6 DH
14709,6538,Sabadilla 1 DH
14710,6538,aconitum napellus [H]
14711,6538,bryonia [H]
14712,6538,eucalyptus globulus [H]
14713,6538,eupatorium perfoliatum [H]
14714,6538,ferrum phosphoricum [H]
14715,6538,sabadilla [H]
14716,6539,iohexol
14717,6540,Somatropine (hormone de croissance humaine) recombinante
14718,6540,somatropine recombinante
14719,6541,Indacatérol
14720,6541,indacatérol maléate
14721,6542,Tamsulosine chlorhydrate
14722,6542,tamsulosine chlorhydrate
14723,6543,"Mélisse feuille, extrait sec"
14724,6543,Magnésium lactate
14725,6543,mélisse
14726,6543,magnésium lactate
14727,6543,mélisse feuille extrait sec
14728,6544,momélotinib chlorhydrate
14729,6545,Omalizumab
14730,6545,omalizumab
14731,6546,Tamsulosine chlorhydrate
14732,6546,tamsulosine chlorhydrate
14733,6547,Oméprazole
14734,6547,oméprazole
14735,6548,Oméprazole
14736,6548,oméprazole
14737,6549,Oméprazole
14738,6549,oméprazole
14739,6550,Oméprazole
14740,6550,oméprazole
14741,6551,Oméprazole
14742,6551,oméprazole
14743,6552,Oméprazole
14744,6552,oméprazole
14745,6553,Oméprazole
14746,6553,oméprazole
14747,6554,Oméprazole
14748,6554,oméprazole
14749,6555,Oméprazole
14750,6555,oméprazole
14751,6556,oméprazole
14752,6557,Oméprazole
14753,6557,oméprazole
14754,6558,Oméprazole
14755,6558,oméprazole
14756,6559,Oméprazole
14757,6559,oméprazole
14758,6560,oméprazole
14759,6561,Oméprazole
14760,6561,oméprazole
14761,6562,Oméprazole
14762,6562,oméprazole
14763,6563,Oméprazole
14764,6563,oméprazole
14765,6564,Oméprazole
14766,6564,oméprazole
14767,6565,Oméprazole
14768,6565,oméprazole
14769,6566,Oméprazole
14770,6566,oméprazole
14771,6567,Oméprazole
14772,6567,oméprazole
14773,6568,Oméprazole
14774,6568,oméprazole
14775,6569,Oméprazole
14776,6569,oméprazole
14777,6570,Oméprazole
14778,6570,oméprazole
14779,6571,Oméprazole
14780,6571,oméprazole
14781,6572,Oméprazole
14782,6572,oméprazole
14783,6573,poisson huile hautement raffinée
14784,6573,glycérol
14785,6573,oeuf phosphatides purifiés
14786,6575,Baricitinib
14787,6575,baricitinib
14788,6576,Esters éthyliques d'acides oméga-3 à 90 %
14789,6576,esters éthyliques d'acides oméga 3
14790,6579,Gluconate de zinc
14791,6579,Zinc
14792,6579,Gluconate de cuivre
14793,6579,Cuivre
14794,6579,zinc gluconate
14795,6579,cuivre gluconate
14796,6580,Olmésartan médoxomil
14797,6580,olmésartan médoxomil
14798,6581,acides aminés
14799,6581,olive huile raffinée
14800,6581,soja huile raffinée
14801,6581,sodium glycérophosphate hydrate
14802,6581,potassium chlorure
14803,6581,sodium acétate trihydrate
14804,6581,magnésium chlorure hexahydrate
14805,6581,azote
14806,6581,glucose monohydrate
14807,6581,calcium chlorure dihydrate
14808,6582,Gluconate de zinc–
14809,6582,Zinc
14810,6582,zinc gluconate
14811,6583,Manganèse
14812,6583,Cuivre
14813,6583,Cobalt
14814,6583,manganèse gluconate dihydrate
14815,6583,cuivre gluconate
14816,6583,cobalt gluconate dihydrate
14817,6584,Gluconate de manganèse
14818,6584,Manganèse
14819,6584,Gluconate de cuivre
14820,6584,Cuivre
14821,6584,manganèse gluconate dihydrate
14822,6584,cuivre gluconate dihydrate
14823,6585,Manganèse
14824,6585,Cobalt
14825,6585,manganèse gluconate dihydrate
14826,6585,cobalt gluconate dihydrate
14827,6586,Gluconate de manganèse
14828,6586,Manganèse
14829,6586,manganèse gluconate
14830,6587,Cuivre
14831,6587,Poudre d'or
14832,6587,Argent colloïdal
14833,6587,cuivre gluconate
14834,6587,or poudre
14835,6587,argent colloïdal
14836,6588,Gluconate de cuivre
14837,6588,cuivre gluconate
14838,6589,Gluconate de cobalt
14839,6589,cobalt gluconate dihydrate
14840,6590,Gluconate de magnésium dihydraté
14841,6590,Magnésium
14842,6590,magnésium gluconate dihydrate
14843,6591,Zinc
14844,6591,Nickel
14845,6591,Cobalt
14846,6591,zinc gluconate
14847,6591,nickel gluconate
14848,6591,cobalt gluconate
14849,6592,Gluconate de zinc
14850,6592,Gluconate de cuivre
14851,6592,zinc gluconate
14852,6592,cuivre gluconate
14853,6593,Gluconate de zinc
14854,6593,zinc gluconate
14855,6594,Gluconate de potassium
14856,6594,potassium gluconate
14857,6595,Phosphore
14858,6595,phosphate disodique dodécahydrate
14859,6596,Sélénium
14860,6596,sélénite de sodium
14861,6597,Gluconate de manganèse
14862,6597,Gluconate de cuivre
14863,6597,Gluconate de cobalt
14864,6597,manganèse gluconate
14865,6597,cuivre gluconate
14866,6597,cobalt gluconate
14867,6598,Manganèse
14868,6598,Cuivre
14869,6598,manganèse gluconate
14870,6598,cuivre gluconate
14871,6599,Manganèse
14872,6599,Cobalt
14873,6599,manganèse gluconate
14874,6599,cobalt gluconate
14875,6600,Gluconate de manganèse
14876,6600,manganèse gluconate
14877,6601,Magnésium
14878,6601,magnésium gluconate
14879,6602,Fluorure de sodium
14880,6602,fluorure de sodium
14881,6603,Cuivre
14882,6603,Or colloïdal
14883,6603,Argent
14884,6603,cuivre gluconate
14885,6603,or colloïdal
14886,6603,argent gluconate
14887,6604,Lithium
14888,6604,lithium gluconate
14889,6605,Gluconate de cobalt
14890,6605,cobalt gluconate
14891,6606,gluconate ferreux dihydrate
14892,6606,cuivre gluconate
14893,6606,manganèse gluconate dihydrate
14894,6606,zinc gluconate trihydrate
14895,6606,fluorure de sodium
14896,6606,sélénite de sodium
14897,6606,sodium iodure
14898,6606,chrome chlorure hexahydrate
14899,6606,ammonium molybdate tétrahydrate
14900,6607,Olanzapine
14901,6607,olanzapine
14902,6608,Olanzapine
14903,6608,olanzapine
14904,6609,Olanzapine
14905,6609,olanzapine
14906,6610,Olanzapine
14907,6610,olanzapine
14908,6611,Olanzapine
14909,6611,olanzapine
14910,6612,Olanzapine
14911,6612,olanzapine
14912,6613,Olanzapine
14913,6613,olanzapine
14914,6614,Olanzapine
14915,6614,olanzapine
14916,6615,Olanzapine
14917,6615,olanzapine
14918,6616,Olanzapine
14919,6616,olanzapine
14920,6617,Olanzapine
14921,6617,olanzapine
14922,6618,Olanzapine
14923,6618,olanzapine
14924,6619,Olanzapine
14925,6619,olanzapine
14926,6620,Olanzapine
14927,6620,olanzapine
14928,6621,aurum metallicum [H]
14929,6621,myrrha [H]
14930,6621,olibanum [H]
14931,6622,Quinine benzoate
14932,6622,"Aubépine, extrait sec"
14933,6622,quinine benzoate
14934,6622,aubépine extrait sec
14935,6623,trastuzumab
14936,6624,nirogacéstat bromhydrate
14937,6626,ofloxacine
14938,6627,Ofloxacine
14939,6627,ofloxacine
14940,6628,Lansoprazole
14941,6628,lansoprazole
14942,6629,Ofloxacine
14943,6629,ofloxacine
14944,6630,Lansoprazole
14945,6630,lansoprazole
14946,6631,Ofloxacine
14947,6631,ofloxacine
14948,6632,ofloxacine
14949,6633,Ofloxacine
14950,6633,ofloxacine
14951,6634,Ofloxacine
14952,6634,ofloxacine
14953,6635,Ofloxacine
14954,6635,ofloxacine
14955,6636,ofloxacine
14956,6637,Ofloxacine
14957,6637,ofloxacine
14958,6638,Ofloxacine
14959,6638,ofloxacine
14960,6639,Ofloxacine
14961,6639,ofloxacine
14962,6640,Ofloxacine
14963,6640,ofloxacine
14964,6641,Ofloxacine
14965,6641,ofloxacine
14966,6642,Estradiol
14967,6642,17-bêta-estradiol
14968,6643,estradiol hémihydrate
14969,6644,nintédanib ésilate
14970,6645,Ofloxacine
14971,6645,ofloxacine
14972,6646,Diénogest
14973,6646,Éthinylestradiol
14974,6646,diénogest
14975,6646,éthinylestradiol
14976,6647,Oenanthe crocata 4 DH
14977,6647,Stramonium 3 DH
14978,6647,Nux vomica 4 DH
14979,6647,Cuprum aceticum 6 DH
14980,6647,Hyoscyamus 4 DH
14981,6647,Arsenicum album 6 DH
14982,6647,Atropinum sulfuricum 5 DH
14983,6647,Cocculus indicus 8 DH
14984,6647,Arnica montana 3 DH
14985,6647,Stannum metallicum 8 DH
14986,6647,oenanthe crocata [H]
14987,6647,stramonium [H]
14988,6647,nux vomica [H]
14989,6647,cuprum aceticum [H]
14990,6647,hyoscyamus [H]
14991,6647,arsenicum album [H]
14992,6647,atropinum sulfuricum [H]
14993,6647,cocculus indicus [H]
14994,6647,arnica montana [H]
14995,6647,stannum metallicum [H]
14996,6648,sonidégib phosphate
14997,6649,Trandolapril
14998,6649,trandolapril
14999,6650,Emtricitabine
15000,6650,Rilpivirine
15001,6650,Ténofovir alafénamide
15002,6650,emtricitabine
15003,6650,rilpivirine chlorhydrate
15004,6650,ténofovir alafénamide fumarate
15005,6651,"Fumeterre, extrait sec de parties aériennes fleuries"
15006,6651,fumeterre partie aérienne fleurie extrait sec aqueux
15007,6652,oxytocine
15008,6653,Flurbiprofène sodique
15009,6653,flurbiprofène sel de Na dihydrate
15010,6654,octréotide acétate
15011,6655,octréotide acétate
15012,6656,octréotide acétate
15013,6657,indium-111 chlorure
15014,6657,indium-111 pentétréotide
15015,6657,pentétréotide
15016,6658,desmopressine acétate
15017,6659,Desmopressine acétate
15018,6659,desmopressine acétate trihydrate
15019,6660,facteur VIII humain
15020,6661,protéine plasmatique humaine
15021,6662,facteur II humain
15022,6662,facteur VII humain
15023,6662,facteur IX humain
15024,6662,facteur X humain
15025,6662,protéine C humaine
15026,6662,protéine S humaine
15027,6663,facteur IX humain
15028,6664,acide obéticholique
15029,6665,Ocrelizumab
15030,6665,ocrélizumab
15031,6666,immunoglobulines humaines normales
15032,6667,facteur VIII humain
15033,6668,susoctocog alfa
15034,6669,Dénosumab
15035,6669,dénosumab
15036,6670,oxytocine
15037,6672,Lapatinib
15038,6672,lapatinib tosilate monohydrate
15039,6674,natalizumab
15040,6675,Natalizumab
15041,6675,natalizumab
15042,6676,tigécycline
15043,6677,Polyosides de Salmonella typhi
15044,6677,salmonella typhi polyoside Vi souche Ty2
15045,6678,Polyoside capsulaire Vi de Salmonella typhi
15046,6678,Virus de l'hépatite A inactivé
15047,6678,salmonella typhi polyoside capsulaire Vi souche Ty2
15048,6678,virus de l'hépatite A inactivé
15049,6679,Telmisartan
15050,6679,Amlodipine
15051,6679,telmisartan
15052,6679,amlodipine bésilate
15053,6680,Tocilizumab
15054,6680,tocilizumab
15055,6681,Virus de l'hépatite A inactivé
15056,6681,Antigène HBs
15057,6681,virus de l'hépatite A inactivé
15058,6681,antigène de surface recombinant du virus de l'hépatite B
15059,6682,Rosuvastatine
15060,6682,Ézétimibe
15061,6682,rosuvastatine calcique
15062,6682,ézétimibe
15063,6683,oxomémazine
15064,6684,Noscapine
15065,6684,Prométhazine
15066,6684,noscapine résinate
15067,6684,prométhazine résinate
15068,6685,tucatinib
15069,6687,Dextrométhorphane bromhydrate
15070,6687,dextrométhorphane bromhydrate
15071,6688,Codéine
15072,6688,Éthylmorphine (codéthyline) chlorhydrate
15073,6688,éthylmorphine chlorhydrate
15074,6688,codéine
15075,6688,espèces pectorales extrait fluide hydroalcoolique
15076,6689,tucatinib
15077,6690,Tuberculine purifiée
15078,6690,"tuberculine, dérivé protéinique purifié"
15079,6691,"tuberculine, dérivé protéinique purifié"
15080,6692,rituximab
15081,6693,Lévothyroxine sodique (L-T4)
15082,6693,lévothyroxine sodique
15083,6694,Emtricitabine
15084,6694,Ténofovir disoproxil
15085,6694,emtricitabine
15086,6694,ténofovir disoproxil fumarate
15087,6695,Dorzolamide
15088,6695,dorzolamide chlorhydrate
15089,6696,Protéines de Neisseria meningitidis du groupe B (adsorbées sur hydroxyde d'aluminium)
15090,6696,Neisseria meningitidis gpe B protéine de fusion recombinante fHbp A
15091,6696,Neisseria meningitidis gpe B protéine de fusion recombinante fHbp B
15092,6697,nickel sulfate
15093,6697,lanoline alcool
15094,6697,néomycine sulfate
15095,6697,potassium bichromate
15096,6697,mélange Caine
15097,6697,parfum
15098,6697,colophane
15099,6697,mélange de parabènes
15100,6697,patch vierge
15101,6697,baume du Pérou
15102,6697,éthylènediamine dichlorhydrate
15103,6697,cobalt chlorure hexahydrate
15104,6697,résine de p-terbutylphénol formaldéhyde
15105,6697,résine époxy
15106,6697,mélange Carba
15107,6697,mélange de caoutchouc noir
15108,6697,chlorométhylisothiazolinone
15109,6697,quaternium 15
15110,6697,méthyldibromoglutaronitrile
15111,6697,p-phénylènediamine
15112,6697,formaldéhyde
15113,6697,mélange Mercapto
15114,6697,thiomersal
15115,6697,mélange Thiuram
15116,6697,diazolidinyl urée
15117,6697,mélange de quinoline
15118,6697,tixocortol pivalate
15119,6697,sodium aurothiosulfate
15120,6697,imidazolidinyl urée
15121,6697,budésonide
15122,6697,hydrocortisone 17-butyrate
15123,6697,mercaptobenzothiazole
15124,6697,bacitracine
15125,6697,parthénolide
15126,6697,disperse blue 106
15127,6697,"2-bromo-2-nitropropane-1,3-diol"
15128,6698,Troxérutine
15129,6698,troxérutine
15130,6699,Dulaglutide
15131,6699,dulaglutide
15132,6700,Tioconazole
15133,6700,tioconazole
15134,6702,Trospium chlorure
15135,6702,trospium chlorure
15136,6703,"Lactobacillus casei, variété rhamnosus Döderleini (culture lyophilisée)"
15137,6703,Estriol
15138,6703,Progestérone
15139,6703,lactobacillus casei var rhamnosus Döderleini
15140,6703,estriol
15141,6703,progestérone
15142,6704,Pramocaïne chlorhydrate
15143,6704,pramocaïne chlorhydrate
15144,6705,sodium tétradécyl sulfate
15145,6706,Estriol
15146,6706,estriol
15147,6707,Pénicillamine
15148,6707,pénicillamine
15149,6708,ibalizumab
15150,6709,sacituzumab govitecan
15151,6710,Abacavir
15152,6710,Lamivudine
15153,6710,Zidovudine
15154,6710,abacavir sulfate
15155,6710,lamivudine
15156,6710,zidovudine
15157,6711,Trolamine
15158,6711,trolamine
15159,6712,Pitavastatine
15160,6712,pitavastatine calcique
15161,6713,Budésonide
15162,6713,Formotérol fumarate
15163,6713,Glycopyrronium bromure
15164,6713,formotérol fumarate dihydrate
15165,6713,glycopyrronium bromure
15166,6713,budésonide
15167,6714,trazodone chlorhydrate
15168,6715,Dolutégravir
15169,6715,Abacavir
15170,6715,Lamivudine
15171,6715,dolutégravir sodique
15172,6715,abacavir sulfate
15173,6715,lamivudine
15174,6716,Piribédil
15175,6716,piribédil
15176,6717,atorvastatine calcique trihydrate
15177,6717,périndopril arginine
15178,6717,amlodipine bésilate
15179,6718,estradiol hémihydrate
15180,6718,noréthistérone acétate
15181,6719,arsenic trioxyde
15182,6720,Éthinylestradiol
15183,6720,Lévonorgestrel
15184,6720,lévonorgestrel
15185,6720,éthinylestradiol
15186,6721,Périndopril arginine
15187,6721,Indapamide
15188,6721,Amlodipine
15189,6721,périndopril arginine
15190,6721,indapamide
15191,6721,amlodipine bésilate
15192,6723,Éthinylestradiol
15193,6723,Norgestimate
15194,6723,norgestimate
15195,6723,éthinylestradiol
15196,6724,Éthinylestradiol
15197,6724,Norgestimate
15198,6724,norgestimate
15199,6724,éthinylestradiol
15200,6725,trimétazidine dichlorhydrate
15201,6726,Trinitrine
15202,6726,trinitrine
15203,6727,Trinitrine
15204,6727,trinitrine
15205,6728,Trimétazidine dichlorhydrate
15206,6728,trimétazidine dichlorhydrate
15207,6729,Trimébutine maléate
15208,6729,trimébutine maléate
15209,6730,Trimébutine maléate
15210,6730,trimébutine maléate
15211,6731,Trimébutine maléate
15212,6731,trimébutine maléate
15213,6732,Trimétazidine dichlorhydrate
15214,6732,trimétazidine dichlorhydrate
15215,6733,Trimébutine maléate
15216,6733,trimébutine maléate
15217,6734,Trimébutine maléate
15218,6734,trimébutine maléate
15219,6735,Trimébutine maléate
15220,6735,trimébutine maléate
15221,6736,Trimébutine maléate
15222,6736,trimébutine maléate
15223,6737,Trimébutine maléate
15224,6737,trimébutine maléate
15225,6738,trimébutine maléate
15226,6739,Trimébutine maléate
15227,6739,trimébutine maléate
15228,6740,Trimébutine maléate
15229,6740,trimébutine maléate
15230,6741,Trimébutine maléate
15231,6741,trimébutine maléate
15232,6742,Trimébutine maléate
15233,6742,trimébutine maléate
15234,6743,Trimébutine maléate
15235,6743,trimébutine maléate
15236,6744,Trimébutine maléate
15237,6744,trimébutine maléate
15238,6745,Trimébutine maléate
15239,6745,trimébutine maléate
15240,6746,Trimébutine maléate
15241,6746,trimébutine maléate
15242,6747,Trimébutine maléate
15243,6747,trimébutine maléate
15244,6748,trientine dichlorhydrate
15245,6749,trihexyphénidyle chlorhydrate
15246,6750,Fluconazole
15247,6750,fluconazole
15248,6751,Oxcarbazépine
15249,6751,oxcarbazépine
15250,6752,Béclométasone dipropionate
15251,6752,Formotérol fumarate
15252,6752,Glycopyrronium
15253,6752,béclométasone dipropionate
15254,6752,formotérol fumarate dihydrate
15255,6752,glycopyrronium bromure
15256,6753,Désonide
15257,6753,désonide
15258,6754,triamcinolone acétonide
15259,6755,Ramipril
15260,6755,ramipril
15261,6756,norgestimate
15262,6756,éthinylestradiol
15263,6757,Éthinylestradiol
15264,6757,Norgestimate
15265,6757,norgestimate
15266,6757,éthinylestradiol
15267,6758,Ceftriaxone
15268,6758,ceftriaxone sodique
15269,6759,protiréline
15270,6760,Palipéridone
15271,6760,palipéridone palmitate
15272,6761,Insuline déglutec
15273,6761,insuline dégludec
15274,6762,Guselkumab
15275,6762,guselkumab
15276,6763,tréprostinil sodique
15277,6764,tréprostinil sodique
15278,6765,tréprostinil sodique
15279,6766,éthionamide
15280,6767,Fluticasone furoate
15281,6767,Uméclidinium bromure
15282,6767,Vilantérol
15283,6767,fluticasone furoate
15284,6767,uméclidinium bromure
15285,6767,vilantérol trifénatate
15286,6768,trastuzumab
15287,6769,tréosulfan
15288,6770,Travoprost
15289,6770,Timolol
15290,6770,travoprost
15291,6770,timolol maléate
15292,6771,Travoprost
15293,6771,Timolol
15294,6771,travoprost
15295,6771,timolol maléate
15296,6772,Travoprost
15297,6772,Timolol
15298,6772,travoprost
15299,6772,timolol maléate
15300,6773,Travoprost
15301,6773,Timolol
15302,6773,travoprost
15303,6773,timolol maléate
15304,6774,Travoprost
15305,6774,Timolol
15306,6774,travoprost
15307,6774,timolol maléate
15308,6775,Travoprost
15309,6775,Timolol
15310,6775,travoprost
15311,6775,timolol maléate
15312,6776,Travoprost
15313,6776,Timolol
15314,6776,travoprost
15315,6776,timolol maléate
15316,6777,Travoprost
15317,6777,travoprost
15318,6778,Travoprost
15319,6778,travoprost
15320,6779,Travoprost
15321,6779,travoprost
15322,6780,Travoprost
15323,6780,travoprost
15324,6781,Travoprost
15325,6781,travoprost
15326,6782,Travoprost
15327,6782,travoprost
15328,6783,Travoprost
15329,6783,travoprost
15330,6784,Travoprost
15331,6784,travoprost
15332,6785,Travoprost
15333,6785,travoprost
15334,6786,aprotinine
15335,6787,trastuzumab déruxtécan
15336,6788,tranylcypromine sulfate
15337,6789,tranylcypromine sulfate
15338,6790,Clorazépate dipotassique
15339,6790,clorazépate dipotassique
15340,6791,Acide salicylique
15341,6791,acide salicylique
15342,6792,Macrogol 3350
15343,6792,macrogol 3350
15344,6793,Lactulose
15345,6793,Paraffine liquide
15346,6793,Vaseline
15347,6793,lactulose
15348,6793,paraffine liquide
15349,6793,vaseline
15350,6794,Macrogol 3350
15351,6794,macrogol 3350
15352,6795,"Ispaghul, poudre de tégument de la graine"
15353,6795,ispaghul tégument de graine poudre
15354,6796,ataluren
15355,6797,Trimébutine maléate
15356,6797,trimébutine maléate
15357,6798,"Valériane, extrait sec"
15358,6798,"Aubépine, extrait sec"
15359,6798,valériane extrait sec
15360,6798,aubépine extrait sec
15361,6799,Trandolapril
15362,6799,trandolapril
15363,6800,Trandolapril
15364,6800,trandolapril
15365,6801,Trandolapril
15366,6801,trandolapril
15367,6802,tramétinib
15368,6803,Paracétamol
15369,6803,Tramadol chlorhydrate
15370,6803,tramadol chlorhydrate
15371,6803,paracétamol
15372,6804,Labétalol chlorhydrate
15373,6804,labétalol chlorhydrate
15374,6805,Paracétamol
15375,6805,Tramadol chlorhydrate
15376,6805,tramadol chlorhydrate
15377,6805,paracétamol
15378,6806,Paracétamol
15379,6806,Tramadol chlorhydrate
15380,6806,tramadol chlorhydrate
15381,6806,paracétamol
15382,6807,Paracétamol
15383,6807,Tramadol chlorhydrate
15384,6807,tramadol chlorhydrate
15385,6807,paracétamol
15386,6808,Paracétamol
15387,6808,Tramadol chlorhydrate
15388,6808,tramadol chlorhydrate
15389,6808,paracétamol
15390,6809,tramadol chlorhydrate
15391,6809,paracétamol
15392,6810,Paracétamol
15393,6810,Tramadol chlorhydrate
15394,6810,tramadol chlorhydrate
15395,6810,paracétamol
15396,6811,Paracétamol
15397,6811,Tramadol chlorhydrate
15398,6811,tramadol chlorhydrate
15399,6811,paracétamol
15400,6812,Paracétamol
15401,6812,Tramadol chlorhydrate
15402,6812,tramadol chlorhydrate
15403,6812,paracétamol
15404,6813,Paracétamol
15405,6813,Tramadol chlorhydrate
15406,6813,tramadol chlorhydrate
15407,6813,paracétamol
15408,6814,Paracétamol
15409,6814,Tramadol chlorhydrate
15410,6814,tramadol chlorhydrate
15411,6814,paracétamol
15412,6815,Paracétamol
15413,6815,Tramadol chlorhydrate
15414,6815,tramadol chlorhydrate
15415,6815,paracétamol
15416,6816,Paracétamol
15417,6816,Tramadol chlorhydrate
15418,6816,tramadol chlorhydrate
15419,6816,paracétamol
15420,6817,Paracétamol
15421,6817,Tramadol chlorhydrate
15422,6817,tramadol chlorhydrate
15423,6817,paracétamol
15424,6818,Paracétamol
15425,6818,Tramadol chlorhydrate
15426,6818,tramadol chlorhydrate
15427,6818,paracétamol
15428,6819,Paracétamol
15429,6819,Tramadol chlorhydrate
15430,6819,tramadol chlorhydrate
15431,6819,paracétamol
15432,6820,Tramadol chlorhydrate
15433,6820,tramadol chlorhydrate
15434,6821,tramadol chlorhydrate
15435,6822,Tramadol chlorhydrate
15436,6822,tramadol chlorhydrate
15437,6823,Tramadol chlorhydrate
15438,6823,tramadol chlorhydrate
15439,6824,Tramadol chlorhydrate
15440,6824,tramadol chlorhydrate
15441,6825,tramadol chlorhydrate
15442,6826,tramadol chlorhydrate
15443,6827,Tramadol chlorhydrate
15444,6827,tramadol chlorhydrate
15445,6828,Tramadol chlorhydrate
15446,6828,tramadol chlorhydrate
15447,6829,Tramadol chlorhydrate
15448,6829,tramadol chlorhydrate
15449,6830,Tramadol chlorhydrate
15450,6830,tramadol chlorhydrate
15451,6831,Tramadol chlorhydrate
15452,6831,tramadol chlorhydrate
15453,6832,Tramadol chlorhydrate
15454,6832,tramadol chlorhydrate
15455,6833,Tramadol chlorhydrate
15456,6833,tramadol chlorhydrate
15457,6834,Tramadol chlorhydrate
15458,6834,tramadol chlorhydrate
15459,6835,chlorure ferreux
15460,6835,zinc chlorure
15461,6835,manganèse chlorure
15462,6835,cuivre chlorure
15463,6835,chrome chlorure
15464,6835,sélénite de sodium pentahydrate
15465,6835,sodium molybdate dihydrate
15466,6835,potassium iodure
15467,6835,fluorure de sodium
15468,6836,tramadol chlorhydrate
15469,6837,tralokinumab
15470,6838,Tramadol chlorhydrate
15471,6838,tramadol chlorhydrate
15472,6839,trabectédine
15473,6840,trabectédine
15474,6841,bosentan monohydrate
15475,6842,atracurium bésilate
15476,6843,atosiban acétate
15477,6844,charbon activé
15478,6845,Fésotérodine fumarate
15479,6845,fésotérodine fumarate
15480,6847,trabectédine
15481,6848,trabectédine
15482,6849,Fer
15483,6849,Manganèse
15484,6849,Cuivre
15485,6849,gluconate ferreux
15486,6849,manganèse gluconate
15487,6849,cuivre gluconate
15488,6850,temsirolimus
15489,6851,topotécane chlorhydrate
15490,6852,Kétoprofène
15491,6852,kétoprofène
15492,6853,Insuline glargine
15493,6853,insuline glargine
15494,6854,topotécane chlorhydrate
15495,6855,Oxomémazine
15496,6855,oxomémazine
15497,6856,Perméthrine
15498,6856,perméthrine
15499,6857,Topiramate
15500,6857,topiramate
15501,6858,Topiramate
15502,6858,topiramate
15503,6859,Topiramate
15504,6859,topiramate
15505,6860,Topiramate
15506,6860,topiramate
15507,6862,Topiramate
15508,6862,topiramate
15509,6863,raltitrexed
15510,6864,tolvaptan
15511,6865,tolvaptan
15512,6866,tolvaptan
15513,6867,Tramadol chlorhydrate
15514,6867,tramadol chlorhydrate
15515,6868,Doxycycline
15516,6868,doxycycline monohydrate
15517,6869,Fluorouracile
15518,6869,fluorouracil
15519,6870,Imipramine chlorhydrate
15520,6870,imipramine chlorhydrate
15521,6871,tolvaptan
15522,6872,Dexaméthasone
15523,6872,Tobramycine
15524,6872,tobramycine
15525,6872,dexaméthasone
15526,6873,Alpha-tocophérol acétate (vitamine E)
15527,6873,alpha-tocophérol acétate
15528,6874,Alpha-tocophérol acétate (vitamine E)
15529,6874,alpha-tocophérol acétate
15530,6875,Tobramycine
15531,6875,tobramycine
15532,6876,Alitrétinoïne
15533,6876,alitrétinoïne
15534,6877,Dexaméthasone
15535,6877,Tobramycine
15536,6877,dexaméthasone
15537,6877,tobramycine
15538,6878,Tobramycine
15539,6878,tobramycine
15540,6879,tobramycine
15541,6880,tobramycine
15542,6881,Tobramycine
15543,6881,tobramycine
15544,6882,rifaximine
15545,6883,Tixocortol pivalate
15546,6883,tixocortol pivalate
15547,6884,Tixocortol pivalate
15548,6884,tixocortol pivalate
15549,6885,Tixocortol pivalate
15550,6885,tixocortol pivalate
15551,6886,Tixocortol pivalate
15552,6886,tixocortol pivalate
15553,6887,Tixocortol pivalate
15554,6887,tixocortol pivalate
15555,6888,Tixocortol pivalate
15556,6888,tixocortol pivalate
15557,6889,cilgavimab
15558,6889,tixagévimab
15559,6890,thrombine humaine
15560,6890,fibrinogène humain
15561,6890,aprotinine synthétique
15562,6890,calcium chlorure
15563,6890,calcium chlorure dihydrate
15564,6891,"Séné feuilles, exprimé en sennosides B"
15565,6891,séné feuille
15566,6892,Carraghénates
15567,6892,Oxyde de zinc
15568,6892,Dioxyde de titane
15569,6892,carraghénates
15570,6892,zinc oxyde
15571,6892,titane dioxyde
15572,6892,lidocaïne
15573,6893,Dolutégravir
15574,6893,dolutégravir sodique
15575,6895,tirofiban chlorhydrate monohydrate
15576,6896,tirofiban
15577,6897,Tiotropium
15578,6897,tiotropium bromure
15579,6898,Tiotropium
15580,6898,tiotropium bromure
15581,6899,Racécadotril
15582,6899,racécadotril
15583,6900,Racécadotril
15584,6900,racécadotril
15585,6901,Timolol
15586,6901,timolol maléate
15587,6902,Timolol
15588,6902,timolol maléate
15589,6903,Racécadotril
15590,6903,racécadotril
15591,6904,Timolol
15592,6904,timolol maléate
15593,6905,Timolol
15594,6905,timolol maléate
15595,6906,"Thym, extrait fluide de parties aériennes"
15596,6906,thym partie aérienne extrait
15597,6907,Sulfate ferreux
15598,6907,sulfate ferreux
15599,6907,acide ascorbique
15600,6908,Tilia tomentosa (tilleul argenté) macérat glycériné 1 DH
15601,6908,tilia tomentosa bourgeons macérat glycériné [H]
15602,6909,Timolol maléate
15603,6909,timolol maléate
15604,6910,Diltiazem chlorhydrate
15605,6910,diltiazem chlorhydrate
15606,6911,Ténoxicam
15607,6911,ténoxicam
15608,6912,Timolol
15609,6912,timolol maléate
15610,6913,Frovatriptan
15611,6913,frovatriptan succinate monohydrate
15612,6915,tigécycline
15613,6916,tigécycline
15614,6917,tigécycline
15615,6918,Imipénem anhydre
15616,6918,Cilastatine
15617,6918,imipénem monohydrate
15618,6918,cilastatine sodique
15619,6919,Ticlopidine chlorhydrate
15620,6919,ticlopidine chlorhydrate
15621,6920,Ticlopidine chlorhydrate
15622,6920,ticlopidine chlorhydrate
15623,6921,Ticagrélor
15624,6921,ticagrélor
15625,6922,Virus de l'encéphalite à tiques (souche Neudoerfl)
15626,6922,virus de l'encéphalite à tiques inactivé souche Neudoerfl
15627,6923,Ticagrélor
15628,6923,ticagrélor
15629,6924,Ticagrélor
15630,6924,ticagrélor
15631,6925,Ticagrélor
15632,6925,ticagrélor
15633,6926,Ticagrélor
15634,6926,ticagrélor
15635,6927,ticagrélor
15636,6928,ticagrélor
15637,6929,ticagrélor
15638,6930,Ticagrélor
15639,6930,ticagrélor
15640,6931,ivosidénib
15641,6932,Tibolone
15642,6932,tibolone
15643,6933,Tibolone
15644,6933,tibolone
15645,6934,ornidazole
15646,6935,Tiapride
15647,6935,tiapride chlorhydrate
15648,6936,Tiapride
15649,6936,tiapride chlorhydrate
15650,6937,Tianeptine sel de sodium
15651,6937,tianeptine sodique
15652,6938,Tianeptine sel de sodium
15653,6938,tianeptine sodique
15654,6939,Thiomazole
15655,6939,thiamazol
15656,6940,Tiapride
15657,6940,tiapride chlorhydrate
15658,6941,thyrotropine alfa
15659,6942,immunoglobulines de lapin anti-lymphocytes T humains
15660,6943,Tixocortol pivalate
15661,6943,Chlorhexidine digluconate
15662,6943,tixocortol pivalate
15663,6943,chlorhexidine gluconate solution
15664,6944,liothyronine chlorhydrate
15665,6945,Lévothyroxine sodique (L-T4)
15666,6945,lévothyroxine sodique
15667,6946,thiotépa
15668,6947,thiopental sodique
15669,6948,thiotépa
15670,6949,thiotépa
15671,6950,Thiocolchicoside
15672,6950,thiocolchicoside
15673,6951,Thiocolchicoside
15674,6951,thiocolchicoside
15675,6952,tiopronine
15676,6953,thiopental sodique
15677,6954,Thiocolchicoside
15678,6954,thiocolchicoside
15679,6955,Thiocolchicoside
15680,6955,thiocolchicoside
15681,6956,Thiocolchicoside
15682,6956,thiocolchicoside
15683,6957,Thiocolchicoside
15684,6957,thiocolchicoside
15685,6958,Thiocolchicoside
15686,6958,thiocolchicoside
15687,6959,Thiocolchicoside
15688,6959,thiocolchicoside
15689,6960,thiamine chlorhydrate
15690,6961,Alimémazine
15691,6961,alimémazine tartrate
15692,6962,sodium iodure 131I
15693,6963,thalidomide
15694,6964,urokinase
15695,6965,thalidomide
15696,6966,filgrastim
15697,6967,Tézépelumab
15698,6967,tézépelumab
15699,6968,Estradiol
15700,6968,estradiol
15701,6969,Estradiol
15702,6969,estradiol hémihydrate
15703,6970,Anatoxine diphtérique
15704,6970,Anatoxine tétanique
15705,6970,Antigènes coquelucheux
15706,6970,"Virus poliomyélitiques inactivés de types 1, 2 et 3"
15707,6970,anatoxine diphtérique
15708,6970,anatoxine tétanique
15709,6970,anatoxine de Bordetella pertussis
15710,6970,hémagglutinine filamenteuse de Bordetella pertussis
15711,6970,virus poliomyélitique inactivé type 1
15712,6970,virus poliomyélitique inactivé type 2
15713,6970,virus poliomyélitique inactivé type 3
15714,6971,testostérone énantate
15715,6972,tétracaïne chlorhydrate
15716,6973,tétrabénazine
15717,6974,Lymécycline
15718,6974,lymécycline
15719,6975,testostérone undécanoate
15720,6976,Testostérone
15721,6976,testostérone
15722,6977,Terpine
15723,6977,"Pin, huile essentielle"
15724,6977,"Niaouli, huile essentielle"
15725,6977,"Eucalyptus, huile essentielle"
15726,6977,terpine
15727,6977,pin de Sibérie essence
15728,6977,niaouli essence reconstituée
15729,6977,eucalyptus essence
15730,6978,Tériparatide
15731,6978,tériparatide
15732,6979,Terpine
15733,6979,terpine
15734,6980,Fenticonazole nitrate
15735,6980,fenticonazole nitrate
15736,6981,terlipressine acétate
15737,6982,terlipressine acétate
15738,6984,tériparatide
15739,6985,tériflunomide
15740,6986,Tériparatide
15741,6986,tériparatide
15742,6987,tériflunomide
15743,6988,Tériflunomide
15744,6988,tériflunomide
15745,6989,tériflunomide
15746,6990,Tériflunomide
15747,6990,tériflunomide
15748,6991,tériflunomide
15749,6992,tériflunomide
15750,6993,tériflunomide
15751,6994,Tériflunomide
15752,6994,tériflunomide
15753,6995,tériflunomide
15754,6996,Métronidazole
15755,6996,Néomycine sulfate
15756,6996,Nystatine
15757,6996,métronidazole
15758,6996,néomycine sulfate
15759,6996,nystatine
15760,6997,Tériflunomide
15761,6997,tériflunomide
15762,6998,terbutaline sulfate
15763,6999,terbutaline sulfate
15764,7000,terbutaline sulfate
15765,7001,Cyamémazine
15766,7001,cyamémazine
15767,7001,cyamémazine tartrate
15768,7002,terbutaline sulfate
15769,7003,Terbinafine
15770,7003,terbinafine chlorhydrate
15771,7004,Terbinafine
15772,7004,terbinafine chlorhydrate
15773,7005,Terbinafine
15774,7005,terbinafine chlorhydrate
15775,7006,Terbinafine
15776,7006,terbinafine chlorhydrate
15777,7007,Terbinafine
15778,7007,terbinafine chlorhydrate
15779,7008,Terbinafine chlorhydrate
15780,7008,terbinafine chlorhydrate
15781,7009,Terbinafine
15782,7009,terbinafine chlorhydrate
15783,7010,Terbinafine
15784,7010,terbinafine chlorhydrate
15785,7011,Terbinafine
15786,7011,terbinafine chlorhydrate
15787,7012,Terbinafine
15788,7012,terbinafine chlorhydrate
15789,7013,Terbinafine
15790,7013,terbinafine chlorhydrate
15791,7014,Terbinafine
15792,7014,terbinafine chlorhydrate
15793,7015,Terbinafine
15794,7015,terbinafine chlorhydrate
15795,7016,Terbinafine
15796,7016,terbinafine chlorhydrate
15797,7017,Terbinafine chlorhydrate
15798,7017,terbinafine chlorhydrate
15799,7018,Terbinafine
15800,7018,terbinafine chlorhydrate
15801,7019,Térazosine
15802,7019,térazosine chlorhydrate
15803,7020,Térazosine
15804,7020,térazosine chlorhydrate dihydrate
15805,7021,Térazosine
15806,7021,térazosine chlorhydrate dihydrate
15807,7022,thiotépa
15808,7023,téprotumumab
15809,7024,épcoritamab
15810,7025,Carbonate de lithium
15811,7025,lithium carbonate
15812,7026,Aténolol
15813,7026,Chlortalidone
15814,7026,aténolol
15815,7026,chlortalidone
15816,7027,Bendrofluméthiazide
15817,7027,Réserpine
15818,7027,bendrofluméthiazide
15819,7027,réserpine
15820,7028,dexamfétamine sulfate
15821,7029,Aténolol
15822,7029,aténolol
15823,7030,Ténofovir disoproxil
15824,7030,ténofovir disoproxil fumarate
15825,7031,ténofovir disoproxil fumarate
15826,7032,Ténofovir disoproxil
15827,7032,ténofovir disoproxil phosphate
15828,7033,Ténofovir disoproxil
15829,7033,ténofovir disoproxil maléate
15830,7034,Ténofovir disoproxil
15831,7034,ténofovir disoproxil phosphate
15832,7035,Ténofovir disoproxil
15833,7035,ténofovir disoproxil
15834,7036,Ténofovir disoproxil
15835,7036,ténofovir disoproxil succinate
15836,7037,Ténofovir disoproxil
15837,7037,ténofovir disoproxil succinate
15838,7038,ténofovir disoproxil fumarate
15839,7039,Ténofovir disoproxil
15840,7039,ténofovir disoproxil fumarate
15841,7040,témozolomide
15842,7041,témozolomide
15843,7042,témozolomide
15844,7043,oritavancine phosphate
15845,7044,témozolomide
15846,7045,Lorazépam
15847,7045,lorazépam
15848,7046,Nébivolol
15849,7046,nébivolol chlorhydrate
15850,7047,Névibolol
15851,7047,Hydrochlorothiazide
15852,7047,nébivolol chlorhydrate
15853,7047,hydrochlorothiazide
15854,7048,Buprénorphine
15855,7048,buprénorphine chlorhydrate
15856,7049,Telmisartan
15857,7049,Hydrochlorothiazide
15858,7049,telmisartan
15859,7049,hydrochlorothiazide
15860,7050,Telmisartan
15861,7050,Hydrochlorothiazide
15862,7050,telmisartan
15863,7050,hydrochlorothiazide
15864,7051,Telmisartan
15865,7051,Hydrochlorothiazide
15866,7051,telmisartan
15867,7051,hydrochlorothiazide
15868,7052,Telmisartan
15869,7052,Hydrochlorothiazide
15870,7052,telmisartan
15871,7052,hydrochlorothiazide
15872,7053,Fosamprénavir
15873,7053,fosamprénavir calcique
15874,7054,telmisartan
15875,7054,hydrochlorothiazide
15876,7055,Telmisartan
15877,7055,Hydrochlorothiazide
15878,7055,telmisartan
15879,7055,hydrochlorothiazide
15880,7056,Telmisartan
15881,7056,Hydrochlorothiazide
15882,7056,telmisartan
15883,7056,hydrochlorothiazide
15884,7057,Telmisartan
15885,7057,Hydrochlorothiazide
15886,7057,telmisartan
15887,7057,hydrochlorothiazide
15888,7058,Telmisartan
15889,7058,Hydrochlorothiazide
15890,7058,telmisartan
15891,7058,hydrochlorothiazide
15892,7059,Telmisartan
15893,7059,telmisartan
15894,7060,Telmisartan
15895,7060,telmisartan
15896,7061,Telmisartan
15897,7061,telmisartan
15898,7062,Telmisartan
15899,7062,telmisartan
15900,7063,Telmisartan
15901,7063,Amlodipine
15902,7063,telmisartan
15903,7063,amlodipine bésilate
15904,7064,Telmisartan
15905,7064,telmisartan
15906,7065,Telmisartan
15907,7065,telmisartan
15908,7066,Telmisartan
15909,7066,telmisartan
15910,7068,acide ioxitalamique sel de méglumine
15911,7068,acide ioxitalamique sel de Na
15912,7069,éthylènediamine diacétate
15913,7069,"TFA de HYNIC-(D-Phé1,Tyr3-octréotide)"
15914,7070,pertechnétate 99mTc de sodium
15915,7071,Fexofénadine chlorhydrate
15916,7071,fexofénadine chlorhydrate
15917,7072,inotersen sodique
15918,7073,Carbamazépine
15919,7073,carbamazépine
15920,7074,téicoplanine
15921,7075,téicoplanine
15922,7076,téicoplanine
15923,7077,riluzole
15924,7078,immunoglobulines humaines normales
15925,7079,téclistamab
15926,7080,Théophylline
15927,7080,théophylline
15928,7082,tétrakis(2-méthoxy-isobutyl-isonitrile) cuivre tétrafluoroborate
15929,7083,sodium pyrophosphate decahydrate
15930,7084,bétiatide
15931,7085,acide oxidronique sel de Na
15932,7086,acide pentétique
15933,7087,succimer
15934,7088,"acide 3,3-diphosphono-1,2-propanedicarboxylique sel tétrasodique"
15935,7089,atézolizumab
15936,7090,Diméthyl fumarate
15937,7090,diméthyle fumarate
15938,7091,pipéracilline sodique
15939,7091,tazobactam sodique
15940,7093,brexucabtagène autoleucel
15941,7094,Lévothyroxine sodique (L-T4)
15942,7094,lévothyroxine sodique
15943,7095,avacopan
15944,7096,fostamatinib disodique hexahydraté
15945,7097,docétaxel trihydrate
15946,7098,Lévofloxacine
15947,7098,lévofloxacine hémihydrate
15948,7099,cocculus indicus [H]
15949,7099,gelsemium sempervirens [H]
15950,7100,Tolcapone
15951,7100,tolcapone
15952,7101,bexarotène
15953,7102,Vérapamil chlorhydrate
15954,7102,Trandolapril
15955,7102,vérapamil chlorhydrate
15956,7102,trandolapril
15957,7103,Nilotinib
15958,7103,nilotinib chlorhydrate monohydrate
15959,7104,Sulfate ferreux desséché
15960,7104,Acide folique (vitamine B9)
15961,7104,sulfate ferreux
15962,7104,acide folique
15963,7105,Valsartan
15964,7105,valsartan
15965,7106,téicoplanine
15966,7107,noradrénaline bitartrate
15967,7108,Acétylleucine
15968,7108,acétylleucine
15969,7109,Acétylleucine
15970,7109,acétylleucine
15971,7110,Erlotinib
15972,7110,erlotinib chlorhydrate
15973,7111,Sulfate ferreux dsséché
15974,7111,sulfate ferreux
15975,7111,sulfate ferreux heptahydrate
15976,7112,Tamsulosine chlorhydrate
15977,7112,tamsulosine chlorhydrate
15978,7113,Tamsulosine chlorhydrate
15979,7113,tamsulosine chlorhydrate
15980,7114,Tamsulosine chlorhydrate
15981,7114,tamsulosine chlorhydrate
15982,7115,Tamsulosine chlorhydrate
15983,7115,tamsulosine chlorhydrate
15984,7116,"Ginkgo biloba, extrait standardisé"
15985,7116,ginkgo biloba extrait sec de feuille
15986,7117,Tamsulosine chlorhydrate
15987,7117,tamsulosine chlorhydrate
15988,7118,Tamsulosine chlorhydrate
15989,7118,tamsulosine chlorhydrate
15990,7119,Tamsulosine chlorhydrate
15991,7119,tamsulosine chlorhydrate
15992,7120,Tamsulosine chlorhydrate
15993,7120,tamsulosine chlorhydrate
15994,7121,Tamsulosine chlorhydrate
15995,7121,tamsulosine chlorhydrate
15996,7122,Tamsulosine chlorhydrate
15997,7122,tamsulosine chlorhydrate
15998,7123,Tamsulosine chlorhydrate
15999,7123,tamsulosine chlorhydrate
16000,7124,Tamsulosine chlorhydrate
16001,7124,tamsulosine chlorhydrate
16002,7125,Tamsulosine chlorhydrate
16003,7125,tamsulosine chlorhydrate
16004,7126,Tamsulosine chlorhydrate
16005,7126,tamsulosine chlorhydrate
16006,7127,Tamoxifène
16007,7127,tamoxifène citrate
16008,7128,Tamoxifène
16009,7128,tamoxifène citrate
16010,7129,Tamoxifène
16011,7129,tamoxifène citrate
16012,7130,Tamoxifène
16013,7130,tamoxifène citrate
16014,7131,Tamoxifène
16015,7131,tamoxifène citrate
16016,7132,Talazoparib
16017,7132,talazoparib tosilate
16018,7133,Tamoxifène
16019,7133,tamoxifène citrate
16020,7134,Tamoxifène
16021,7134,tamoxifène citrate
16022,7135,Oseltamivir
16023,7135,oséltamivir phosphate
16024,7137,tadalafil
16025,7138,Tacrolimus
16026,7138,tacrolimus monohydrate
16027,7139,felbamate
16028,7140,Ixékizumab
16029,7140,ixékizumab
16030,7141,apadamtase alfa
16031,7142,Tramadol chlorhydrate
16032,7142,tramadol chlorhydrate
16033,7144,lanadélumab
16034,7145,Dabrafénib
16035,7145,dabrafénib mésilate
16036,7146,Colistiméthate sodique
16037,7146,colistiméthate sodique
16038,7147,osimertinib mésilate
16039,7148,Atorvastatine
16040,7148,atorvastatine calcique trihydrate
16041,7149,"Prunier d'Afrique, extrait"
16042,7149,prunier d'Afrique extrait
16043,7150,Tadalafil
16044,7150,tadalafil
16045,7151,Tadalafil
16046,7151,tadalafil
16047,7152,Tadalafil
16048,7152,tadalafil
16049,7153,tadalafil
16050,7154,Tadalafil
16051,7154,tadalafil
16052,7155,Tadalafil
16053,7155,tadalafil
16054,7156,Tadalafil
16055,7156,tadalafil
16056,7157,Tadalafil
16057,7157,tadalafil
16058,7158,Tadalafil
16059,7158,tadalafil
16060,7159,Tadalafil
16061,7159,tadalafil
16062,7160,Tadalafil
16063,7160,tadalafil
16064,7161,Tadalafil
16065,7161,tadalafil
16066,7162,Tadalafil
16067,7162,tadalafil
16068,7163,Tadalafil
16069,7163,tadalafil
16070,7164,Tadalafil
16071,7164,tadalafil
16072,7165,Tadalafil
16073,7165,tadalafil
16074,7166,Tadalafil
16075,7166,tadalafil
16076,7167,Tadalafil
16077,7167,tadalafil
16078,7168,fibrinogène humain
16079,7168,thrombine humaine
16080,7170,capmatinib dichlorhydrate monohydrate
16081,7171,Tadalafil
16082,7171,tadalafil
16083,7172,Tadalafil
16084,7172,tadalafil
16085,7173,Nafaréline
16086,7173,nafaréline acétate
16087,7174,Palivizumab
16088,7174,palivizumab
16089,7175,Empagliflozine
16090,7175,Metformine chlorhydrate
16091,7175,empagliflozine
16092,7175,metformine chlorhydrate
16093,7176,Lévomenthol
16094,7176,Vératrol
16095,7176,Résorcinol
16096,7176,Acide salicylique
16097,7176,lévomenthol
16098,7176,vératrol
16099,7176,résorcine
16100,7176,acide salicylique
16101,7177,tabacum [H]
16102,7177,cocculus indicus [H]
16103,7177,arnica montana [H]
16104,7177,petroleum [H]
16105,7177,belladonna [H]
16106,7177,ipéca [H]
16107,7177,ignatia amara [H]
16108,7177,coca [H]
16109,7178,Oxyde de magnésium
16110,7178,"Aubépine, extrait sec de sommité fleurie"
16111,7178,"Eschscholtzia, extrait sec"
16112,7178,oxyde de magnésium lourd
16113,7178,aubépine sommité fleurie extrait sec
16114,7178,eschscholtzia partie aérienne fleurie extrait sec
16115,7179,siltuximab
16116,7180,Budésonide
16117,7180,Formotérol fumarate
16118,7180,budésonide
16119,7180,formotérol fumarate dihydrate
16120,7181,tezacaftor
16121,7181,ivacaftor
16122,7182,Tétracosactide
16123,7182,Chlorure de zinc
16124,7182,tétracosactide
16125,7183,suxaméthonium chlorure dihydrate
16126,7184,suxaméthonium chlorure
16127,7185,suxaméthonium chlorure dihydrate
16128,7186,sunitinib malate
16129,7187,Rosuvastatine
16130,7187,Ézétimibe
16131,7187,rosuvastatine calcique
16132,7187,ézétimibe
16133,7189,Ambroxol chlorhydrate
16134,7189,ambroxol chlorhydrate
16135,7190,Acide tiaprofénique
16136,7190,acide tiaprofénique
16137,7191,Trimipramine
16138,7191,trimipramine mésilate
16139,7191,trimipramine maléate
16140,7192,Éfavirenz
16141,7192,efavirenz
16142,7193,desflurane
16143,7194,Glycérol
16144,7194,glycérol
16145,7195,Glycérol
16146,7195,glycérol
16147,7196,Glycérol
16148,7196,glycérol
16149,7197,Glycérine
16150,7197,glycérol
16151,7198,glycérol
16152,7199,chrome chlorure hexahydrate
16153,7199,cuivre chlorure dihydrate
16154,7199,chlorure ferrique hexahydrate
16155,7199,manganèse chlorure tétrahydrate
16156,7199,potassium iodure
16157,7199,fluorure de sodium
16158,7199,sodium molybdate dihydrate
16159,7199,sélénite de sodium
16160,7199,zinc chlorure
16161,7201,Glycérol
16162,7201,glycérol
16163,7203,sunitinib
16164,7204,sunitinib
16165,7205,lénacapavir sodique
16166,7206,solriamfétol chlorhydrate
16167,7207,sunitinib
16168,7208,sunitinib
16169,7209,sunitinib
16170,7210,sunitinib
16171,7211,sunitinib malate
16172,7212,sunitinib
16173,7213,Sumatriptan
16174,7213,sumatriptan succinate
16175,7214,Sumatriptan
16176,7214,sumatriptan succinate
16177,7215,Sulpiride
16178,7215,sulpiride
16179,7216,Sulpiride
16180,7216,sulpiride
16181,7217,Sumatriptan
16182,7217,sumatriptan succinate
16183,7218,Sulpiride
16184,7218,sulpiride
16185,7219,Sulpiride
16186,7219,sulpiride
16187,7220,rhénium-186 sulfure colloïdal
16188,7221,Sulfosilicoaluminate de sodium
16189,7221,sodium sulfosilicoaluminate
16190,7222,magnésium sulfate heptahydrate
16191,7223,Sulfur 3 DH
16192,7223,Arsenicum album 4 DH
16193,7223,Alumen 4 DH
16194,7223,Magnesia sulfurica 3 DH
16195,7223,Natrum sulfuricum 3 DH
16196,7223,sulfur [H]
16197,7223,arsenicum album [H]
16198,7223,alumen crudum [H]
16199,7223,magnesia sulfurica [H]
16200,7223,natrum sulfuricum [H]
16201,7224,magnésium sulfate heptahydrate
16202,7225,Anétholtrithione
16203,7225,anétholtrithione
16204,7226,magnésium sulfate heptahydrate
16205,7227,sugammadex sodique
16206,7228,sugammadex sodique
16207,7229,sugammadex sodique
16208,7230,sugammadex sodique
16209,7231,mafénide acétate
16210,7232,sugammadex sodique
16211,7233,sugammadex sodique
16212,7234,sugammadex sodique
16213,7235,sugammadex sodique
16214,7236,sugammadex sodique
16215,7237,sugammadex sodique
16216,7238,sugammadex sodique
16217,7239,sugammadex sodique
16218,7240,sugammadex sodique
16219,7241,sufentanil citrate
16220,7242,sufentanil citrate
16221,7243,sacrosidase
16222,7244,sufentanil citrate
16223,7245,Buprénorphine
16224,7245,Naloxone
16225,7245,buprénorphine chlorhydrate
16226,7245,naloxone chlorhydrate dihydrate
16227,7246,Buprénorphine
16228,7246,buprénorphine chlorhydrate
16229,7247,sodium chlorure
16230,7247,bicarbonate de sodium
16231,7247,calcium chlorure dihydrate
16232,7247,magnésium chlorure hexahydrate
16233,7247,glucose monohydrate
16234,7247,potassium chlorure
16235,7248,succimer
16236,7249,Sulfate de chondroïtine sodique
16237,7249,sodium chondroïtine sulfate
16238,7250,Glucosamine
16239,7250,glucosamine chlorhydrate
16240,7251,Ivermectine
16241,7251,ivermectine
16242,7252,Calcium carbonate
16243,7252,Colécalciférol (vitamine D3)
16244,7252,calcium carbonate
16245,7252,colécalciférol concentré pulvérulent
16246,7254,Emtricitabine
16247,7254,Ténofovir disoproxil
16248,7254,Elvitégravir
16249,7254,Cobicistat
16250,7254,elvitégravir
16251,7254,cobicistat
16252,7254,emtricitabine
16253,7254,ténofovir disoproxil fumarate
16254,7255,ioflupane (123I)
16255,7256,triphosadénine disodique
16256,7257,Olodatérol
16257,7257,olodatérol chlorhydrate
16258,7258,aurum metallicum [H]
16259,7258,avena sativa [H]
16260,7258,ignatia amara [H]
16261,7258,kalium phosphoricum [H]
16262,7259,Amylmétacrésol
16263,7259,Alcool dichlorobenzylique
16264,7259,Lidocaïne
16265,7259,amylmétacrésol
16266,7259,alcool dichlorobenzylique
16267,7259,lidocaïne
16268,7260,Lidocaïne chlorhydrate
16269,7260,Amylmétacrésol
16270,7260,"Alcool 2,4-dichlorobenzylique"
16271,7260,lidocaïne chlorhydrate
16272,7260,amylmétacrésol
16273,7260,alcool dichlorobenzylique
16274,7261,asfotase alfa
16275,7262,Amylmétacrésol
16276,7262,Alcool dichlorobenzylique
16277,7262,Acide ascorbique (vitamine C)
16278,7262,amylmétacrésol
16279,7262,alcool dichlorobenzylique
16280,7262,acide ascorbique
16281,7262,sodium ascorbate
16282,7263,Étifoxine chlorhydrate
16283,7263,étifoxine chlorhydrate
16284,7264,solanum dulcamara [H]
16285,7264,ferrum phosphoricum [H]
16286,7264,hydrastis canadensis [H]
16287,7264,kalium bichromicum [H]
16288,7264,nux vomica [H]
16289,7265,Antimonium tartaricum 6 CH
16290,7265,Bryonia 3 CH
16291,7265,Coccus cacti 4 CH
16292,7265,Drosera 3 CH
16293,7265,Ipeca 3 CH
16294,7265,Rumex crispus 6 CH
16295,7265,Spongia tosta 4 CH
16296,7265,Sticta pulmonaria 3 CH
16297,7265,antimonium tartaricum [H]
16298,7265,bryonia [H]
16299,7265,coccus cacti [H]
16300,7265,drosera [H]
16301,7265,ipéca [H]
16302,7265,rumex crispus [H]
16303,7265,spongia tosta [H]
16304,7265,sticta pulmonaria [H]
16305,7266,Antimonium tartaricum 6 CH
16306,7266,Bryonia 3 CH
16307,7266,Coccus cacti 4 CH
16308,7266,Drosera 3 CH
16309,7266,Ipeca 3 CH
16310,7266,Rumex crispus 6 CH
16311,7266,Spongia tosta 4 CH
16312,7266,Sticta pulmonaria 3 CH
16313,7266,antimonium tartaricum [H]
16314,7266,bryonia [H]
16315,7266,coccus cacti [H]
16316,7266,drosera [H]
16317,7266,ipéca [H]
16318,7266,rumex crispus [H]
16319,7266,spongia tosta [H]
16320,7266,sticta pulmonaria [H]
16321,7267,flurbiprofène
16322,7268,régorafénib
16323,7269,Dénosumab
16324,7269,dénosumab
16325,7270,pegfilgrastim
16326,7271,corticoréline triflutate
16327,7272,somatoréline acétate
16328,7273,Malate de citrulline
16329,7273,citrulline malate
16330,7274,mécétronium étilsulfate
16331,7274,alcool isopropylique
16332,7274,alcool propylique
16333,7275,Zolpidem tartrate
16334,7275,zolpidem tartrate
16335,7276,Ergocalciférol (vitamine D2)
16336,7276,ergocalciférol
16337,7277,Cétrimide
16338,7277,cétrimide
16339,7278,Dexaméthasone
16340,7278,Oxytétracycline
16341,7278,dexaméthasone
16342,7278,oxytétracycline
16343,7279,Acide alendronique
16344,7279,acide alendronique sel monosodique trihydrate
16345,7280,Borax
16346,7280,Acide borique
16347,7280,sodium borate
16348,7280,acide borique
16349,7281,Ustékinumab
16350,7281,ustékinumab
16351,7282,tétrakis(2-méthoxy-isobutyl-isonitrile) cuivre tétrafluoroborate
16352,7283,Metformine embonate
16353,7283,metformine embonate
16354,7284,Lévodopa
16355,7284,Carbidopa
16356,7284,Entacapone
16357,7284,lévodopa
16358,7284,carbidopa
16359,7284,entacapone
16360,7285,Virus de la fièvre jaune atténué
16361,7285,virus amaril vivant atténué souche 17D-204
16362,7286,Ustékinumab
16363,7286,ustékinumab
16364,7287,Tianeptine sodique
16365,7287,tianeptine sodique
16366,7288,eskétamine chlorhydrate
16367,7289,Acide tranexamique
16368,7289,acide tranexamique
16369,7290,Arnica montana 9 CH
16370,7290,Sarcolacticum acidum 3 CH
16371,7290,Zincum oxydatum 3 CH
16372,7290,arnica montana [H]
16373,7290,sarcolacticum acidum [H]
16374,7290,zincum oxydatum [H]
16375,7291,Dasatinib monohydraté
16376,7291,dasatinib monohydrate
16377,7292,Charbon activé
16378,7292,charbon activé
16379,7293,Spironolactone
16380,7293,spironolactone
16381,7294,Spironolactone
16382,7294,spironolactone micronisée
16383,7294,spironolactone
16384,7295,Itraconazole
16385,7295,itraconazole
16386,7296,Spironolactone
16387,7296,spironolactone micronisée
16388,7297,Spironolactone
16389,7297,spironolactone micronisée
16390,7297,spironolactone
16391,7298,Spironolactone
16392,7298,spironolactone micronisée
16393,7299,Spironolactone
16394,7299,spironolactone
16395,7300,Altizide
16396,7300,Spironolactone
16397,7300,spironolactone micronisée
16398,7300,altizide
16399,7301,Spironolactone
16400,7301,spironolactone micronisée
16401,7301,spironolactone
16402,7302,Spironolactone
16403,7302,spironolactone micronisée
16404,7303,Spironolactone
16405,7303,spironolactone
16406,7304,Spironolactone
16407,7304,spironolactone
16408,7304,spironolactone micronisée
16409,7305,Altizide
16410,7305,Spironolactone
16411,7305,spironolactone
16412,7305,altizide
16413,7306,Altizide
16414,7306,Spironolactone
16415,7306,spironolactone micronisée
16416,7306,altizide
16417,7307,Altizide
16418,7307,Spironolactone
16419,7307,spironolactone micronisée
16420,7307,altizide
16421,7308,Altizide
16422,7308,Spironolactone
16423,7308,spironolactone micronisée
16424,7308,altizide
16425,7309,Altizide
16426,7309,Spironolactone
16427,7309,spironolactone micronisée
16428,7309,altizide
16429,7310,Spiramycine
16430,7310,Métronidazole
16431,7310,spiramycine
16432,7310,métronidazole
16433,7311,Leptospires icterohaemorrhagiae inactivés
16434,7311,Leptospira icterohaemorrhagiae inactivé
16435,7312,Spiramycine
16436,7312,Métronidazole
16437,7312,spiramycine
16438,7312,métronidazole
16439,7313,Tiotropium
16440,7313,tiotropium bromure monohydrate
16441,7314,Spiramycine
16442,7314,Métronidazole
16443,7314,spiramycine
16444,7314,métronidazole
16445,7315,Spiramycine
16446,7315,Métronidazole
16447,7315,spiramycine
16448,7315,métronidazole
16449,7316,Spiramycine
16450,7316,Métronidazole
16451,7316,spiramycine
16452,7316,métronidazole
16453,7317,Spiramycine
16454,7317,Métronidazole
16455,7317,spiramycine
16456,7317,métronidazole
16457,7318,Spiramycine
16458,7318,Métronidazole
16459,7318,spiramycine
16460,7318,métronidazole
16461,7319,Spiramycine
16462,7319,Métronidazole
16463,7319,spiramycine
16464,7319,métronidazole
16465,7320,Spiramycine
16466,7320,Métronidazole
16467,7320,spiramycine
16468,7320,métronidazole
16469,7321,Spiramycine
16470,7321,spiramycine
16471,7322,Spiramycine
16472,7322,Métronidazole
16473,7322,spiramycine
16474,7322,métronidazole
16475,7323,Spiramycine
16476,7323,Métronidazole
16477,7323,spiramycine
16478,7323,métronidazole
16479,7324,Spiramycine
16480,7324,spiramycine
16481,7325,Spiramycine
16482,7325,spiramycine
16483,7326,Spiramycine
16484,7326,spiramycine
16485,7327,Spiramycine
16486,7327,spiramycine
16487,7328,Olodatérol
16488,7328,Tiotropium
16489,7328,tiotropium bromure monohydrate
16490,7328,olodatérol chlorhydrate
16491,7329,tramétinib diméthylsulfoxyde
16492,7330,Ibuprofène
16493,7330,ibuprofène
16494,7331,nusinersen sodique
16495,7332,Élasoméran (ARN messager codant pour la protéine Spike du SARS-CoV-2 original)
16496,7332,Imélasoméran (ARN messager codant pour la protéine Spike du SARS-CoV-2 variant omicron)
16497,7332,élasoméran
16498,7332,davésoméran
16499,7332,imélasoméran
16500,7334,asparaginase
16501,7335,Ibuprofène
16502,7335,ibuprofène
16503,7336,Avanafil
16504,7336,avanafil
16505,7337,spésolimab
16506,7338,Phloroglucinol
16507,7338,phloroglucinol
16508,7339,"Valériane, extrait sec de racine"
16509,7339,"Aubépine, poudre de sommité fleurie"
16510,7339,valériane racine extrait sec
16511,7339,aubépine sommité fleurie poudre
16512,7340,Acide folique (vitamine B9)
16513,7340,acide folique
16514,7341,Sulfate de magnésium trihydraté
16515,7341,Sulfate de magnésium heptahydraté
16516,7341,Levure type Saccharomyces cerevisae
16517,7341,magnésium sulfate heptahydrate
16518,7341,saccharomyces cerevisiae
16519,7341,magnésium sulfate trihydrate
16520,7342,Doxycycline
16521,7342,doxycycline hyclate
16522,7343,"Ispaghul, tégument de graine"
16523,7343,ispaghul tégument de graine
16524,7344,"Ispaghul, tégument de graine"
16525,7344,ispaghul tégument de graine
16526,7345,Phloroglucinol
16527,7345,Triméthylphloroglucinol
16528,7345,phloroglucinol dihydrate
16529,7345,triméthylphloroglucinol
16530,7346,Sofosbuvir
16531,7346,sofosbuvir
16532,7347,Deucravacitinib
16533,7347,deucravacitinib
16534,7348,sotorasib
16535,7349,sotatercept
16536,7350,baclofène
16537,7351,Sotalol chlorhydrate
16538,7351,sotalol chlorhydrate
16539,7352,Sotalol chlorhydrate
16540,7352,sotalol chlorhydrate
16541,7353,Sotalol chlorhydrate
16542,7353,sotalol chlorhydrate
16543,7354,Sotalol chlorhydrate
16544,7354,sotalol chlorhydrate
16545,7355,Sotalol chlorhydrate
16546,7355,sotalol chlorhydrate
16547,7356,Sotalol chlorhydrate
16548,7356,sotalol chlorhydrate
16549,7357,Sotalol chlorhydrate
16550,7357,sotalol chlorhydrate
16551,7358,Sotalol chlorhydrate
16552,7358,sotalol chlorhydrate
16553,7359,Sorbitol
16554,7359,sorbitol
16555,7360,Sorbitol
16556,7360,sorbitol
16557,7361,Acitrétine
16558,7361,acitrétine
16559,7362,Sotalol chlorhydrate
16560,7362,sotalol chlorhydrate
16561,7363,sotalol chlorhydrate
16562,7364,sorafénib tosilate
16563,7365,sorafénib tosilate
16564,7366,sorafénib tosilate
16565,7367,sorafénib tosilate
16566,7368,sorafénib tosilate
16567,7369,sorafénib tosilate
16568,7370,sorafénib tosilate
16569,7371,Ivermectine
16570,7371,ivermectine
16571,7372,soufre hexafluorure
16572,7373,Tériparatide
16573,7373,tériparatide
16574,7374,Hydromorphone chlorhydrate
16575,7374,hydromorphone chlorhydrate
16576,7375,oxybate de sodium
16577,7376,Coffea tosta 20 DH
16578,7376,Stramonium 12 DH
16579,7376,Valeriana officinalis 3 DH
16580,7376,coffea tosta [H]
16581,7376,stramonium [H]
16582,7376,valeriana officinalis [H]
16583,7377,somatostatine acétate hydrate
16584,7378,somatostatine
16585,7379,lanréotide acétate
16586,7380,pegvisomant
16587,7381,iopamidol
16588,7382,édotréotide
16589,7383,thiamine nitrate
16590,7383,riboflavine phosphate sel de Na
16591,7383,nicotinamide
16592,7383,pyridoxine chlorhydrate
16593,7383,sodium pantothénate
16594,7383,sodium ascorbate
16595,7383,biotine
16596,7383,acide folique
16597,7383,cyanocobalamine
16598,7384,Tétracaïne chlorhydrate
16599,7384,tétracaïne chlorhydrate
16600,7385,sodium chlorure
16601,7385,phénol
16602,7386,pollen extrait allergénique de phléole des prés
16603,7387,histamine dichlorhydrate
16604,7389,méthylprednisolone succinate sodique
16605,7390,Prednisolone
16606,7390,prednisolone m-sulfobenzoate sel de Na
16607,7391,méthylprednisolone succinate sodique
16608,7392,méthylprednisolone hémisuccinate
16609,7393,Aurum colloidium D4
16610,7393,Natrum muriaticum D3
16611,7393,Crataegus TM
16612,7393,Valeriana TM
16613,7393,Avena sativa TM
16614,7393,Cactus TM
16615,7393,Camphora D3
16616,7393,Ignatia D8
16617,7393,Arnica D8
16618,7393,Strophantus D8
16619,7393,Kalium carbonicum D3
16620,7393,aurum colloidum [H]
16621,7393,natrum muriaticum [H]
16622,7393,crataegus oxyacantha [H]
16623,7393,valeriana officinalis [H]
16624,7393,avena sativa [H]
16625,7393,cactus grandiflorus [H]
16626,7393,camphora [H]
16627,7393,ignatia [H]
16628,7393,arnica
16629,7393,strophantus
16630,7393,kalium carbonicum [H]
16631,7394,potassium canrénoate
16632,7394,trométamol
16633,7395,Méthylprednisolone
16634,7395,méthylprednisolone hémisuccinate
16635,7396,éculizumab
16636,7397,Solifénacine succinate
16637,7397,solifénacine succinate
16638,7398,Solifénacine succinate
16639,7398,solifénacine succinate
16640,7399,Solifénacine succinate
16641,7399,solifénacine succinate
16642,7400,Solifénacine succinate
16643,7400,solifénacine succinate
16644,7401,Solifénacine succinate
16645,7401,solifénacine succinate
16646,7402,Solifénacine succinate
16647,7402,solifénacine succinate
16648,7403,Solifénacine succinate
16649,7403,solifénacine succinate
16650,7404,Solifénacine succinate
16651,7404,solifénacine succinate
16652,7405,Solifénacine succinate
16653,7405,solifénacine succinate
16654,7406,Solifénacine succinate
16655,7406,solifénacine succinate
16656,7407,Solifénacine succinate
16657,7407,solifénacine succinate
16658,7408,solifénacine succinate
16659,7409,Solifénacine succinate
16660,7409,solifénacine succinate
16661,7410,Diclofénac sel de sodium
16662,7410,diclofénac sodique
16663,7411,sévoflurane
16664,7413,L-Cystine
16665,7413,Soufre précipité
16666,7413,Rétinol (vitamine A)
16667,7413,Levure Saccharomyces cerevisiae
16668,7413,cystine
16669,7413,soufre précipité
16670,7413,rétinol acétate
16671,7413,levure Saccharomyces cerevisiae
16672,7414,Amisulpride
16673,7414,amisulpride
16674,7416,Hydrocortisone phosphate sodique
16675,7416,hydrocortisone phosphate sodique
16676,7418,somapacitan
16677,7421,soja huile raffinée
16678,7421,triglycérides à chaîne moyenne
16679,7421,olive huile raffinée
16680,7421,poisson huile riche en acides gras oméga 3
16681,7423,acides aminés
16682,7423,glucose monohydrate
16683,7423,soja huile raffinée
16684,7423,triglycérides à chaîne moyenne
16685,7423,azote
16686,7423,olive huile raffinée
16687,7423,poisson huile riche en acides gras oméga 3
16688,7423,calcium chlorure dihydrate
16689,7423,sodium glycérophosphate hydrate
16690,7423,magnésium sulfate heptahydrate
16691,7423,potassium chlorure
16692,7423,sodium acétate trihydrate
16693,7423,zinc sulfate heptahydrate
16694,7424,Diosmectite
16695,7424,diosmectite
16696,7425,Diosmectite
16697,7425,diosmectite
16698,7426,glucose monohydrate
16699,7426,acides aminés
16700,7426,triglycérides à chaîne moyenne
16701,7426,calcium chlorure dihydrate
16702,7426,sodium glycérophosphate hydrate
16703,7426,magnésium sulfate heptahydrate
16704,7426,potassium chlorure
16705,7426,sodium acétate trihydrate
16706,7426,zinc sulfate heptahydrate
16707,7426,azote
16708,7426,soja huile raffinée
16709,7426,olive huile raffinée
16710,7426,poisson huile riche en acides gras oméga 3
16711,7427,Drospirénone
16712,7427,drospirénone
16713,7428,omavéloxolone
16714,7429,Mélatonine
16715,7429,mélatonine
16716,7430,Risankizumab
16717,7430,risankizumab
16718,7431,tramadol chlorhydrate
16719,7431,dexkétoprofène
16720,7431,dexkétoprofène trométamol
16721,7432,Cyclopentolate chlorhydrate
16722,7432,cyclopentolate chlorhydrate
16723,7433,Acide azélaïque micronisé
16724,7433,acide azélaïque
16725,7434,buprénorphine chlorhydrate
16726,7435,Morphine sulfate
16727,7435,morphine sulfate
16728,7436,tédizolid phosphate
16729,7437,Sitagliptine
16730,7437,Metformine chlorhydrate
16731,7437,sitagliptine chlorhydrate monohydrate
16732,7437,metformine chlorhydrate
16733,7438,Sitagliptine
16734,7438,Metformine chlorhydrate
16735,7438,sitagliptine chlorhydrate monohydrate
16736,7438,metformine chlorhydrate
16737,7439,Sitagliptine
16738,7439,Metformine chlorhydrate
16739,7439,sitagliptine chlorhydrate monohydrate
16740,7439,metformine chlorhydrate
16741,7440,Sitagliptine
16742,7440,Metformine chlorhydrate
16743,7440,sitagliptine chlorhydrate monohydrate
16744,7440,metformine chlorhydrate
16745,7441,Sitagliptine
16746,7441,Metformine chlorhydrate
16747,7441,sitagliptine
16748,7441,metformine chlorhydrate
16749,7442,Sitagliptine
16750,7442,Metformine chlorhydrate
16751,7442,sitagliptine chlorhydrate monohydrate
16752,7442,metformine chlorhydrate
16753,7443,Sitagliptine
16754,7443,Metformine chlorhydrate
16755,7443,sitagliptine chlorhydrate monohydrate
16756,7443,metformine chlorhydrate
16757,7444,Sitagliptine
16758,7444,Metformine chlorhydrate
16759,7444,sitagliptine chlorhydrate monohydrate
16760,7444,metformine chlorhydrate
16761,7445,Sitagliptine
16762,7445,Metformine chlorhydrate
16763,7445,sitagliptine chlorhydrate monohydrate
16764,7445,metformine chlorhydrate
16765,7446,Sitagliptine
16766,7446,Metformine chlorhydrate
16767,7446,sitagliptine chlorhydrate monohydrate
16768,7446,metformine chlorhydrate
16769,7447,Sitagliptine
16770,7447,Metformine chlorhydrate
16771,7447,sitagliptine chlorhydrate monohydrate
16772,7447,metformine chlorhydrate
16773,7448,Sitagliptine
16774,7448,Metformine chlorhydrate
16775,7448,sitagliptine chlorhydrate monohydrate
16776,7448,metformine chlorhydrate
16777,7449,sitagliptine chlorhydrate monohydrate
16778,7449,metformine chlorhydrate
16779,7450,Sitagliptine
16780,7450,sitagliptine chlorhydrate monohydrate
16781,7451,Sitagliptine
16782,7451,sitagliptine chlorhydrate monohydrate
16783,7452,Sitagliptine
16784,7452,sitagliptine phosphate monohydrate
16785,7453,Sitagliptine
16786,7453,sitagliptine chlorhydrate monohydrate
16787,7454,Sitagliptine
16788,7454,sitagliptine chlorhydrate
16789,7455,Sitagliptine
16790,7455,sitagliptine malate
16791,7456,Sitagliptine
16792,7456,sitagliptine
16793,7457,Sitagliptine
16794,7457,sitagliptine chlorhydrate monohydrate
16795,7458,Sitagliptine
16796,7458,sitagliptine chlorhydrate
16797,7459,Sitagliptine
16798,7459,sitagliptine chlorhydrate monohydrate
16799,7460,Sitagliptine
16800,7460,sitagliptine chlorhydrate monohydrate
16801,7461,Sitagliptine
16802,7461,sitagliptine chlorhydrate monohydrate
16803,7462,Sitagliptine
16804,7462,sitagliptine chlorhydrate monohydrate
16805,7463,bédaquiline fumarate
16806,7464,tizanidine chlorhydrate
16807,7465,Sitagliptine
16808,7465,sitagliptine chlorhydrate monohydrate
16809,7465,sitagliptine chlorhydrate
16810,7466,Sitagliptine
16811,7466,sitagliptine chlorhydrate monohydrate
16812,7467,octréotide acétate
16813,7468,gentiane racine extrait
16814,7468,primevère fleur extrait
16815,7468,oseille crépue extrait
16816,7468,sureau fleur extrait
16817,7468,verveine extrait
16818,7469,citron essence
16819,7469,thym essence
16820,7469,menthe poivrée essence
16821,7470,belladonna [H]
16822,7470,calcarea carbonica ostrearum [H]
16823,7470,calcarea fluorica [H]
16824,7470,cinnabaris [H]
16825,7470,hepar sulfuris calcareum [H]
16826,7470,hydrastis canadensis [H]
16827,7470,kalium bichromicum [H]
16828,7470,kalium sulfuricum [H]
16829,7470,manganum sulfuricum [H]
16830,7470,sabadilla [H]
16831,7470,silicea [H]
16832,7470,thuya occidentalis [H]
16833,7472,Acénocoumarol
16834,7472,acénocoumarol
16835,7473,Travoprost
16836,7473,travoprost
16837,7474,Simvastatine
16838,7474,simvastatine
16839,7475,Lévodopa
16840,7475,Carbidopa
16841,7475,lévodopa
16842,7475,carbidopa monohydrate
16843,7476,Montélukast
16844,7476,montélukast sel de Na
16845,7477,Simvastatine
16846,7477,simvastatine
16847,7478,Simvastatine
16848,7478,simvastatine
16849,7479,simvastatine
16850,7480,Simvastatine
16851,7480,simvastatine
16852,7481,Simvastatine
16853,7481,simvastatine
16854,7482,Simvastatine
16855,7482,simvastatine
16856,7483,Simvastatine
16857,7483,simvastatine
16858,7484,Simvastatine
16859,7484,simvastatine
16860,7485,Simvastatine
16861,7485,simvastatine
16862,7486,Simvastatine
16863,7486,simvastatine
16864,7487,Simvastatine
16865,7487,simvastatine
16866,7488,Simvastatine
16867,7488,simvastatine
16868,7489,Brinzolamide
16869,7489,Brimonidine tartrate
16870,7489,brinzolamide
16871,7489,brimonidine tartrate
16872,7490,Silodosine
16873,7490,silodosine
16874,7491,Golimumab
16875,7491,golimumab
16876,7492,basiliximab
16877,7493,Simvastatine
16878,7493,simvastatine
16879,7494,Silodosine
16880,7494,silodosine
16881,7495,silodosine
16882,7496,Silodosine
16883,7496,silodosine
16884,7497,Silodosine
16885,7497,silodosine
16886,7498,Silodosine
16887,7498,silodosine
16888,7499,Silodosine
16889,7499,silodosine
16890,7500,Silodosine
16891,7500,silodosine
16892,7501,Silodosine
16893,7501,silodosine
16894,7502,Siméticone
16895,7502,siméticone
16896,7503,Calcitriol
16897,7503,calcitriol
16898,7504,Sildénafil
16899,7504,sildénafil citrate
16900,7505,Sildénafil
16901,7505,sildénafil citrate
16902,7506,Sildénafil
16903,7506,sildénafil citrate
16904,7507,sildénafil citrate
16905,7508,sildénafil citrate
16906,7509,Sildénafil (sous forme de citrate)
16907,7509,sildénafil citrate
16908,7510,Sildénafil (sous forme de citrate)
16909,7510,sildénafil citrate
16910,7511,Sildénafil (sous forme de citrate)
16911,7511,sildénafil citrate
16912,7512,Sildénafil
16913,7512,sildénafil citrate
16914,7513,Sildénafil
16915,7513,sildénafil citrate
16916,7514,Sildénafil
16917,7514,sildénafil citrate
16918,7515,Sildénafil
16919,7515,sildénafil citrate
16920,7516,Sildénafil
16921,7516,sildénafil citrate
16922,7517,hydroxycarbamide
16923,7518,Sildénafil
16924,7518,sildénafil citrate
16925,7519,Sildénafil
16926,7519,sildénafil citrate
16927,7520,Sildénafil
16928,7520,sildénafil citrate
16929,7521,Sildénafil
16930,7521,sildénafil citrate
16931,7522,Carbomère 974 P
16932,7522,carbomère 974 P
16933,7523,Flunarizine
16934,7523,flunarizine dichlorhydrate
16935,7524,potassium citrate
16936,7524,bicarbonate de potassium
16937,7525,Pramipexole
16938,7525,pramipexole dichlorhydrate monohydrate
16939,7526,pasiréotide embonate
16940,7526,pasiréotide diaspartate
16941,7527,Antigène glycoprotéine E du Virus Varicelle-Zona
16942,7527,adjuvant AS01B
16943,7527,antigène glycoprotéine E du virus varicelle-zona
16944,7528,sévoflurane
16945,7529,glycopyrronium bromure
16946,7530,sévoflurane
16947,7531,Morphine sulfate
16948,7531,morphine sulfate
16949,7532,sévélamer carbonate
16950,7533,sévélamer carbonate
16951,7534,sévélamer carbonate
16952,7535,sévélamer carbonate
16953,7536,Olmésartan médoxomil
16954,7536,Amlodipine
16955,7536,olmésartan médoxomil
16956,7536,amlodipine bésilate
16957,7537,Lobelia inflata 5 CH
16958,7537,Staphysagria 15 CH
16959,7537,Caladium seguinum 5 CH
16960,7537,Nux vomica 15 CH
16961,7537,lobelia inflata [H]
16962,7537,staphysagria [H]
16963,7537,caladium seguinum [H]
16964,7537,nux vomica [H]
16965,7538,Ondansétron
16966,7538,ondansétron
16967,7539,sévélamer carbonate
16968,7540,Sertraline
16969,7540,sertraline chlorhydrate
16970,7541,sévélamer carbonate
16971,7542,Sertraline
16972,7542,sertraline chlorhydrate
16973,7543,Sertraline
16974,7543,sertraline chlorhydrate
16975,7544,Sertraline
16976,7544,sertraline chlorhydrate
16977,7545,Sertraline
16978,7545,sertraline chlorhydrate
16979,7546,Sertraline
16980,7546,sertraline chlorhydrate
16981,7547,Sertraline
16982,7547,sertraline chlorhydrate
16983,7548,Sertraline
16984,7548,sertraline chlorhydrate
16985,7549,Sertraline
16986,7549,sertraline chlorhydrate
16987,7550,Sertraline
16988,7550,sertraline chlorhydrate
16989,7551,Sertraline
16990,7551,sertraline chlorhydrate
16991,7552,Sertraline
16992,7552,sertraline chlorhydrate
16993,7553,sertaconazole nitrate
16994,7554,Sertraline
16995,7554,sertraline chlorhydrate
16996,7555,Sertraline
16997,7555,sertraline chlorhydrate
16998,7557,Escitalopram
16999,7557,escitalopram oxalate
17000,7558,Citalopram
17001,7558,citalopram chlorhydrate
17002,7558,citalopram bromhydrate
17003,7559,Oxazépam
17004,7559,oxazépam
17005,7560,serenoa repens
17006,7561,Fluticasone propionate
17007,7561,Salmétérol
17008,7561,fluticasone propionate
17009,7561,salmétérol xinafoate
17010,7562,Salmétérol
17011,7562,salmétérol xinafoate
17012,7563,Hydroquinidine chlorhydrate
17013,7563,hydroquinidine chlorhydrate
17014,7564,Bétahistine dichlorhydrate
17015,7564,bétahistine dichlorhydrate
17016,7565,Chlorhexidine gluconate
17017,7565,chlorhexidine gluconate
17018,7566,Chlorhexidine digluconate
17019,7566,chlorhexidine gluconate solution
17020,7567,hydrocortisone acétate
17021,7567,framycétine sulfate
17022,7568,articaïne chlorhydrate
17023,7568,adrénaline tartrate
17024,7569,Oxyde de zinc
17025,7569,Benzoate de cholestérol
17026,7569,cholestérol benzoate
17027,7569,zinc oxyde
17028,7570,sepia [H]
17029,7570,aloe socotrina [H]
17030,7570,arnica montana [H]
17031,7570,sanguinaria canadensis [H]
17032,7570,collinsonia canadensis [H]
17033,7570,paeonia officinal [H]
17034,7570,aesculus hippocastanum [H]
17035,7570,hamamelis virginiana [H]
17036,7570,aloe [H]
17037,7570,hamamelis [H]
17038,7570,sepia officinal [H]
17039,7571,"Plantain lancéolé, extrait de feuille"
17040,7571,plantain lancéolé feuille extrait mou
17041,7572,acide gadotérique sel de méglumine
17042,7573,Penfluridol
17043,7573,penfluridol
17044,7574,insuline glargine
17045,7575,sélumétinib hydrogénosulfate
17046,7576,Métoprolol succinate
17047,7576,métoprolol succinate
17048,7577,Nalméfène
17049,7577,nalméfène chlorhydrate dihydrate
17050,7579,Chlorure de sodium
17051,7579,sodium chlorure
17052,7580,Métoprolol tartrate
17053,7580,métoprolol tartrate
17054,7581,Pivmecillinam chlorhydrate
17055,7581,pivmecillinam chlorhydrate
17056,7582,sélénite de sodium pentahydrate
17057,7583,sélénite de sodium
17058,7584,Glycopyrronium bromure
17059,7584,glycopyrronium bromure
17060,7585,"Valériane, extrait sec de racine"
17061,7585,valériane extrait sec
17062,7586,Benzocaïne
17063,7586,Énoxolone
17064,7586,Dodéclonium bromure
17065,7586,Esculoside
17066,7586,dodéclonium bromure
17067,7586,esculoside sesquihydrate
17068,7586,énoxolone
17069,7586,benzocaïne
17070,7587,Isothipendyl chlorhydrate
17071,7587,isothipendyl chlorhydrate
17072,7588,Céthexonium bromure
17073,7588,céthexonium bromure
17074,7589,aconitum napellus [H]
17075,7589,belladonna [H]
17076,7589,calendula officinal [H]
17077,7589,chelidonium majus [H]
17078,7589,valeriana officinalis [H]
17079,7589,viburnum opulus [H]
17080,7590,Cétylpyridinium chlorure
17081,7590,cétylpyridinium chlorure
17082,7591,Secnidazole
17083,7591,secnidazole
17084,7592,Ciclopirox olamine
17085,7592,ciclopirox olamine
17086,7593,Éthinylestradiol
17087,7593,Lévonorgestrel
17088,7593,éthinylestradiol
17089,7593,lévonorgestrel
17090,7594,Acébutolol
17091,7594,acébutolol chlorhydrate
17092,7595,foslévodopa
17093,7595,foscarbidopa
17094,7596,scrofularia [H]
17095,7596,mercurius dulcis [H]
17096,7596,anemone pulsatilla [H]
17097,7596,belladonna [H]
17098,7596,phytolacca decandra [H]
17099,7596,conium maculatum [H]
17100,7596,calcarea iodata [H]
17101,7596,solidago virga aurea [H]
17102,7597,immunoglobuline équine antivenin de scorpion : fragments F(ab')2
17103,7598,scopolamine bromhydrate
17104,7599,scopolamine butylbromure
17105,7600,scopolamine butylbromure
17106,7601,alun de chrome
17107,7601,glycérol
17108,7602,Silicea 6 DH
17109,7602,Sulfur 4 DH
17110,7602,Crocus sativus 4 DH
17111,7602,Secale cornutum 4 DH
17112,7602,Crataegus oxyacantha 3 DH
17113,7602,crocus sativus [H]
17114,7602,secale cornutum [H]
17115,7602,silicea [H]
17116,7602,crataegus oxyacantha [H]
17117,7602,sulfur [H]
17118,7603,bésilésomab
17119,7604,Scopolamine
17120,7604,scopolamine
17121,7605,mépivacaïne chlorhydrate
17122,7605,adrénaline
17123,7606,mépivacaïne chlorhydrate
17124,7607,Saxagliptine
17125,7607,saxagliptine chlorhydrate
17126,7608,asciminib chlorhydrate
17127,7609,Liraglutide
17128,7609,liraglutide
17129,7610,Diénogest
17130,7610,diénogest
17131,7611,dexrazoxane chlorhydrate
17132,7612,Arginine aspartate
17133,7612,arginine aspartate
17134,7613,Arginine aspartate
17135,7613,Acide ascorbique (vitamine C)
17136,7613,arginine aspartate
17137,7613,acide ascorbique
17138,7614,isatuximab
17139,7615,saproptérine chlorhydrate
17140,7616,saproptérine chlorhydrate
17141,7617,Paracétamol
17142,7617,paracétamol
17143,7618,saproptérine chlorhydrate
17144,7619,Probénécide
17145,7619,probénécide
17146,7620,"Cassis, feuille"
17147,7620,"Reine-des-prés, fleur"
17148,7620,Callune vulgaire
17149,7620,"Menthe poivrée, feuille"
17150,7620,Romarin
17151,7620,cassis feuille
17152,7620,frêne feuille
17153,7620,thé vert feuille
17154,7621,"Aubépine, sommité fleurie"
17155,7621,"Passiflore, partie aérienne"
17156,7621,"Mélisse, feuille"
17157,7621,aubépine sommité fleurie
17158,7621,passiflore partie aérienne
17159,7621,mélisse feuille
17160,7622,saponaria officinalis [H]
17161,7622,fumaria officinal [H]
17162,7622,sarsaparilla [H]
17163,7622,hydrocotyle asiatica [H]
17164,7622,viola tricolor [H]
17165,7622,rhus vernix [H]
17166,7622,lappa major [H]
17167,7622,berberis vulgaris [H]
17168,7623,anifrolumab
17169,7624,Crataegus oxyacantha TM
17170,7624,Galeopsis ochroleuca TM
17171,7624,Sambucus nigra TM
17172,7624,Lobelia inflata 3 DH
17173,7624,Solidago virga aurea 3 DH
17174,7624,Yerba santa 3 DH.
17175,7624,Belladonna 4 DH
17176,7624,Ephedra vulgaris 4 DH
17177,7624,Ipeca 4 DH
17178,7624,Stramonium 4 DH
17179,7624,Adrenalinum 6 DH
17180,7624,crataegus oxyacantha [H]
17181,7624,galeopsis ochroleuca [H]
17182,7624,sambucus nigra [H]
17183,7624,lobelia inflata [H]
17184,7624,solidago virga aurea [H]
17185,7624,yerba santa [H]
17186,7624,belladonna [H]
17187,7624,ephedra vulgaris [H]
17188,7624,ipéca [H]
17189,7624,stramonium [H]
17190,7624,adrenalinum [H]
17191,7625,Pizotifène
17192,7625,pizotifène malate
17193,7626,ciclosporine
17194,7628,octréotide acétate
17195,7629,triptoréline embonate
17196,7630,tolvaptan
17197,7631,"Salicaire, extrait"
17198,7631,salicaire extrait fluide hydroalcoolique
17199,7632,Fluticasone propionate
17200,7632,Salmétérol
17201,7632,fluticasone propionate
17202,7632,salmétérol xinafoate
17203,7633,salbutamol sulfate
17204,7634,Salbutamol
17205,7634,salbutamol sulfate
17206,7635,salbutamol sulfate
17207,7636,fluticasone propionate
17208,7636,salmétérol xinafoate
17209,7639,salbutamol sulfate
17210,7639,salbutamol
17211,7640,Sulfasalazine
17212,7640,sulfasalazine
17213,7641,salbutamol sulfate
17214,7642,pilocarpine chlorhydrate
17215,7643,Somatropine (hormone de croissance humaine) recombinante
17216,7643,somatropine recombinante
17217,7644,sacituzumab govitecan
17218,7645,Vigabatrine
17219,7645,vigabatrine
17220,7647,sabal serrulata [H]
17221,7648,sabal serrulata [H]
17222,7648,acidum picricum [H]
17223,7648,baryta carbonica [H]
17224,7648,berberis vulgaris [H]
17225,7648,thuya occidentalis [H]
17226,7648,anemone pulsatilla [H]
17227,7648,conium maculatum [H]
17228,7648,thlaspi bursa pastoris [H]
17229,7649,Rupatadine
17230,7649,rupatadine fumarate
17231,7650,Lévocétirizine dichlorhydrate
17232,7650,lévocétirizine dichlorhydrate
17233,7651,daunorubicine
17234,7651,cytarabine
17235,7652,Adalimumab
17236,7652,adalimumab
17237,7653,Ustékinumab
17238,7653,ustékinumab
17239,7654,Yucca filamentosa 2 DH
17240,7654,Carduus marianus 2 DH
17241,7654,Chelidonium majus 3 DH
17242,7654,Taraxacum dens leonis 2 DH
17243,7654,Lycopodium clavatum 4 DH
17244,7654,Nux vomica 4 DH
17245,7654,Absinthium 1 DH
17246,7654,Aloe 4 DH
17247,7654,yucca filamentosa [H]
17248,7654,carduus marianus [H]
17249,7654,chelidonium majus [H]
17250,7654,taraxacum dens leonis [H]
17251,7654,lycopodium clavatum [H]
17252,7654,nux vomica [H]
17253,7654,absinthium [H]
17254,7654,aloe [H]
17255,7655,yttrium-90 chlorure
17256,7656,yttrium-90 chlorure
17257,7657,trabectédine
17258,7658,palopegtériparatide
17259,7659,Yohimbine chlorhydrate
17260,7659,yohimbine chlorhydrate
17261,7660,axicabtagène ciloleucel
17262,7661,Ustékinumab
17263,7661,ustékinumab
17264,7662,"Mauve, feuille"
17265,7662,"Séné, feuille"
17266,7662,"Bourdaine, écorce"
17267,7662,séné feuille
17268,7662,mauve feuille
17269,7663,Bromfénac
17270,7663,bromfénac sodique sesquihydrate
17271,7664,albumine humaine
17272,7665,Éthinylestradiol
17273,7665,Drospirénone
17274,7665,éthinylestradiol bétadex clathrate
17275,7665,drospirénone
17276,7666,ipilimumab
17277,7667,Oxybate de sodium
17278,7667,oxybate de sodium
17279,7668,lidocaïne chlorhydrate
17280,7669,lidocaïne chlorhydrate
17281,7669,adrénaline tartrate
17282,7670,miglustat
17283,7671,lidocaïne chlorhydrate
17284,7671,adrénaline tartrate
17285,7672,Lidocaïne chlorhydrate
17286,7672,lidocaïne chlorhydrate monohydrate
17287,7673,lidocaïne chlorhydrate
17288,7674,lidocaïne
17289,7675,lidocaïne chlorhydrate monohydrate
17290,7675,lidocaïne chlorhydrate anhydre
17291,7676,lidocaïne
17292,7676,cétrimide
17293,7677,lidocaïne chlorhydrate monohydrate
17294,7677,naphazoline nitrate
17295,7678,dalbavancine chlorhydrate
17296,7679,Amoxicilline
17297,7679,amoxicilline sodique
17298,7680,lidocaïne chlorhydrate monohydrate
17299,7680,lidocaïne chlorhydrate
17300,7681,lidocaïne chlorhydrate monohydrate
17301,7681,adrénaline tartrate
17302,7682,Diosmine
17303,7682,diosmine
17304,7683,Insuline dégludec
17305,7683,Liraglutide
17306,7683,insuline dégludec
17307,7683,liraglutide
17308,7684,Enzalutamide
17309,7684,enzalutamide
17310,7685,lisdexamfétamine mésilate
17311,7686,Sildénafil
17312,7686,sildénafil citrate
17313,7687,"Séné, extrait concentré exprimé en Sennoside B"
17314,7687,séné extrait sec
17315,7688,giltéritinib fumarate
17316,7691,Doxylamine succinate
17317,7691,Pyridoxine chlorhydrate (vitamine B6)
17318,7691,doxylamine succinate
17319,7691,pyridoxine chlorhydrate
17320,7692,Aluminium hydroxyde
17321,7692,Magnésium hydroxyde
17322,7692,aluminium hydroxyde gel
17323,7692,magnésium hydroxyde gel
17324,7692,aluminium hydroxyde
17325,7692,magnésium hydroxyde
17326,7693,lidocaïne
17327,7693,cétrimide
17328,7694,Omalizumab
17329,7694,omalizumab
17330,7695,radium-223 dichlorure
17331,7696,ranibizumab
17332,7697,Macrogol (polyéthylèneglycol) 4000
17333,7697,Sulfate de sodium anhydre
17334,7697,Siméticone
17335,7697,Citrate de sodium
17336,7697,Acide citrique
17337,7697,Chlorure de sodium
17338,7697,Chlorure de potassium
17339,7697,macrogol 4000
17340,7697,sodium sulfate anhydre
17341,7697,siméticone
17342,7697,sodium citrate
17343,7697,acide citrique anhydre
17344,7697,sodium chlorure
17345,7697,potassium chlorure
17346,7698,Dapagliflozine
17347,7698,Metformine
17348,7698,dapagliflozine propylèneglycol monohydrate
17349,7698,metformine chlorhydrate
17350,7699,Latanoprost
17351,7699,latanoprost
17352,7700,collagénase de Clostridium histolyticum
17353,7701,sotrovimab
17354,7702,éravacycline
17355,7703,Quétiapine
17356,7703,quétiapine fumarate
17357,7704,dénosumab
17358,7705,olipudase alfa
17359,7706,doxépine chlorhydrate
17360,7707,Orlistat
17361,7707,orlistat
17362,7708,"toxine botulinique type A, sans protéines complexantes"
17363,7709,Palipéridone
17364,7709,palipéridone palmitate
17365,7710,Tétrabénazine
17366,7710,tétrabénazine
17367,7711,immunoglobulines humaines normales
17368,7712,Tofacitinib
17369,7712,tofacitinib citrate
17370,7713,Capécitabine
17371,7713,capécitabine
17372,7714,iobitridol
17373,7715,dénosumab
17374,7716,Alprazolam
17375,7716,alprazolam
17376,7717,Alfuzosine chlorhydrate
17377,7717,alfuzosine chlorhydrate
17378,7718,Rivaroxaban
17379,7718,rivaroxaban
17380,7719,Sitagliptine
17381,7719,sitagliptine phosphate monohydrate
17382,7720,mercaptopurine monohydrate
17383,7721,Calcipotriol
17384,7721,Bétaméthasone
17385,7721,calcipotriol monohydrate
17386,7721,bétaméthasone dipropionate
17387,7722,Latanoprost
17388,7722,latanoprost
17389,7723,Latanoprost
17390,7723,Timolol
17391,7723,latanoprost
17392,7723,timolol maléate
17393,7724,crizotinib
17394,7725,anagrélide chlorhydrate
17395,7727,dénosumab
17396,7728,safinamide mésilate
17397,7729,facteur von Willebrand humain
17398,7729,facteur VIII humain
17399,7730,facteur von Willebrand humain
17400,7731,Ustékinumab
17401,7731,ustékinumab
17402,7732,sotatercept
17403,7733,zinc acétate dihydrate
17404,7734,Atovaquone
17405,7734,atovaquone
17406,7735,belzutifan
17407,7736,volanésorsen sodique
17408,7737,warfarine sodique
17409,7738,Sémaglutide
17410,7738,sémaglutide
17411,7739,antimonium tartaricum [H]
17412,7739,silicea [H]
17413,7740,sulfur [H]
17414,7740,silicea [H]
17415,7741,plumbum metallicum [H]
17416,7741,stannum metallicum [H]
17417,7742,éplontersen sodique
17418,7743,Pitolisant chlorhydrate
17419,7743,pitolisant chlorhydrate
17420,7744,phosphorus [H]
17421,7744,sulfur [H]
17422,7745,levisticum officinale [H]
17423,7745,ovarinum [H]
17424,7746,magnesia phosphorica [H]
17425,7746,tabacum [H]
17426,7747,sambucus nigra [H]
17427,7747,teucrium scorodonia [H]
17428,7747,berberis vulgaris [H]
17429,7747,phosphorus [H]
17430,7748,hypericum perforatum [H]
17431,7748,prunus spinosa [H]
17432,7748,levico [H]
17433,7748,ferrum metallicum [H]
17434,7749,formica rufa [H]
17435,7750,phosphorus [H]
17436,7750,ferrum sidereum [H]
17437,7750,silicea [H]
17438,7751,ferrum phosphoricum [H]
17439,7751,kalium muriaticum [H]
17440,7751,mercurius dulcis [H]
17441,7752,prunus spinosa [H]
17442,7752,ferrum phosphoricum [H]
17443,7752,ferrum sidereum [H]
17444,7753,pancréine [H]
17445,7753,ferrum sidereum [H]
17446,7754,equisetum arvense [H]
17447,7754,formica rufa [H]
17448,7755,cuprum aceticum [H]
17449,7755,zincum valerianicum [H]
17450,7756,cuprum aceticum [H]
17451,7756,rénine [H]
17452,7756,tabacum [H]
17453,7757,cartilago [H]
17454,7757,stannum metallicum [H]
17455,7758,bryophyllum calycinum [H]
17456,7758,ignatia amara [H]
17457,7758,lachesis mutus [H]
17458,7759,bryonia [H]
17459,7759,stannum metallicum [H]
17460,7760,belladonna [H]
17461,7760,silicea [H]
17462,7761,belladonna [H]
17463,7761,lachesis mutus [H]
17464,7762,bryonia [H]
17465,7762,formica rufa [H]
17466,7762,rhus toxicodendron [H]
17467,7763,bryophyllum calycinum [H]
17468,7763,calcarea carbonica ostrearum [H]
17469,7764,aurum metallicum [H]
17470,7764,ferrum sidereum [H]
17471,7765,aurum metallicum [H]
17472,7765,equisetum arvense [H]
17473,7766,vespa crabro [H]
17474,7766,arnica montana [H]
17475,7767,bryonia [H]
17476,7767,gelsemium sempervirens [H]
17477,7767,belladonna [H]
17478,7767,arsenicum album [H]
17479,7767,phosphorus [H]
17480,7768,aurum metallicum [H]
17481,7768,myrrha [H]
17482,7768,olibanum [H]
17483,7769,arnica montana [H]
17484,7769,magnesia phosphorica [H]
17485,7769,formica rufa [H]
17486,7770,arnica montana [H]
17487,7770,equisetum arvense [H]
17488,7771,arnica montana [H]
17489,7771,aurum metallicum [H]
17490,7772,echinacea angustifolia [H]
17491,7772,argentum metallicum [H]
17492,7773,argentum nitricum [H]
17493,7773,belladonna [H]
17494,7773,silicea [H]
17495,7774,argentum metallicum [H]
17496,7774,arnica montana [H]
17497,7774,bambusa [H]
17498,7774,disques vertébraux [H]
17499,7774,formica rufa [H]
17500,7775,arandisite [H]
17501,7775,hepatine [H]
17502,7776,ledum palustre [H]
17503,7776,apis mellifica [H]
17504,7777,phytolacca decandra [H]
17505,7777,belladonna [H]
17506,7777,apis mellifica [H]
17507,7777,kalium bichromicum [H]
17508,7777,mercurius solubilis [H]
17509,7778,berberis vulgaris [H]
17510,7778,silicea [H]
17511,7778,argentum metallicum [H]
17512,7779,apis mellifica [H]
17513,7779,belladonna [H]
17514,7779,bryonia [H]
17515,7779,spongia tosta [H]
17516,7780,apis mellifica [H]
17517,7780,belladonna [H]
17518,7781,arnica montana [H]
17519,7781,apis mellifica [H]
17520,7781,carbo vegetabilis [H]
17521,7781,stannum metallicum [H]
17522,7782,apatite
17523,7782,aurum metallicum [H]
17524,7782,stannum metallicum [H]
17525,7783,antimonium metallicum [H]
17526,7783,marbre [H]
17527,7784,antimonium metallicum [H]
17528,7784,cuprum metallicum [H]
17529,7785,belladonna [H]
17530,7785,chamomilla vulgaris [H]
17531,7785,antimonium metallicum [H]
17532,7785,cuprum sulfuricum [H]
17533,7785,magnesia phosphorica [H]
17534,7785,veratrum album [H]
17535,7786,antimonium metallicum [H]
17536,7786,aurum metallicum [H]
17537,7787,phytolacca decandra [H]
17538,7787,bryonia [H]
17539,7787,apis mellifica [H]
17540,7788,cimicifuga [H]
17541,7788,arnica montana [H]
17542,7788,caulophyllum thalictroides [H]
17543,7788,gelsemium sempervirens [H]
17544,7788,anemone pulsatilla [H]
17545,7789,cimicifuga [H]
17546,7789,caulophyllum thalictroides [H]
17547,7789,gelsemium sempervirens [H]
17548,7789,anemone pulsatilla [H]
17549,7789,ignatia amara [H]
17550,7790,aconitum napellus [H]
17551,7790,gelsemium sempervirens [H]
17552,7790,gnaphalium leontopodium [H]
17553,7790,granit [H]
17554,7790,hmandragora officinarum [H]
17555,7790,rhus toxicodendron [H]
17556,7791,tafamidis micronisé
17557,7791,tafamidis méglumine micronisé
17558,7792,apis mellifica [H]
17559,7792,aurum muriaticum natronatum [H]
17560,7792,avena sativa [H]
17561,7792,hypericum perforatum [H]
17562,7792,ignatia amara [H]
17563,7792,phosphoricum acidum [H]
17564,7793,efgartigimod alfa
17565,7794,tafamidis
17566,7795,eptinezumab
17567,7796,bérémagène géperpavec
17568,7797,Rimégépant
17569,7797,rimégépant sulfate
17570,7798,zolbétuximab
17571,7799,gadopiclénol
17572,7800,vélaglucérase alfa
17573,7801,Diroximel fumarate
17574,7801,diroximel fumarate
17575,7802,vosoritide
17576,7803,danicopan
17577,7804,voxélotor
17578,7805,arum triphyllum [H]
17579,7805,arsenicum album [H]
17580,7805,carbo vegetabilis [H]
17581,7805,erysimum officinale [H]
17582,7805,hepar sulfuris calcareum [H]
17583,7805,manganum peroxydum [H]
17584,7805,olibanum [H]
17585,7805,pimpinella anisum [H]
17586,7806,Sofosbuvir
17587,7806,Velpatasvir
17588,7806,Voxilaprévir
17589,7806,sofosbuvir
17590,7806,velpatasvir
17591,7806,voxilaprévir
17592,7807,pazopanib chlorhydrate
17593,7808,évérolimus
17594,7810,Voriconazole
17595,7811,Voriconazole
17596,7812,Voriconazole
17597,7813,Voriconazole
17598,7814,Voriconazole
17599,7815,glucarpidase
17600,7816,Voriconazole
17601,7817,Voriconazole
17602,7818,Voriconazole
17603,7819,vorasidénib hémicitrate hémihydrate
17604,7820,mélatonine
17605,7824,hydroxyéthylamidon 130000
17606,7824,sodium chlorure
17607,7825,Diclofénac de diéthylamine
17608,7825,diclofénac diéthylamine
17609,7826,facteur VIII humain
17610,7826,facteur von Willebrand humain
17611,7827,Diclofénac sodique
17612,7827,diclofénac sodique
17613,7828,Diclofénac sodique
17614,7828,diclofénac sodique
17615,7829,"Diclofénac, sel de sodium"
17616,7829,diclofénac sodique
17617,7830,Diclofénac de diéthylamine
17618,7830,diclofénac diéthylamine
17619,7830,diclofénac sodique
17620,7831,Diclofénac sodique
17621,7831,diclofénac sodique
17622,7832,Diclofénac de diéthylamine
17623,7832,diclofénac diéthylamine
17624,7833,ambrisentan
17625,7834,Métopimazine
17626,7834,métopimazine
17627,7835,Énoloxone
17628,7835,Lidocaïne chlorhydrate
17629,7835,"Érysimum, extrait sec"
17630,7835,énoxolone
17631,7835,lidocaïne chlorhydrate
17632,7835,erysimum extrait sec aqueux
17633,7836,Travoprost
17634,7836,travoprost
17635,7837,cabotégravir
17636,7837,cabotégravir sodique
17637,7838,Métopimazine
17638,7838,métopimazine
17639,7839,flutémétamol 18F
17640,7840,Latanoprost
17641,7840,latanoprost
17642,7841,Sildénafil citrate
17643,7841,Sildénafil
17644,7841,sildénafil citrate
17645,7841,sildénafil
17646,7842,"Salmonella typhi, souche Ty21a"
17647,7842,salmonella typhi
17648,7843,Alprostadil
17649,7843,alprostadil
17650,7844,nicotinamide
17651,7845,Acide ascorbique (vitamine C)
17652,7845,Ascorbate de sodium
17653,7845,acide ascorbique
17654,7845,sodium ascorbate
17655,7846,larotrectinib sulfate
17656,7847,Estradiol
17657,7847,estradiol hémihydrate
17658,7848,alpha-tocophérol acétate
17659,7850,Phytoménadione (vitamine K1)
17660,7850,phytoménadione
17661,7851,alpha-tocophérol acétate
17662,7852,Colécalciférol (vitamine D3)
17663,7852,colécalciférol
17664,7853,Acide ascorbique (vitamine C)
17665,7853,acide ascorbique
17666,7854,Acide ascorbique (vitamine C)
17667,7854,acide ascorbique
17668,7855,Pyridoxine chlorhydrate (vitamine B6)
17669,7855,pyridoxine chlorhydrate
17670,7856,Acide ascorbique (vitamine C)
17671,7856,acide ascorbique
17672,7856,sodium ascorbate
17673,7857,Cyanocobalamine (vitamine B12)
17674,7857,cyanocobalamine
17675,7858,cyanocobalamine
17676,7859,Cyanocobalamine (vitamine B12)
17677,7859,cyanocobalamine
17678,7860,Cyanocobalamine (vitamine B12)
17679,7860,cyanocobalamine
17680,7861,Cyanocobalamine (vitamine B12)
17681,7861,cyanocobalamine
17682,7862,Cyanocobalamine (vitamine B12)
17683,7862,cyanocobalamine
17684,7863,Thiamine chlorhydrate (vitamine B1)
17685,7863,Pyridoxine chlorhydrate (vitamine B6)
17686,7863,thiamine chlorhydrate
17687,7863,pyridoxine chlorhydrate
17688,7864,Thiamine chlorhydrate (vitamine B1)
17689,7864,thiamine chlorhydrate
17690,7865,Rétinol palmitate (vitamine A)
17691,7865,rétinol palmitate
17692,7866,Cyanocobalamine (vitamine B12)
17693,7866,cyanocobalamine
17694,7867,Rétinol (vitamine A)
17695,7867,rétinol synthétique concentré hydrodispersible
17696,7868,Rétinol (vitamine A)
17697,7868,rétinol synthétique concentré huileux
17698,7869,rétinol
17699,7870,"Ginkgo biloba, extrait"
17700,7870,ginkgo biloba extrait sec de feuille
17701,7871,rétinol palmitate stabilisé
17702,7871,ergocalciférol
17703,7871,dl-alpha-tocophérol
17704,7871,phytoménadione
17705,7872,Picloxydine dichlorhydrate
17706,7872,picloxydine dichlorhydrate
17707,7873,rétinol palmitate stabilisé
17708,7873,ergocalciférol
17709,7873,dl-alpha-tocophérol
17710,7873,phytoménadione
17711,7874,vertéporfine
17712,7876,Toxine botulinique de type A
17713,7876,toxine botulinique type A
17714,7877,Diénogest
17715,7877,diénogest
17716,7878,iodixanol
17717,7879,Pindolol
17718,7879,pindolol
17719,7880,Aciclovir
17720,7880,aciclovir
17721,7881,Ganciclovir
17722,7881,ganciclovir
17723,7882,Trifluridine
17724,7882,trifluridine
17725,7883,Névirapine
17726,7883,névirapine hémihydrate
17727,7883,névirapine
17728,7884,Ténofovir disoproxil
17729,7884,ténofovir disoproxil fumarate
17730,7885,immunoglobulines antivenin de Vipera aspis d'origine équine : fragments F(ab')2
17731,7885,immunoglobulines antivenin de Vipera berus d'origine équine : fragments F(ab')2
17732,7885,immunoglobulines antivenin de Vipera ammodytes d'origine équine : fragments F(ab')2
17733,7886,acides aminés
17734,7886,azote
17735,7887,vinorelbine ditartrate
17736,7888,vinorelbine ditartrate
17737,7889,vinorelbine ditartrate
17738,7890,vinorelbine ditartrate
17739,7891,vincristine sulfate
17740,7892,vincristine sulfate
17741,7893,Lacosamide
17742,7893,lacosamide
17743,7894,vinorelbine ditartrate
17744,7895,élosulfase alfa
17745,7896,Vildagliptine
17746,7896,Metformine chlorhydrate
17747,7896,vildagliptine
17748,7896,metformine chlorhydrate
17749,7897,Vildagliptine
17750,7897,Metformine chlorhydrate
17751,7897,vildagliptine
17752,7897,metformine chlorhydrate
17753,7898,pseudo-particules virales du virus chikungunya
17754,7899,Vildagliptine
17755,7899,Metformine chlorhydrate
17756,7899,vildagliptine
17757,7899,metformine chlorhydrate
17758,7900,Vildagliptine
17759,7900,Metformine chlorhydrate
17760,7900,vildagliptine
17761,7900,metformine chlorhydrate
17762,7901,metformine chlorhydrate
17763,7901,vildagliptine
17764,7902,Vildagliptine
17765,7902,Metformine chlorhydrate
17766,7902,vildagliptine
17767,7902,metformine chlorhydrate
17768,7903,Vildagliptine
17769,7903,Metformine chlorhydrate
17770,7903,vildagliptine
17771,7903,metformine chlorhydrate
17772,7904,Vildagliptine
17773,7904,Metformine chlorhydrate
17774,7904,vildagliptine
17775,7904,metformine chlorhydrate
17776,7905,Vildagliptine
17777,7905,vildagliptine
17778,7906,Vildagliptine
17779,7906,vildagliptine
17780,7907,Vildagliptine
17781,7907,vildagliptine
17782,7908,Vildagliptine
17783,7908,vildagliptine
17784,7909,Vildagliptine
17785,7909,vildagliptine
17786,7910,Vildagliptine
17787,7910,vildagliptine
17788,7911,Vildagliptine
17789,7911,vildagliptine
17790,7912,Vildagliptine
17791,7912,vildagliptine
17792,7913,Vildagliptine
17793,7913,vildagliptine
17794,7915,azacitidine
17795,7916,SARS-CoV-2 protéine Spike recombinante
17796,7917,Camphre
17797,7917,"Térébenthine, huile essentielle"
17798,7917,Lévomenthol
17799,7917,"Eucalyptus, huile essentielle"
17800,7917,Thymol
17801,7917,camphre
17802,7917,térébenthine essence
17803,7917,lévomenthol
17804,7917,eucalyptus essence
17805,7917,thymol
17806,7918,Liraglutide
17807,7918,liraglutide
17808,7919,Loflazépate d'éthyle
17809,7919,loflazépate d'éthyle
17810,7920,Guaïfénésine
17811,7920,guaïfénésine
17812,7921,doxycycline hyclate
17813,7922,Camphre
17814,7922,Lévomenthol
17815,7922,camphre racémique
17816,7922,lévomenthol
17817,7923,Sildénafil citrate
17818,7923,sildénafil citrate
17819,7924,albumine humaine
17820,7925,cocculus indicus [H]
17821,7925,vinca minor [H]
17822,7925,zincum valerianicum [H]
17823,7925,nux vomica [H]
17824,7925,anemone pulsatilla [H]
17825,7925,argentum nitricum [H]
17826,7925,glonoinum [H]
17827,7925,belladonna [H]
17828,7925,petroleum [H]
17829,7926,Solifénacine succinate
17830,7926,solifénacine succinate
17831,7927,vonicog alfa
17832,7928,Voriconazole
17833,7929,trétinoïne
17834,7930,Acide salicylique
17835,7930,Acide lactique
17836,7930,acide lactique
17837,7930,acide salicylique
17838,7931,Lidocaïne
17839,7931,lidocaïne
17840,7932,Antimonium crudum 9 CH
17841,7932,Nitricum acidum 9 CH
17842,7932,Thuya occidentalis 9 CH
17843,7932,antimonium crudum [H]
17844,7932,acidum nitricum [H]
17845,7932,thuya occidentalis [H]
17846,7933,abémaciclib
17847,7934,pipobroman
17848,7935,fibrinogène humain
17849,7935,thrombine humaine
17850,7936,ciclosporine
17851,7937,mébendazole
17852,7938,Clotiazépam
17853,7938,clotiazépam
17854,7939,Vérapamil chlorhydrate
17855,7939,vérapamil chlorhydrate
17856,7940,Vérapamil chlorhydrate
17857,7940,vérapamil chlorhydrate
17858,7941,Vérapamil chlorhydrate
17859,7941,vérapamil chlorhydrate
17860,7942,Vérapamil chlorhydrate
17861,7942,vérapamil chlorhydrate
17862,7943,fézolinétant
17863,7944,Vérapamil chlorhydrate
17864,7944,vérapamil chlorhydrate
17865,7945,Vérapamil chlorhydrate
17866,7945,vérapamil chlorhydrate
17867,7946,Salbutamol
17868,7946,salbutamol sulfate
17869,7947,hélium
17870,7947,monoxyde de carbone
17871,7948,hydroxyde ferrique-saccharose
17872,7949,naloxone chlorhydrate dihydrate
17873,7950,Salbutamol
17874,7950,salbutamol sulfate
17875,7951,iloprost trométamol
17876,7952,salbutamol
17877,7953,venlafaxine chlorhydrate
17878,7954,Venlafaxine
17879,7954,venlafaxine chlorhydrate
17880,7955,Oxytétracycline chlorhydrate
17881,7955,Polymyxine B sulfate
17882,7955,Nystatine
17883,7955,Dexaméthasone phosphate sodique
17884,7955,venlafaxine chlorhydrate
17885,7956,Venlafaxine
17886,7956,venlafaxine chlorhydrate
17887,7957,Venlafaxine
17888,7957,venlafaxine chlorhydrate
17889,7958,Venlafaxine
17890,7958,venlafaxine chlorhydrate
17891,7959,Venlafaxine
17892,7959,venlafaxine chlorhydrate
17893,7960,Venlafaxine
17894,7960,venlafaxine chlorhydrate
17895,7961,Venlafaxine
17896,7961,venlafaxine chlorhydrate
17897,7962,Venlafaxine
17898,7962,venlafaxine chlorhydrate
17899,7963,Venlafaxine
17900,7963,venlafaxine chlorhydrate
17901,7964,Venlafaxine
17902,7964,venlafaxine chlorhydrate
17903,7965,Venlafaxine
17904,7965,venlafaxine chlorhydrate
17905,7966,Venlafaxine
17906,7966,venlafaxine chlorhydrate
17907,7967,Venlafaxine
17908,7967,venlafaxine chlorhydrate
17909,7968,Venlafaxine
17910,7968,venlafaxine chlorhydrate
17911,7969,Venlafaxine
17912,7969,venlafaxine chlorhydrate
17913,7970,Venlafaxine
17914,7970,venlafaxine chlorhydrate
17915,7971,Diosmine
17916,7971,diosmine
17917,7972,Vénétoclax
17918,7972,vénétoclax
17919,7973,venlafaxine chlorhydrate
17920,7974,patiromère sorbitex calcique
17921,7975,étrasimod arginine
17922,7976,oxyhydroxyde sucro-ferrique
17923,7977,Sitagliptine
17924,7977,Metformine chlorhydrate
17925,7977,sitagliptine phosphate monohydrate
17926,7977,metformine chlorhydrate
17927,7978,Acide ascorbique (vitamine C)
17928,7978,Alpha-tocophérol acétate (vitamine E)
17929,7978,Rutoside
17930,7978,acide ascorbique
17931,7978,alpha-tocophérol acétate
17932,7978,rutoside
17933,7979,bortézomib
17934,7980,époprosténol sel de Na
17935,7981,vinblastine sulfate
17936,7982,remdésivir
17937,7983,bévacizumab
17938,7984,Éthylmorphine (codéthyline) chlorhydrate
17939,7984,"Grindélia, teinture"
17940,7984,éthylmorphine chlorhydrate
17941,7984,grindélia teinture
17942,7985,Troxérutine
17943,7985,troxérutine
17944,7986,tocofersolan
17945,7987,panitumumab
17946,7988,solifénacine succinate
17947,7988,tamsulosine chlorhydrate
17948,7989,Adénovirus de chimpanzé codant pour la glycoprotéine Spike du SARS-CoV-2
17949,7989,adénovirus de chimpanzé codant pour la glycoprotéine spike du SARS-CoV-2
17950,7990,almitrine dimésilate
17951,7991,"Polyosides de 15 types différents de Streptococcus pneumoniae (sérotypes 1, 3, 4, 5, 6A, 6B, 7F, 9V, 14, 18C, 19A, 19F, 22F, 23F et 33F)"
17952,7991,polyoside pneumococcique sérotype 1
17953,7991,polyoside pneumococcique sérotype 3
17954,7991,polyoside pneumococcique sérotype 4
17955,7991,polyoside pneumococcique sérotype 5
17956,7991,polyoside pneumococcique sérotype 6A
17957,7991,polyoside pneumococcique sérotype 6B
17958,7991,polyoside pneumococcique sérotype 7F
17959,7991,polyoside pneumococcique sérotype 9V
17960,7991,polyoside pneumococcique sérotype 14
17961,7991,polyoside pneumococcique sérotype 18C
17962,7991,polyoside pneumococcique sérotype 19A
17963,7991,polyoside pneumococcique sérotype 19F
17964,7991,polyoside pneumococcique sérotype 22F
17965,7991,polyoside pneumococcique sérotype 23F
17966,7991,polyoside pneumococcique sérotype 33F
17967,7991,protéine CRM-197 de Corynebacterium diphteriae
17968,7992,Souche vivante atténuée de vibrions cholériques de sérogroupes O1
17969,7992,Vibrio cholerae vivant atténué souche CVD 103-HgR
17970,7993,2 souches de virus grippaux inactivés de type A (H1N1 et H3N2) et 1 souche de virus grippaux inactivés de type B
17971,7993,virus grippal inactivé fragmenté trivalent
17972,7994,Anatoxine diphtérique
17973,7994,Anatoxine tétanique
17974,7994,"Virus poliomyélitiques inactivés de type 1, 2 et 3"
17975,7994,Antigènes coquelucheux
17976,7994,Antigène de l'hépatite B
17977,7994,Polyoside d'Haemophilus influenzae b conjugué à la protéine tétanique
17978,7994,anatoxine diphtérique
17979,7994,anatoxine tétanique
17980,7994,anatoxine de Bordetella pertussis
17981,7994,hémagglutinine filamenteuse de Bordetella pertussis
17982,7994,pertactine de Bordetella pertussis
17983,7994,fimbriae types 2 + 3 de Bordetella pertussis
17984,7994,antigène de surface du virus de l'hépatite B
17985,7994,virus poliomyélitique inactivé type 1
17986,7994,virus poliomyélitique inactivé type 2
17987,7994,virus poliomyélitique inactivé type 3
17988,7994,polyoside Haemophilus influenzae type b - protéine méningococcique
17989,7995,2 souches de virus grippaux inactivés de type A (H1N1 et H3N2) et 2 souches de virus grippaux inactivés de type B
17990,7995,"virus grippal inactivé, fragmenté"
17991,7995,virus grippal
17992,7997,Gomenol (huile essentielle de Melaleuca quinquenervia)
17993,7997,Vaseline
17994,7997,niaouli essence
17995,7998,Trimétazidine dichlorhydrate
17996,7998,trimétazidine dichlorhydrate
17997,7999,Pravastatine sodique
17998,7999,pravastatine sodique
17999,8000,Vaseline
18000,8000,vaseline
18001,8001,Éthinylestradiol
18002,8001,Désogestrel
18003,8001,désogestrel
18004,8001,éthinylestradiol
18005,8002,albumine humaine d'origine plasmatique
18006,8003,Éthinylestradiol
18007,8003,Désogestrel
18008,8003,désogestrel
18009,8003,éthinylestradiol
18010,8004,immunoglobulines humaines anti-VZV
18011,8005,Virus vivants atténués de la varicelle (souche Oka/Merck)
18012,8005,virus vivants atténués de la varicelle souche OKA
18013,8006,Croton tiglium 9 CH
18014,8006,Mezereum 15 CH
18015,8006,Rhus toxicodendron 15 CH
18016,8006,croton tiglium [H]
18017,8006,mezereum [H]
18018,8006,rhus toxicodendron [H]
18019,8007,Virus vivants atténués de la varicelle (souche OKA)
18020,8007,virus vivants atténués de la varicelle souche OKA
18021,8009,Vardénafil
18022,8009,vardénafil chlorhydrate trihydrate
18023,8010,Vardénafil
18024,8010,vardénafil chlorhydrate trihydrate
18025,8011,Antigène de l'hépatite A (souche CR326F)
18026,8011,virus de l'hépatite A inactivé
18027,8012,Vardénafil
18028,8012,vardénafil chlorhydrate trihydrate
18029,8013,Vardénafil
18030,8013,vardénafil chlorhydrate
18031,8014,Vardénafil
18032,8014,vardénafil chlorhydrate trihydrate
18033,8015,éflornithine chlorhydrate monohydrate
18034,8016,vancomycine chlorhydrate
18035,8017,vancomycine chlorhydrate
18036,8018,vancomycine chlorhydrate
18037,8019,quizartinib dichlorhydrate
18038,8020,acides aminés
18039,8020,azote
18040,8021,Valsartan
18041,8021,Hydrochlorothiazide
18042,8021,valsartan
18043,8021,hydrochlorothiazide
18044,8022,Valsartan
18045,8022,Hydrochlorothiazide
18046,8022,valsartan
18047,8022,hydrochlorothiazide
18048,8023,Valsartan
18049,8023,Hydrochlorothiazide
18050,8023,valsartan
18051,8023,hydrochlorothiazide
18052,8024,vancomycine chlorhydrate
18053,8025,valsartan
18054,8025,hydrochlorothiazide
18055,8026,valsartan
18056,8026,hydrochlorothiazide
18057,8027,Valsartan
18058,8027,Hydrochlorothiazide
18059,8027,valsartan
18060,8027,hydrochlorothiazide
18061,8028,Valsartan
18062,8028,Hydrochlorothiazide
18063,8028,valsartan
18064,8028,hydrochlorothiazide
18065,8029,Valsartan
18066,8029,Hydrochlorothiazide
18067,8029,valsartan
18068,8029,hydrochlorothiazide
18069,8030,Valsartan
18070,8030,Hydrochlorothiazide
18071,8030,valsartan
18072,8030,hydrochlorothiazide
18073,8031,Valsartan
18074,8031,Hydrochlorothiazide
18075,8031,valsartan
18076,8031,hydrochlorothiazide
18077,8032,Valsartan
18078,8032,Hydrochlorothiazide
18079,8032,valsartan
18080,8032,hydrochlorothiazide
18081,8033,Valsartan
18082,8033,Hydrochlorothiazide
18083,8033,valsartan
18084,8033,hydrochlorothiazide
18085,8034,Valsartan
18086,8034,Hydrochlorothiazide
18087,8034,valsartan
18088,8034,hydrochlorothiazide
18089,8035,Valsartan
18090,8035,valsartan
18091,8036,Valsartan
18092,8036,valsartan
18093,8037,Valsartan
18094,8037,valsartan
18095,8038,Valsartan
18096,8038,valsartan
18097,8039,Valsartan
18098,8039,valsartan
18099,8040,Valsartan
18100,8040,valsartan
18101,8041,Valsartan
18102,8041,valsartan
18103,8042,Valsartan
18104,8042,valsartan
18105,8043,Valsartan
18106,8043,valsartan
18107,8044,Valsartan
18108,8044,valsartan
18109,8045,Valsartan
18110,8045,valsartan
18111,8046,Valproate de sodium
18112,8046,valproate de sodium
18113,8047,Valproate de sodium
18114,8047,valproate de sodium
18115,8048,Valproate de sodium
18116,8048,valproate de sodium
18117,8049,Valsartan
18118,8049,valsartan
18119,8050,Valproate de sodium
18120,8050,valproate de sodium
18121,8051,Valproate de sodium
18122,8051,valproate de sodium
18123,8052,valproate de sodium
18124,8053,valganciclovir chlorhydrate
18125,8054,Diazépam
18126,8054,diazépam
18127,8055,valganciclovir chlorhydrate
18128,8056,valganciclovir chlorhydrate
18129,8057,valganciclovir chlorhydrate
18130,8058,valganciclovir chlorhydrate
18131,8059,valganciclovir chlorhydrate
18132,8060,valganciclovir chlorhydrate
18133,8061,valganciclovir chlorhydrate
18134,8062,valganciclovir chlorhydrate
18135,8063,Avena sativa TM
18136,8063,"Coffea tosta, décocté 60 DH"
18137,8063,Humulus lupulus TM
18138,8063,Passiflora incarnata TM
18139,8063,"Valeriana officinalis, décocté TM"
18140,8063,avena sativa [H]
18141,8063,coffea tosta [H]
18142,8063,houblon
18143,8063,passiflora incarnata [H]
18144,8063,valeriana officinalis [H]
18145,8064,Agomélatine
18146,8064,agomélatine
18147,8065,Valaciclovir
18148,8065,valaciclovir chlorhydrate
18149,8066,Valaciclovir
18150,8066,valaciclovir chlorhydrate
18151,8067,Valaciclovir
18152,8067,valaciclovir chlorhydrate
18153,8068,Valaciclovir
18154,8068,valaciclovir chlorhydrate
18155,8069,Valaciclovir
18156,8069,valaciclovir chlorhydrate
18157,8070,Valaciclovir
18158,8070,valaciclovir chlorhydrate
18159,8071,Valaciclovir
18160,8071,valaciclovir chlorhydrate
18161,8072,Valaciclovir
18162,8072,valaciclovir chlorhydrate
18163,8073,Valaciclovir
18164,8073,valaciclovir chlorhydrate
18165,8074,Valaciclovir
18166,8074,valaciclovir chlorhydrate
18167,8075,Valaciclovir
18168,8075,valaciclovir chlorhydrate
18169,8076,Valaciclovir
18170,8076,valaciclovir chlorhydrate
18171,8077,Virus de la rage inactivés
18172,8077,virus rabique inactivé souche Wistar Rabies PM/WI 38-1503-3 M
18173,8078,Valaciclovir
18174,8078,valaciclovir chlorhydrate
18175,8079,Estradiol hémihydraté
18176,8079,estradiol
18177,8080,anatoxine diphtérique
18178,8080,anatoxine tétanique
18179,8081,Bacilles de Calmette-Guérin
18180,8081,bCG vivants atténués souche danoise 1331
18181,8082,faricimab
18182,8083,méropénem trihydrate
18183,8083,vaborbactam
18184,8084,Chlorure de déqualinium
18185,8084,déqualinium chlorure
18186,8085,triheptanoïne
18187,8086,Magnésium glycérophosphate
18188,8086,Pyridoxine (vitamine B6) chlorhydrate
18189,8086,magnésium glycérophosphate acide
18190,8086,pyridoxine chlorhydrate
18191,8087,Rétinol (vitamine A)
18192,8087,Ergocalciférol (vitamine D2)
18193,8087,Alpha-tocophérol (vitamine E)
18194,8087,Acide ascorbique (vitamine C)
18195,8087,rétinol synthétique concentré huileux
18196,8087,ergocalciférol
18197,8087,alpha-tocophérol acétate
18198,8087,acide ascorbique
18199,8088,Cholécalciférol (vitamine D3)
18200,8088,colécalciférol
18201,8089,Cholécalciférol (vitamine D3)
18202,8089,colécalciférol
18203,8090,méthoxsalène
18204,8091,Acide ursodésoxycholique
18205,8091,acide ursodésoxycholique
18206,8092,acide ursodésoxycholique
18207,8093,Progestérone
18208,8093,progestérone
18209,8094,Silodosine
18210,8094,silodosine
18211,8095,Flavoxate chlorhydrate
18212,8095,flavoxate chlorhydrate
18213,8096,Colchicum autumnale 1 DH
18214,8096,Bryonia 4 DH
18215,8096,Dulcamara 1 DH
18216,8096,Viscum album TM
18217,8096,Kalium iodatum 4 DH
18218,8096,Aurum muriaticum 8 DH
18219,8096,Silicea 6 DH
18220,8096,Sulfur 4 DH
18221,8096,Natrum salicylicum 3 DH
18222,8096,Solidago virga aurea TM
18223,8096,Mercurius corrosivus 8 DH
18224,8096,colchicum autumnale [H]
18225,8096,bryonia [H]
18226,8096,solanum dulcamara [H]
18227,8096,viscum album [H]
18228,8096,kalium iodatum [H]
18229,8096,aurum muriaticum [H]
18230,8096,silicea [H]
18231,8096,sulfur [H]
18232,8096,natrum salicylicum [H]
18233,8096,solidago virga aurea [H]
18234,8096,mercurius corrosivus [H]
18235,8097,potassium citrate
18236,8098,Clobazam
18237,8098,clobazam
18238,8099,mesna
18239,8100,Urapidil
18240,8100,urapidil
18241,8101,Urapidil
18242,8101,urapidil
18243,8102,Urapidil
18244,8102,urapidil
18245,8103,Urapidil
18246,8103,urapidil
18247,8104,urapidil
18248,8105,urapidil
18249,8106,urapidil
18250,8107,Urapidil
18251,8107,urapidil
18252,8108,Urapidil
18253,8108,urapidil
18254,8109,sélexipag
18255,8110,éladocagène exuparvovec
18256,8111,inébilizumab
18257,8112,Ibuprofène
18258,8112,ibuprofène
18259,8113,Éconazole nitrate
18260,8113,éconazole nitrate
18261,8114,upadacitinib hémihydrate
18262,8115,Chlorure de sodium
18263,8115,sodium chlorure
18264,8116,Povidone
18265,8116,povidone
18266,8117,Ciprofloxacine
18267,8117,ciprofloxacine chlorhydrate
18268,8119,Minoxidil
18269,8119,minoxidil
18270,8120,Insuline humaine biogénétique
18271,8120,insuline humaine biogénétique isophane
18272,8121,Insuline humaine biogénétique
18273,8121,insuline humaine biogénétique isophane biphasique
18274,8122,Insuline humaine biogénétique
18275,8122,insuline humaine biogénétique soluble
18276,8123,Ampicilline
18277,8123,Sulbactam
18278,8123,sulbactam sodique
18279,8123,ampicilline sodique
18280,8124,Alfacalcidol (vitamine D3 hydroxylée)
18281,8124,alfacalcidol
18282,8125,sodium molybdate
18283,8125,alumine
18284,8126,Fluocortolone triméthylacétate
18285,8126,Fluocortolone caproate
18286,8126,Cinchocaïne chlorhydrate
18287,8126,fluocortolone triméthylacétate
18288,8126,fluocortolone caproate
18289,8126,cinchocaïne chlorhydrate
18290,8127,Saccharomyces boulardii
18291,8127,saccharomyces boulardii
18292,8128,Somatropine (hormone de croissance humaine) recombinante
18293,8128,somatropine recombinante
18294,8129,iopromide
18295,8130,prednisolone pivalate
18296,8131,Ulipristal acétate
18297,8131,ulipristal acétate
18298,8132,Indacatérol maléate
18299,8132,Glycopyrronium bromure
18300,8132,indacatérol maléate
18301,8132,glycopyrronium bromure
18302,8133,rémifentanil chlorhydrate
18303,8134,ravulizumab
18304,8135,Ulipristal acétate
18305,8135,ulipristal acétate
18306,8136,ulipristal acétate
18307,8137,Sucralfate
18308,8137,sucralfate
18309,8139,acide carglumique
18310,8141,ubidécarénone
18311,8142,ubidécarénone
18312,8143,articaïne chlorhydrate
18313,8143,adrénaline chlorhydrate
18314,8144,Telmisartan
18315,8144,telmisartan
18316,8146,Venlafaxine
18317,8146,venlafaxine chlorhydrate
18318,8147,Abiratérone acétate
18319,8147,abiratérone acétate
18320,8148,linézolide
18321,8149,Telmisartan
18322,8149,telmisartan
18323,8150,Cétirizine dichlorhydrate
18324,8150,cétirizine dichlorhydrate
18325,8151,Cétirizine dichlorhydrate
18326,8151,cétirizine dichlorhydrate
18327,8152,Olanzapine
18328,8152,olanzapine
18329,8153,Olanzapine
18330,8153,olanzapine
18331,8154,Allopurinol
18332,8154,allopurinol
18333,8155,Colécalciférol (vitamine D3)
18334,8155,colécalciférol
18335,8156,Colécalciférol (vitamine D3)
18336,8156,Fluorure de sodium
18337,8156,colécalciférol
18338,8156,fluorure de sodium
18339,8157,Fluorure de sodium
18340,8157,fluorure de sodium
18341,8158,olanzapine embonate monohydrate
18342,8159,céritinib
18343,8160,Bupropion chlorhydrate
18344,8160,bupropion chlorhydrate
18345,8161,idélalisib
18346,8162,Imiquimod
18347,8162,imiquimod
18348,8163,zileuton
18349,8165,immunoglobulines humaines anti-hépatite B
18350,8166,Aciclovir
18351,8166,aciclovir
18352,8167,buprénorphine chlorhydrate
18353,8167,naloxone chlorhydrate dihydrate
18354,8168,Tramadol chlorhydrate
18355,8168,tramadol chlorhydrate
18356,8170,Virus Varicelle-Zona vivants atténués (souche Oka/Merck)
18357,8170,virus vivants atténués de la varicelle-zona souche OKA
18358,8171,Zopiclone
18359,8171,zopiclone
18360,8172,Zopiclone
18361,8172,zopiclone
18362,8173,méthadone chlorhydrate
18363,8174,Zopiclone
18364,8174,zopiclone
18365,8175,Zopiclone
18366,8175,zopiclone
18367,8176,Zopiclone
18368,8176,zopiclone
18369,8177,Zopiclone
18370,8177,zopiclone
18371,8178,Zopiclone
18372,8178,zopiclone
18373,8179,Zopiclone
18374,8179,zopiclone
18375,8180,Zopiclone
18376,8180,zopiclone
18377,8181,Zopiclone
18378,8181,zopiclone
18379,8182,Ondansétron
18380,8182,ondansétron chlorhydrate dihydrate
18381,8182,ondansétron
18382,8182,ondansétron chlorhydrate
18383,8183,Zopiclone
18384,8183,zopiclone
18385,8184,Zonisamide
18386,8184,zonisamide
18387,8185,zonisamide
18388,8186,Zonisamide
18389,8186,zonisamide
18390,8187,Zonisamide
18391,8187,zonisamide
18392,8188,Zonisamide
18393,8188,zonisamide
18394,8190,Zolmitriptan
18395,8190,zolmitriptan
18396,8191,Diacéréine
18397,8191,diacéréine
18398,8192,Zonisamide
18399,8192,zonisamide
18400,8193,Zolmitriptan
18401,8193,zolmitriptan
18402,8194,acide zolédronique monohydrate
18403,8195,Somatropine recombinante (hormone de croissance humaine)
18404,8195,somatropine recombinante
18405,8196,Oméprazole
18406,8196,oméprazole
18407,8197,doxorubicine chlorhydrate liposomale pégylée
18408,8198,Zolpidem tartrate
18409,8198,zolpidem tartrate
18410,8199,Zolpidem tartrate
18411,8199,zolpidem tartrate
18412,8200,Zolpidem tartrate
18413,8200,zolpidem tartrate
18414,8201,Zolpidem tartrate
18415,8201,zolpidem tartrate
18416,8202,Zolpidem tartrate
18417,8202,zolpidem tartrate
18418,8203,Zolpidem tartrate
18419,8203,zolpidem tartrate
18420,8204,Zolpidem tartrate
18421,8204,zolpidem tartrate
18422,8205,Zolpidem tartrate
18423,8205,zolpidem tartrate
18424,8206,Zolpidem tartrate
18425,8206,zolpidem tartrate
18426,8207,Zolpidem tartrate
18427,8207,zolpidem tartrate
18428,8208,Zolpidem tartrate
18429,8208,zolpidem tartrate
18430,8209,Sertraline
18431,8209,sertraline chlorhydrate
18432,8210,Zolmitriptan
18433,8210,zolmitriptan
18434,8211,Zolmitriptan
18435,8211,zolmitriptan
18436,8212,Zolmitriptan
18437,8212,zolmitriptan
18438,8213,Zolmitriptan
18439,8213,zolmitriptan
18440,8214,Zolmitriptan
18441,8214,zolmitriptan
18442,8215,Zolmitriptan
18443,8215,zolmitriptan
18444,8216,Zolmitriptan
18445,8216,zolmitriptan
18446,8217,Zolmitriptan
18447,8217,zolmitriptan
18448,8218,Zolmitriptan
18449,8218,zolmitriptan
18450,8219,lonafarnib
18451,8220,Goséréline
18452,8220,goséréline acétate
18453,8221,Zolmitriptan
18454,8221,zolmitriptan
18455,8222,Zolmitriptan
18456,8222,zolmitriptan
18457,8223,onasemnogène abéparvovec
18458,8224,Piroxicam
18459,8224,piroxicam
18460,8225,Zofénopril
18461,8225,Hydrochlorothiazide
18462,8225,zofénopril calcique
18463,8225,hydrochlorothiazide
18464,8226,Zofénopril calcique
18465,8226,zofénopril calcique
18466,8227,Estradiol
18467,8227,Nomégestrol acétate
18468,8227,nomégestrol acétate
18469,8227,estradiol hémihydrate
18470,8228,Zofénopril calcium
18471,8228,zofénopril calcique
18472,8229,bévacizumab
18473,8230,bezlotoxumab
18474,8231,Céfuroxime
18475,8231,céfuroxime sel de Na
18476,8231,céfuroxime axétil
18477,8232,Azithromycine
18478,8232,azithromycine dihydrate
18479,8233,Simvastatine
18480,8233,simvastatine
18481,8234,ceftaroline fosamil acétate monohydrate
18482,8235,Clindamycine
18483,8235,clindamycine phosphate
18484,8236,zinc gluconate
18485,8237,lévosimendan
18486,8238,zilucoplan sodique
18487,8239,zilucoplan sodique
18488,8240,pegfilgrastim
18489,8241,zanidatamab
18490,8242,Lisinopril
18491,8242,lisinopril dihydrate
18492,8243,leuproréline acétate
18493,8244,Lisinopril anhydre
18494,8244,Hydrochlorothiazide
18495,8244,lisinopril dihydrate
18496,8244,hydrochlorothiazide
18497,8245,Abacavir
18498,8245,abacavir sulfate
18499,8247,Infliximab
18500,8247,infliximab
18501,8248,ceftolozane sulfate
18502,8248,tazobactam sodique
18503,8250,Elbasvir
18504,8250,Grazoprévir
18505,8250,elbasvir
18506,8250,grazoprévir
18507,8251,trastuzumab
18508,8252,Gelsemium sempervirens 9 CH
18509,8252,Ignatia amara 9 CH
18510,8252,Kalium phosphoricum 15 CH
18511,8252,gelsemium sempervirens [H]
18512,8252,ignatia amara [H]
18513,8252,kalium phosphoricum [H]
18514,8253,Valaciclovir
18515,8253,valaciclovir chlorhydrate
18516,8254,ziprasidone chlorhydrate monohydrate
18517,8255,Albendazole
18518,8255,albendazole
18519,8256,Rosuvastatine
18520,8256,rosuvastatine calcique
18521,8257,Vémurafénib
18522,8257,vémurafénib succinate d'acétate d'hypromellose
18523,8258,Gelsémium 15 CH
18524,8258,Nux vomica 15 CH
18525,8258,gelsemium sempervirens [H]
18526,8258,nux vomica [H]
18527,8258,phosphoricum acidum [H]
18528,8260,Niraparib
18529,8260,niraparib tosilate monohydrate
18530,8261,Eslicarbazépine
18531,8261,eslicarbazépine acétate
18532,8262,ceftazidime pentahydrate
18533,8262,avibactam sodique
18534,8263,miglustat
18535,8264,Lamivudine
18536,8264,lamivudine
18537,8265,Clarithromycine
18538,8265,clarithromycine lactobionate
18539,8265,clarithromycine
18540,8266,Éthosuximide
18541,8266,éthosuximide
18542,8267,streptozocine
18543,8268,Lercanidipine chlorhydrate
18544,8268,lercanidipine chlorhydrate
18545,8269,filgrastim
18546,8270,idarubicine chlorhydrate
18547,8273,Énalapril maléate
18548,8273,Lercanidipine chlorhydrate
18549,8273,énalapril maléate
18550,8273,lercanidipine chlorhydrate
18551,8274,Clindamycine
18552,8274,Trétinoïne
18553,8274,clindamycine phosphate
18554,8274,trétinoïne
18555,8275,hexamidine di-isétionate
18556,8276,Tramadol chlorhydrate
18557,8276,tramadol chlorhydrate
18558,8277,aflibercept
18559,8278,Kétotifène
18560,8278,kétotifène fumarate
18561,8279,sufentanil citrate
18562,8280,Kétotifène
18563,8280,kétotifène fumarate
18564,8281,Tramadol chlorhydrate
18565,8281,Paracétamol
18566,8281,tramadol chlorhydrate
18567,8281,paracétamol
18568,8282,Néfopam chlorhydrate
18569,8282,néfopam chlorhydrate
18570,8283,Kétotifène
18571,8283,kétotifène fumarate
18572,8284,Olanzapine
18573,8284,olanzapine
18574,8285,Kétotifène
18575,8285,kétotifène fumarate
18576,8286,Insuline humaine biogénétique combinée à la protamine
18577,8286,insuline humaine biogénétique isophane
18578,8287,nilotinib chlorhydrate
18579,8288,Cabergoline
18580,8288,cabergoline
18581,8289,cabergoline
18582,8290,cabergoline
18583,8291,cabergoline
18584,8292,odévixibat sesquihydrate
18585,8293,cabazitaxel
18586,8294,cabazitaxel
18587,8295,cabazitaxel
18588,8296,cabazitaxel acétate d'éthyle
18589,8297,cabazitaxel
18590,8298,cabazitaxel
18591,8299,cabazitaxel monohydrate
18592,8300,cabazitaxel
18593,8301,rémimazolam bésilate
18594,8302,Exénatide
18595,8302,exénatide
18596,8303,busulfan
18597,8304,Exénatide
18598,8304,exénatide
18599,8305,buprénorphine
18600,8306,busulfan
18601,8307,busulfan
18602,8308,busulfan
18603,8309,Buspirone chlorhydrate
18604,8309,buspirone chlorhydrate
18605,8310,Buspirone chlorhydrate
18606,8310,buspirone chlorhydrate
18607,8311,Bumétanide
18608,8311,bumétanide
18609,8312,Bimatoprost
18610,8312,Timolol
18611,8312,bimatoprost
18612,8312,timolol maléate
18613,8313,Buprénorphine
18614,8313,Naloxone
18615,8313,buprénorphine chlorhydrate
18616,8313,naloxone chlorhydrate dihydrate
18617,8314,Bimatoprost
18618,8314,Timolol
18619,8314,bimatoprost
18620,8314,timolol maléate
18621,8315,Bimatoprost
18622,8315,Timolol
18623,8315,bimatoprost
18624,8315,timolol maléate
18625,8316,Bimatoprost
18626,8316,Timolol
18627,8316,bimatoprost
18628,8316,timolol maléate
18629,8317,Bimatoprost
18630,8317,Timolol
18631,8317,bimatoprost
18632,8317,timolol maléate
18633,8318,Bimatoprost
18634,8318,bimatoprost
18635,8319,Bimatoprost
18636,8319,bimatoprost
18637,8320,Bimatoprost
18638,8320,bimatoprost
18639,8321,Bimatoprost
18640,8321,bimatoprost
18641,8322,Bimatoprost
18642,8322,bimatoprost
18643,8323,Praziquantel
18644,8323,praziquantel
18645,8324,Atropinum sulfuricum 3 DH
18646,8324,Lycopodium clavatum 3 DH
18647,8324,Salicylicum acidum 2 DH
18648,8324,Natrum muriaticum 2 DH
18649,8324,Natrum phosphoricum 1 DH
18650,8324,Natrum carbonicum 2 DH
18651,8324,Curcuma 2 DH
18652,8324,atropinum sulfuricum [H]
18653,8324,lycopodium clavatum [H]
18654,8324,acide salicylicum [H]
18655,8324,natrum muriaticum [H]
18656,8324,natrum phosphoricum [H]
18657,8324,natrum carbonicum [H]
18658,8324,curcuma
18659,8325,Bilinum 8 DH
18660,8325,Atropinum sulfuricum 5 DH
18661,8325,Cholesterinum 8 DH
18662,8325,Magnesia phosphorica 3 DH
18663,8325,Podophyllum peltatum 4 DH
18664,8325,bilinum [H]
18665,8325,atropinum sulfuricum [H]
18666,8325,cholesterinum [H]
18667,8325,magnesia phosphorica [H]
18668,8325,podophyllum peltatum [H]
18669,8326,Bilastine
18670,8326,bilastine
18671,8327,Bilastine
18672,8327,bilastine
18673,8328,Bilastine
18674,8328,bilastine
18675,8329,Bilastine
18676,8329,bilastine
18677,8330,Bilastine
18678,8330,bilastine
18679,8331,Bilastine
18680,8331,bilastine
18681,8332,Bilastine
18682,8332,bilastine
18683,8333,Bilastine
18684,8333,bilastine
